ISO-10303-21;
HEADER;
FILE_DESCRIPTION (( 'STEP AP214' ),
    '1' );
FILE_NAME ('C & K COMPONENTS SD02H0B.STEP',
    '2025-09-09T10:14:03',
    ( '' ),
    ( '' ),
    'SwSTEP 2.0',
    'SolidWorks 2023',
    '' );
FILE_SCHEMA (( 'AUTOMOTIVE_DESIGN' ));
ENDSEC;

DATA;
#1 = CARTESIAN_POINT ( 'NONE',  ( -0.5200000000000000178, 1.470000000000000417, 3.665516011480168146 ) ) ;
#2 = STYLED_ITEM ( 'NONE', ( #1683 ), #1096 ) ;
#3 = DIRECTION ( 'NONE',  ( 6.141068999935581617E-18, -0.04531309127232125561, -0.9989728343450317016 ) ) ;
#4 = ORIENTED_EDGE ( 'NONE', *, *, #2951, .F. ) ;
#5 = SURFACE_STYLE_USAGE ( .BOTH. , #3960 ) ;
#6 = DIRECTION ( 'NONE',  ( 0.000000000000000000, 0.000000000000000000, 1.000000000000000000 ) ) ;
#7 = ORIENTED_EDGE ( 'NONE', *, *, #4035, .T. ) ;
#8 =( GEOMETRIC_REPRESENTATION_CONTEXT ( 3 ) GLOBAL_UNCERTAINTY_ASSIGNED_CONTEXT ( ( #1599 ) ) GLOBAL_UNIT_ASSIGNED_CONTEXT ( ( #542, #2144, #135 ) ) REPRESENTATION_CONTEXT ( 'NONE', 'WORKASPACE' ) );
#9 = DIRECTION ( 'NONE',  ( -0.000000000000000000, -0.000000000000000000, -1.000000000000000000 ) ) ;
#10 = EDGE_CURVE ( 'NONE', #1116, #3861, #1615, .T. ) ;
#11 = AXIS2_PLACEMENT_3D ( 'NONE', #1291, #527, #3728 ) ;
#12 =( LENGTH_UNIT ( ) NAMED_UNIT ( * ) SI_UNIT ( .MILLI., .METRE. ) );
#13 = VECTOR ( 'NONE', #921, 1000.000000000000000 ) ;
#14 =( LENGTH_UNIT ( ) NAMED_UNIT ( * ) SI_UNIT ( .MILLI., .METRE. ) );
#15 = UNCERTAINTY_MEASURE_WITH_UNIT (LENGTH_MEASURE( 1.000000000000000082E-05 ), #3958, 'distance_accuracy_value', 'NONE');
#16 = SURFACE_STYLE_USAGE ( .BOTH. , #2383 ) ;
#17 = CARTESIAN_POINT ( 'NONE',  ( 2.020000000000000018, 1.369999999999999885, 3.665516011480168146 ) ) ;
#18 = VERTEX_POINT ( 'NONE', #3468 ) ;
#19 = VECTOR ( 'NONE', #2297, 1000.000000000000000 ) ;
#20 = ADVANCED_FACE ( 'NONE', ( #4328 ), #157, .F. ) ;
#21 = DIRECTION ( 'NONE',  ( -1.000000000000000000, -0.000000000000000000, 0.000000000000000000 ) ) ;
#22 = STYLED_ITEM ( 'NONE', ( #2086 ), #2826 ) ;
#23 = DIRECTION ( 'NONE',  ( -0.000000000000000000, 1.000000000000000000, -0.000000000000000000 ) ) ;
#24 = ORIENTED_EDGE ( 'NONE', *, *, #2400, .F. ) ;
#25 = FILL_AREA_STYLE ('',( #2745 ) ) ;
#26 =( GEOMETRIC_REPRESENTATION_CONTEXT ( 3 ) GLOBAL_UNCERTAINTY_ASSIGNED_CONTEXT ( ( #4796 ) ) GLOBAL_UNIT_ASSIGNED_CONTEXT ( ( #4432, #3961, #2421 ) ) REPRESENTATION_CONTEXT ( 'NONE', 'WORKASPACE' ) );
#27 =( LENGTH_UNIT ( ) NAMED_UNIT ( * ) SI_UNIT ( .MILLI., .METRE. ) );
#28 = UNCERTAINTY_MEASURE_WITH_UNIT (LENGTH_MEASURE( 1.000000000000000082E-05 ), #1707, 'distance_accuracy_value', 'NONE');
#29 = DIRECTION ( 'NONE',  ( 0.000000000000000000, -0.9702957262759971391, 0.2419218955996647880 ) ) ;
#30 = ORIENTED_EDGE ( 'NONE', *, *, #1800, .F. ) ;
#31 = LINE ( 'NONE', #4430, #1625 ) ;
#32 = SURFACE_STYLE_USAGE ( .BOTH. , #1241 ) ;
#33 = LINE ( 'NONE', #796, #494 ) ;
#34 = CARTESIAN_POINT ( 'NONE',  ( 1.545000000000000595, -0.5999999999999998668, 4.249871604293129046 ) ) ;
#35 = EDGE_LOOP ( 'NONE', ( #178, #4989, #492, #4347 ) ) ;
#36 = EDGE_CURVE ( 'NONE', #4662, #2647, #4139, .T. ) ;
#37 = CARTESIAN_POINT ( 'NONE',  ( 3.274999999999999911, 1.719999999999999973, -3.339999999999999858 ) ) ;
#38 = SURFACE_STYLE_USAGE ( .BOTH. , #3670 ) ;
#39 = SURFACE_STYLE_USAGE ( .BOTH. , #1328 ) ;
#40 = ORIENTED_EDGE ( 'NONE', *, *, #5168, .F. ) ;
#41 = DIRECTION ( 'NONE',  ( 0.000000000000000000, 0.000000000000000000, -1.000000000000000000 ) ) ;
#42 = FILL_AREA_STYLE_COLOUR ( '', #2118 ) ;
#43 = VERTEX_POINT ( 'NONE', #3240 ) ;
#44 = ADVANCED_FACE ( 'NONE', ( #4120 ), #132, .F. ) ;
#45 = ADVANCED_FACE ( 'NONE', ( #2206 ), #4078, .F. ) ;
#46 = CARTESIAN_POINT ( 'NONE',  ( 1.545000000000000595, -0.5999999999999998668, -4.249871604293129046 ) ) ;
#47 = SURFACE_STYLE_USAGE ( .BOTH. , #2818 ) ;
#48 = DIRECTION ( 'NONE',  ( -1.353860646563606630E-16, -0.9989728343450317016, -0.04531309127232062417 ) ) ;
#49 = ORIENTED_EDGE ( 'NONE', *, *, #275, .F. ) ;
#50 = CARTESIAN_POINT ( 'NONE',  ( -2.020000000000000018, 1.385859581945312113, 4.015156503500930008 ) ) ;
#51 = AXIS2_PLACEMENT_3D ( 'NONE', #964, #171, #117 ) ;
#52 = EDGE_CURVE ( 'NONE', #2268, #864, #4497, .T. ) ;
#53 = FILL_AREA_STYLE_COLOUR ( '', #3761 ) ;
#54 = ORIENTED_EDGE ( 'NONE', *, *, #3042, .F. ) ;
#55 = COLOUR_RGB ( '',0.2980392156862745057, 0.2980392156862745057, 0.2980392156862745057 ) ;
#56 = SURFACE_STYLE_FILL_AREA ( #1705 ) ;
#57 = CARTESIAN_POINT ( 'NONE',  ( -0.5200000000000002398, 3.370000000000000107, -1.809999999999999165 ) ) ;
#58 = FACE_OUTER_BOUND ( 'NONE', #2304, .T. ) ;
#59 = ORIENTED_EDGE ( 'NONE', *, *, #2184, .T. ) ;
#60 = CARTESIAN_POINT ( 'NONE',  ( -0.5200000000000000178, -0.3257586221349298428, -4.092794962964849681 ) ) ;
#61 = CARTESIAN_POINT ( 'NONE',  ( -3.274999999999999911, 1.719999999999999973, -2.928844164890265223 ) ) ;
#62 = SURFACE_SIDE_STYLE ('',( #2509 ) ) ;
#63 = ORIENTED_EDGE ( 'NONE', *, *, #104, .F. ) ;
#64 = DIRECTION ( 'NONE',  ( -0.000000000000000000, 0.04531309127232063111, -0.9989728343450319237 ) ) ;
#65 = VECTOR ( 'NONE', #281, 1000.000000000000000 ) ;
#66 = LINE ( 'NONE', #3791, #3476 ) ;
#67 = VECTOR ( 'NONE', #2296, 1000.000000000000000 ) ;
#68 = LINE ( 'NONE', #1674, #846 ) ;
#69 = ORIENTED_EDGE ( 'NONE', *, *, #1493, .T. ) ;
#70 = EDGE_CURVE ( 'NONE', #3385, #4516, #3703, .T. ) ;
#71 = CARTESIAN_POINT ( 'NONE',  ( 3.274999999999999911, 3.020000000000000018, 3.339999999999999858 ) ) ;
#72 = PRESENTATION_LAYER_ASSIGNMENT (  '', '', ( #834 ) ) ;
#73 = DIRECTION ( 'NONE',  ( 0.000000000000000000, 0.000000000000000000, 1.000000000000000000 ) ) ;
#74 = CARTESIAN_POINT ( 'NONE',  ( 2.020000000000000018, 1.470000000000000195, -3.665516011480168146 ) ) ;
#75 = SURFACE_STYLE_USAGE ( .BOTH. , #951 ) ;
#76 = AXIS2_PLACEMENT_3D ( 'NONE', #843, #4108, #533 ) ;
#77 = CARTESIAN_POINT ( 'NONE',  ( 2.020000000000000018, 1.470000000000000417, -3.665516011480168146 ) ) ;
#78 = LINE ( 'NONE', #4502, #1031 ) ;
#79 = COLOUR_RGB ( '',1.000000000000000000, 0.1686274509803921684, 0.1686274509803921684 ) ;
#80 = DIRECTION ( 'NONE',  ( 0.8658027586716575685, 0.4998714557841987816, 0.02267401086559878154 ) ) ;
#81 = MECHANICAL_DESIGN_GEOMETRIC_PRESENTATION_REPRESENTATION (  '', ( #3929 ), #3845 ) ;
#82 = VERTEX_POINT ( 'NONE', #2518 ) ;
#83 = SURFACE_STYLE_FILL_AREA ( #3717 ) ;
#84 = ORIENTED_EDGE ( 'NONE', *, *, #2827, .F. ) ;
#85 = VECTOR ( 'NONE', #3133, 1000.000000000000000 ) ;
#86 = DIRECTION ( 'NONE',  ( 0.000000000000000000, 0.000000000000000000, -1.000000000000000000 ) ) ;
#87 = LINE ( 'NONE', #1872, #2853 ) ;
#88 = COLOUR_RGB ( '',0.8941176470588234615, 0.9137254901960784048, 0.9294117647058823817 ) ;
#89 = FACE_OUTER_BOUND ( 'NONE', #3605, .T. ) ;
#90 = VECTOR ( 'NONE', #1669, 1000.000000000000000 ) ;
#91 =( NAMED_UNIT ( * ) PLANE_ANGLE_UNIT ( ) SI_UNIT ( $, .RADIAN. ) );
#92 = ORIENTED_EDGE ( 'NONE', *, *, #1105, .T. ) ;
#93 = EDGE_LOOP ( 'NONE', ( #4672, #3462, #384, #2542, #3664, #1572, #3714, #3192 ) ) ;
#94 = CARTESIAN_POINT ( 'NONE',  ( -0.5200000000000000178, 1.719999999999999973, -2.928844164890265223 ) ) ;
#95 = AXIS2_PLACEMENT_3D ( 'NONE', #1057, #267, #4621 ) ;
#96 = DIRECTION ( 'NONE',  ( -0.000000000000000000, 1.000000000000000000, 0.000000000000000000 ) ) ;
#97 = PLANE ( 'NONE',  #76 ) ;
#98 = CARTESIAN_POINT ( 'NONE',  ( 2.020000000000000018, 1.470000000000000195, 2.866512164179471522 ) ) ;
#99 = PRESENTATION_LAYER_ASSIGNMENT (  '', '', ( #2293 ) ) ;
#100 = FACE_OUTER_BOUND ( 'NONE', #3252, .T. ) ;
#101 = CARTESIAN_POINT ( 'NONE',  ( 2.020000000000000018, 1.385859581945312113, -4.015156503500930008 ) ) ;
#102 = AXIS2_PLACEMENT_3D ( 'NONE', #3028, #5008, #1473 ) ;
#103 = DIRECTION ( 'NONE',  ( 0.000000000000000000, -1.000000000000000000, 0.000000000000000000 ) ) ;
#104 = EDGE_CURVE ( 'NONE', #702, #2761, #3290, .T. ) ;
#105 = DIRECTION ( 'NONE',  ( 0.000000000000000000, 0.000000000000000000, -1.000000000000000000 ) ) ;
#106 = ORIENTED_EDGE ( 'NONE', *, *, #1454, .T. ) ;
#107 = EDGE_CURVE ( 'NONE', #4545, #4219, #2762, .T. ) ;
#108 = FILL_AREA_STYLE_COLOUR ( '', #937 ) ;
#109 = DIRECTION ( 'NONE',  ( 1.000000000000000000, 0.000000000000000000, -0.000000000000000000 ) ) ;
#110 = PLANE ( 'NONE',  #2033 ) ;
#111 = PRESENTATION_STYLE_ASSIGNMENT (( #1439 ) ) ;
#112 = SURFACE_STYLE_USAGE ( .BOTH. , #903 ) ;
#113 = ORIENTED_EDGE ( 'NONE', *, *, #4873, .F. ) ;
#114 =( NAMED_UNIT ( * ) PLANE_ANGLE_UNIT ( ) SI_UNIT ( $, .RADIAN. ) );
#115 = CARTESIAN_POINT ( 'NONE',  ( 0.7199999999999996403, 3.070000000000000284, 0.1499999999999999667 ) ) ;
#116 = CARTESIAN_POINT ( 'NONE',  ( 1.869999999999999662, 3.370000000000000107, -0.8499999999999999778 ) ) ;
#117 = DIRECTION ( 'NONE',  ( 0.000000000000000000, 0.000000000000000000, 1.000000000000000000 ) ) ;
#118 = DIRECTION ( 'NONE',  ( -0.000000000000000000, -1.000000000000000000, -0.000000000000000000 ) ) ;
#119 = CARTESIAN_POINT ( 'NONE',  ( 0.9021260989024346699, -0.5463792282006305623, 4.102802243759191114 ) ) ;
#120 = ADVANCED_FACE ( 'NONE', ( #4920 ), #943, .F. ) ;
#121 = UNCERTAINTY_MEASURE_WITH_UNIT (LENGTH_MEASURE( 1.000000000000000082E-05 ), #3993, 'distance_accuracy_value', 'NONE');
#122 =( NAMED_UNIT ( * ) PLANE_ANGLE_UNIT ( ) SI_UNIT ( $, .RADIAN. ) );
#123 = ORIENTED_EDGE ( 'NONE', *, *, #2635, .F. ) ;
#124 = CARTESIAN_POINT ( 'NONE',  ( 2.020000000000000018, 3.370000000000000107, 1.810000000000000053 ) ) ;
#125 = FACE_OUTER_BOUND ( 'NONE', #3677, .T. ) ;
#126 = FILL_AREA_STYLE ('',( #952 ) ) ;
#127 = DIRECTION ( 'NONE',  ( -1.000000000000000000, -0.000000000000000000, -0.000000000000000000 ) ) ;
#128 =( GEOMETRIC_REPRESENTATION_CONTEXT ( 3 ) GLOBAL_UNCERTAINTY_ASSIGNED_CONTEXT ( ( #1657 ) ) GLOBAL_UNIT_ASSIGNED_CONTEXT ( ( #5062, #4237, #284 ) ) REPRESENTATION_CONTEXT ( 'NONE', 'WORKASPACE' ) );
#129 = EDGE_LOOP ( 'NONE', ( #861, #3600, #869, #1608, #1590, #983, #362, #2200, #3384 ) ) ;
#130 = LINE ( 'NONE', #2931, #4761 ) ;
#131 =( NAMED_UNIT ( * ) SI_UNIT ( $, .STERADIAN. ) SOLID_ANGLE_UNIT ( ) );
#132 = PLANE ( 'NONE',  #11 ) ;
#133 = ORIENTED_EDGE ( 'NONE', *, *, #1559, .F. ) ;
#134 = AXIS2_PLACEMENT_3D ( 'NONE', #3723, #140, #3311 ) ;
#135 =( NAMED_UNIT ( * ) SI_UNIT ( $, .STERADIAN. ) SOLID_ANGLE_UNIT ( ) );
#136 =( GEOMETRIC_REPRESENTATION_CONTEXT ( 3 ) GLOBAL_UNCERTAINTY_ASSIGNED_CONTEXT ( ( #2694 ) ) GLOBAL_UNIT_ASSIGNED_CONTEXT ( ( #3897, #4664, #3438 ) ) REPRESENTATION_CONTEXT ( 'NONE', 'WORKASPACE' ) );
#137 = DIRECTION ( 'NONE',  ( -1.000000000000000000, -0.000000000000000000, -0.000000000000000000 ) ) ;
#138 = PLANE ( 'NONE',  #4440 ) ;
#139 = ORIENTED_EDGE ( 'NONE', *, *, #1271, .T. ) ;
#140 = DIRECTION ( 'NONE',  ( -1.000000000000000000, -0.000000000000000000, -0.000000000000000000 ) ) ;
#141 = FILL_AREA_STYLE_COLOUR ( '', #1948 ) ;
#142 = MECHANICAL_DESIGN_GEOMETRIC_PRESENTATION_REPRESENTATION (  '', ( #2416 ), #2579 ) ;
#143 = CARTESIAN_POINT ( 'NONE',  ( -2.377847908131887955, 3.669000000000000039, 3.026351883076923155 ) ) ;
#144 = CARTESIAN_POINT ( 'NONE',  ( 0.9949999999999995515, -0.5999999999999998668, -4.249871604293129046 ) ) ;
#145 = ORIENTED_EDGE ( 'NONE', *, *, #5097, .T. ) ;
#146 = SURFACE_STYLE_USAGE ( .BOTH. , #419 ) ;
#147 = DIRECTION ( 'NONE',  ( 0.000000000000000000, -0.000000000000000000, -1.000000000000000000 ) ) ;
#148 = AXIS2_PLACEMENT_3D ( 'NONE', #2368, #3503, #1475 ) ;
#149 = VECTOR ( 'NONE', #4831, 1000.000000000000000 ) ;
#150 = VERTEX_POINT ( 'NONE', #2646 ) ;
#151 =( LENGTH_UNIT ( ) NAMED_UNIT ( * ) SI_UNIT ( .MILLI., .METRE. ) );
#152 = SURFACE_STYLE_FILL_AREA ( #126 ) ;
#153 = COLOUR_RGB ( '',0.8941176470588234615, 0.9137254901960784048, 0.9294117647058823817 ) ;
#154 =( NAMED_UNIT ( * ) PLANE_ANGLE_UNIT ( ) SI_UNIT ( $, .RADIAN. ) );
#155 = VERTEX_POINT ( 'NONE', #1021 ) ;
#156 = MECHANICAL_DESIGN_GEOMETRIC_PRESENTATION_REPRESENTATION (  '', ( #4686 ), #5107 ) ;
#157 = PLANE ( 'NONE',  #2611 ) ;
#158 = VERTEX_POINT ( 'NONE', #4685 ) ;
#159 =( LENGTH_UNIT ( ) NAMED_UNIT ( * ) SI_UNIT ( .MILLI., .METRE. ) );
#160 = AXIS2_PLACEMENT_3D ( 'NONE', #3855, #3080, #2710 ) ;
#161 = PRESENTATION_STYLE_ASSIGNMENT (( #3011 ) ) ;
#162 = COLOUR_RGB ( '',0.8941176470588234615, 0.9137254901960784048, 0.9294117647058823817 ) ;
#163 =( LENGTH_UNIT ( ) NAMED_UNIT ( * ) SI_UNIT ( .MILLI., .METRE. ) );
#164 = ORIENTED_EDGE ( 'NONE', *, *, #2884, .T. ) ;
#165 = EDGE_CURVE ( 'NONE', #2057, #2378, #3894, .T. ) ;
#166 =( NAMED_UNIT ( * ) PLANE_ANGLE_UNIT ( ) SI_UNIT ( $, .RADIAN. ) );
#167 = COLOUR_RGB ( '',0.2980392156862745057, 0.2980392156862745057, 0.2980392156862745057 ) ;
#168 = UNCERTAINTY_MEASURE_WITH_UNIT (LENGTH_MEASURE( 1.000000000000000082E-05 ), #3372, 'distance_accuracy_value', 'NONE');
#169 = EDGE_CURVE ( 'NONE', #1051, #1228, #3044, .T. ) ;
#170 = EDGE_CURVE ( 'NONE', #2219, #1942, #4406, .T. ) ;
#171 = DIRECTION ( 'NONE',  ( -1.000000000000000000, -0.000000000000000000, -0.000000000000000000 ) ) ;
#172 = EDGE_CURVE ( 'NONE', #263, #2608, #3837, .T. ) ;
#173 = FILL_AREA_STYLE ('',( #4573 ) ) ;
#174 = STYLED_ITEM ( 'NONE', ( #417 ), #1741 ) ;
#175 = FACE_OUTER_BOUND ( 'NONE', #690, .T. ) ;
#176 = SURFACE_STYLE_USAGE ( .BOTH. , #2175 ) ;
#177 = MECHANICAL_DESIGN_GEOMETRIC_PRESENTATION_REPRESENTATION (  '', ( #2457 ), #3608 ) ;
#178 = ORIENTED_EDGE ( 'NONE', *, *, #3101, .F. ) ;
#179 = UNCERTAINTY_MEASURE_WITH_UNIT (LENGTH_MEASURE( 1.000000000000000082E-05 ), #255, 'distance_accuracy_value', 'NONE');
#180 = ORIENTED_EDGE ( 'NONE', *, *, #2849, .T. ) ;
#181 = CARTESIAN_POINT ( 'NONE',  ( -3.275000000000000355, 3.020000000000000018, -3.339999999999999858 ) ) ;
#182 = VECTOR ( 'NONE', #279, 1000.000000000000000 ) ;
#183 = AXIS2_PLACEMENT_3D ( 'NONE', #993, #4179, #2280 ) ;
#184 =( LENGTH_UNIT ( ) NAMED_UNIT ( * ) SI_UNIT ( .MILLI., .METRE. ) );
#185 = VECTOR ( 'NONE', #857, 1000.000000000000000 ) ;
#186 =( NAMED_UNIT ( * ) SI_UNIT ( $, .STERADIAN. ) SOLID_ANGLE_UNIT ( ) );
#187 = ORIENTED_EDGE ( 'NONE', *, *, #1697, .F. ) ;
#188 = SURFACE_STYLE_FILL_AREA ( #4542 ) ;
#189 =( NAMED_UNIT ( * ) SI_UNIT ( $, .STERADIAN. ) SOLID_ANGLE_UNIT ( ) );
#190 = VERTEX_POINT ( 'NONE', #2283 ) ;
#191 = CARTESIAN_POINT ( 'NONE',  ( -0.5200000000000000178, 1.470000000000000417, -3.665516011480168146 ) ) ;
#192 = CARTESIAN_POINT ( 'NONE',  ( 0.6111325417348305589, -1.844843703379108524, -3.911443125522801267 ) ) ;
#193 = CARTESIAN_POINT ( 'NONE',  ( -2.846155835109721810, -7.036592212525626360E-16, -3.340000000000000302 ) ) ;
#194 = DIRECTION ( 'NONE',  ( -6.141068999935583157E-18, -0.04531309127232126255, 0.9989728343450319237 ) ) ;
#195 = PLANE ( 'NONE',  #531 ) ;
#196 = ORIENTED_EDGE ( 'NONE', *, *, #3266, .T. ) ;
#197 = ADVANCED_FACE ( 'NONE', ( #2696 ), #2622, .F. ) ;
#198 = SURFACE_STYLE_USAGE ( .BOTH. , #3788 ) ;
#199 = CARTESIAN_POINT ( 'NONE',  ( 0.6699999999999997069, 3.370000000000000107, -0.8499999999999999778 ) ) ;
#200 = DIRECTION ( 'NONE',  ( 0.000000000000000000, 0.000000000000000000, -1.000000000000000000 ) ) ;
#201 = FACE_OUTER_BOUND ( 'NONE', #3282, .T. ) ;
#202 = ORIENTED_EDGE ( 'NONE', *, *, #2920, .F. ) ;
#203 = LINE ( 'NONE', #3816, #1862 ) ;
#204 = PRESENTATION_STYLE_ASSIGNMENT (( #3797 ) ) ;
#205 = ADVANCED_FACE ( 'NONE', ( #1491 ), #4215, .F. ) ;
#206 = CARTESIAN_POINT ( 'NONE',  ( 3.274999999999999911, 0.000000000000000000, 2.500000000000000000 ) ) ;
#207 = DIRECTION ( 'NONE',  ( -1.000000000000000000, -0.000000000000000000, -0.000000000000000000 ) ) ;
#208 = ORIENTED_EDGE ( 'NONE', *, *, #726, .T. ) ;
#209 = PRESENTATION_STYLE_ASSIGNMENT (( #1113 ) ) ;
#210 = ORIENTED_EDGE ( 'NONE', *, *, #1180, .T. ) ;
#211 = CARTESIAN_POINT ( 'NONE',  ( -1.545000000000000151, -3.525282470555116898, 3.987667295606982965 ) ) ;
#212 = EDGE_LOOP ( 'NONE', ( #2999, #2069, #92, #4888, #2064 ) ) ;
#213 = CARTESIAN_POINT ( 'NONE',  ( 3.274999999999999911, 1.719999999999999973, 3.339999999999999858 ) ) ;
#214 = PRESENTATION_STYLE_ASSIGNMENT (( #1737 ) ) ;
#215 = ORIENTED_EDGE ( 'NONE', *, *, #4723, .F. ) ;
#216 = CARTESIAN_POINT ( 'NONE',  ( -2.026710916349651725, -1.195658575280343472, 3.881996293786421859 ) ) ;
#217 = DIRECTION ( 'NONE',  ( 0.000000000000000000, -2.713884735720118648E-16, -1.000000000000000000 ) ) ;
#218 = VECTOR ( 'NONE', #844, 1000.000000000000000 ) ;
#219 =( GEOMETRIC_REPRESENTATION_CONTEXT ( 3 ) GLOBAL_UNCERTAINTY_ASSIGNED_CONTEXT ( ( #4733 ) ) GLOBAL_UNIT_ASSIGNED_CONTEXT ( ( #4287, #3453, #296 ) ) REPRESENTATION_CONTEXT ( 'NONE', 'WORKASPACE' ) );
#220 = CARTESIAN_POINT ( 'NONE',  ( 0.9949999999999999956, -3.799999999999999822, 4.000128395706870954 ) ) ;
#221 = PRESENTATION_LAYER_ASSIGNMENT (  '', '', ( #2502 ) ) ;
#222 = UNCERTAINTY_MEASURE_WITH_UNIT (LENGTH_MEASURE( 1.000000000000000082E-05 ), #2082, 'distance_accuracy_value', 'NONE');
#223 = ORIENTED_EDGE ( 'NONE', *, *, #3602, .T. ) ;
#224 = PLANE ( 'NONE',  #1917 ) ;
#225 = UNCERTAINTY_MEASURE_WITH_UNIT (LENGTH_MEASURE( 1.000000000000000082E-05 ), #2040, 'distance_accuracy_value', 'NONE');
#226 = CARTESIAN_POINT ( 'NONE',  ( -2.377847908131887955, 3.669000000000000039, 2.457488747160203157 ) ) ;
#227 = EDGE_LOOP ( 'NONE', ( #4356, #40, #164, #1622 ) ) ;
#228 = CARTESIAN_POINT ( 'NONE',  ( -0.7199999999999995293, 3.669999999999999929, -0.8499999999999999778 ) ) ;
#229 = EDGE_CURVE ( 'NONE', #150, #2800, #3110, .T. ) ;
#230 = CIRCLE ( 'NONE', #5169, 0.1000000000000002554 ) ;
#231 = FILL_AREA_STYLE_COLOUR ( '', #1123 ) ;
#232 =( NAMED_UNIT ( * ) SI_UNIT ( $, .STERADIAN. ) SOLID_ANGLE_UNIT ( ) );
#233 = ORIENTED_EDGE ( 'NONE', *, *, #2314, .T. ) ;
#234 = DIRECTION ( 'NONE',  ( -1.000000000000000000, -0.000000000000000000, -0.000000000000000000 ) ) ;
#235 = DIRECTION ( 'NONE',  ( 1.084202172485504434E-16, 0.000000000000000000, 1.000000000000000000 ) ) ;
#236 = ORIENTED_EDGE ( 'NONE', *, *, #3850, .F. ) ;
#237 = LINE ( 'NONE', #3540, #4181 ) ;
#238 =( LENGTH_UNIT ( ) NAMED_UNIT ( * ) SI_UNIT ( .MILLI., .METRE. ) );
#239 = MECHANICAL_DESIGN_GEOMETRIC_PRESENTATION_REPRESENTATION (  '', ( #2667 ), #404 ) ;
#240 = ORIENTED_EDGE ( 'NONE', *, *, #3051, .T. ) ;
#241 = CARTESIAN_POINT ( 'NONE',  ( 1.545000000000000817, -0.5999999999999998668, 4.105234464979930387 ) ) ;
#242 =( NAMED_UNIT ( * ) SI_UNIT ( $, .STERADIAN. ) SOLID_ANGLE_UNIT ( ) );
#243 =( GEOMETRIC_REPRESENTATION_CONTEXT ( 3 ) GLOBAL_UNCERTAINTY_ASSIGNED_CONTEXT ( ( #4851 ) ) GLOBAL_UNIT_ASSIGNED_CONTEXT ( ( #2045, #5182, #3549 ) ) REPRESENTATION_CONTEXT ( 'NONE', 'WORKASPACE' ) );
#244 = CARTESIAN_POINT ( 'NONE',  ( -0.6699999999999997069, 3.070000000000000284, 0.8499999999999995337 ) ) ;
#245 = EDGE_LOOP ( 'NONE', ( #4725, #3035, #539, #1259 ) ) ;
#246 = AXIS2_PLACEMENT_3D ( 'NONE', #4354, #1455, #1053 ) ;
#247 = PLANE ( 'NONE',  #865 ) ;
#248 = SURFACE_STYLE_FILL_AREA ( #4235 ) ;
#249 = FACE_OUTER_BOUND ( 'NONE', #342, .T. ) ;
#250 = PRESENTATION_LAYER_ASSIGNMENT (  '', '', ( #2680 ) ) ;
#251 = DIRECTION ( 'NONE',  ( 1.353860646563606630E-16, -0.9989728343450317016, 0.04531309127232077683 ) ) ;
#252 = CIRCLE ( 'NONE', #2687, 0.1000000000000002554 ) ;
#253 = PRESENTATION_STYLE_ASSIGNMENT (( #2257 ) ) ;
#254 = ORIENTED_EDGE ( 'NONE', *, *, #3340, .F. ) ;
#255 =( LENGTH_UNIT ( ) NAMED_UNIT ( * ) SI_UNIT ( .MILLI., .METRE. ) );
#256 = CLOSED_SHELL ( 'NONE', ( #4872, #3649, #916, #4103, #730, #44, #3548, #2388, #1972, #3200, #1207, #2138, #1209, #879, #2574 ) ) ;
#257 =( NAMED_UNIT ( * ) SI_UNIT ( $, .STERADIAN. ) SOLID_ANGLE_UNIT ( ) );
#258 = VECTOR ( 'NONE', #4171, 1000.000000000000000 ) ;
#259 = ORIENTED_EDGE ( 'NONE', *, *, #2673, .T. ) ;
#260 = CARTESIAN_POINT ( 'NONE',  ( 1.270000000000000018, -3.513954197737035656, 4.237410504193240612 ) ) ;
#261 = PRESENTATION_LAYER_ASSIGNMENT (  '', '', ( #341 ) ) ;
#262 = LINE ( 'NONE', #4694, #1671 ) ;
#263 = VERTEX_POINT ( 'NONE', #1570 ) ;
#264 = CARTESIAN_POINT ( 'NONE',  ( 0.5200000000000002398, 3.370000000000000107, -1.810000000000000053 ) ) ;
#265 = AXIS2_PLACEMENT_3D ( 'NONE', #2249, #1902, #4314 ) ;
#266 = MECHANICAL_DESIGN_GEOMETRIC_PRESENTATION_REPRESENTATION (  '', ( #3609 ), #3691 ) ;
#267 = DIRECTION ( 'NONE',  ( -0.000000000000000000, 1.000000000000000000, 2.713884735720118648E-16 ) ) ;
#268 = VERTEX_POINT ( 'NONE', #862 ) ;
#269 = DIRECTION ( 'NONE',  ( -1.000000000000000000, -0.000000000000000000, -0.000000000000000000 ) ) ;
#270 = ORIENTED_EDGE ( 'NONE', *, *, #718, .T. ) ;
#271 = ADVANCED_FACE ( 'NONE', ( #759 ), #3944, .F. ) ;
#272 = VECTOR ( 'NONE', #3334, 1000.000000000000000 ) ;
#273 = ADVANCED_FACE ( 'NONE', ( #3546 ), #5152, .F. ) ;
#274 = MECHANICAL_DESIGN_GEOMETRIC_PRESENTATION_REPRESENTATION (  '', ( #4040 ), #356 ) ;
#275 = EDGE_CURVE ( 'NONE', #2371, #4364, #3271, .T. ) ;
#276 = ORIENTED_EDGE ( 'NONE', *, *, #1271, .F. ) ;
#277 = SURFACE_STYLE_FILL_AREA ( #601 ) ;
#278 =( GEOMETRIC_REPRESENTATION_CONTEXT ( 3 ) GLOBAL_UNCERTAINTY_ASSIGNED_CONTEXT ( ( #28 ) ) GLOBAL_UNIT_ASSIGNED_CONTEXT ( ( #1707, #4535, #4959 ) ) REPRESENTATION_CONTEXT ( 'NONE', 'WORKASPACE' ) );
#279 = DIRECTION ( 'NONE',  ( 0.000000000000000000, 0.000000000000000000, 1.000000000000000000 ) ) ;
#280 = EDGE_CURVE ( 'NONE', #770, #2440, #3129, .T. ) ;
#281 = DIRECTION ( 'NONE',  ( 1.000000000000000000, 0.000000000000000000, 0.000000000000000000 ) ) ;
#282 = VECTOR ( 'NONE', #1159, 1000.000000000000000 ) ;
#283 = SURFACE_SIDE_STYLE ('',( #3836 ) ) ;
#284 =( NAMED_UNIT ( * ) SI_UNIT ( $, .STERADIAN. ) SOLID_ANGLE_UNIT ( ) );
#285 = UNCERTAINTY_MEASURE_WITH_UNIT (LENGTH_MEASURE( 1.000000000000000082E-05 ), #1717, 'distance_accuracy_value', 'NONE');
#286 = VERTEX_POINT ( 'NONE', #1742 ) ;
#287 = DIRECTION ( 'NONE',  ( 0.000000000000000000, 2.713884735720118648E-16, 1.000000000000000000 ) ) ;
#288 = EDGE_LOOP ( 'NONE', ( #4906, #1026, #4559, #4308 ) ) ;
#289 =( LENGTH_UNIT ( ) NAMED_UNIT ( * ) SI_UNIT ( .MILLI., .METRE. ) );
#290 = PRESENTATION_STYLE_ASSIGNMENT (( #364 ) ) ;
#291 = DIRECTION ( 'NONE',  ( -0.8658027586716575685, 0.4998714557841987816, 0.02267401086559870174 ) ) ;
#292 = ORIENTED_EDGE ( 'NONE', *, *, #1937, .T. ) ;
#293 = ORIENTED_EDGE ( 'NONE', *, *, #2463, .F. ) ;
#294 = ORIENTED_EDGE ( 'NONE', *, *, #3442, .T. ) ;
#295 = FILL_AREA_STYLE ('',( #3478 ) ) ;
#296 =( NAMED_UNIT ( * ) SI_UNIT ( $, .STERADIAN. ) SOLID_ANGLE_UNIT ( ) );
#297 = ADVANCED_FACE ( 'NONE', ( #4493 ), #4974, .F. ) ;
#298 = SURFACE_STYLE_FILL_AREA ( #3893 ) ;
#299 = DIRECTION ( 'NONE',  ( -1.000000000000000000, 0.000000000000000000, 0.000000000000000000 ) ) ;
#300 = SURFACE_SIDE_STYLE ('',( #1468 ) ) ;
#301 = ORIENTED_EDGE ( 'NONE', *, *, #5143, .T. ) ;
#302 = EDGE_CURVE ( 'NONE', #2716, #309, #545, .T. ) ;
#303 = VERTEX_POINT ( 'NONE', #1692 ) ;
#304 = LINE ( 'NONE', #4715, #5177 ) ;
#305 = VERTEX_POINT ( 'NONE', #2148 ) ;
#306 = FILL_AREA_STYLE ('',( #231 ) ) ;
#307 = PRESENTATION_LAYER_ASSIGNMENT (  '', '', ( #392 ) ) ;
#308 = LINE ( 'NONE', #1535, #663 ) ;
#309 = VERTEX_POINT ( 'NONE', #4518 ) ;
#310 =( GEOMETRIC_REPRESENTATION_CONTEXT ( 3 ) GLOBAL_UNCERTAINTY_ASSIGNED_CONTEXT ( ( #2127 ) ) GLOBAL_UNIT_ASSIGNED_CONTEXT ( ( #389, #811, #3659 ) ) REPRESENTATION_CONTEXT ( 'NONE', 'WORKASPACE' ) );
#311 = ORIENTED_EDGE ( 'NONE', *, *, #1046, .T. ) ;
#312 = SURFACE_SIDE_STYLE ('',( #1462 ) ) ;
#313 = DIRECTION ( 'NONE',  ( -0.000000000000000000, -0.04531309127232079070, 0.9989728343450319237 ) ) ;
#314 = AXIS2_PLACEMENT_3D ( 'NONE', #2248, #194, #4597 ) ;
#315 = FACE_OUTER_BOUND ( 'NONE', #1430, .T. ) ;
#316 = VECTOR ( 'NONE', #3426, 1000.000000000000000 ) ;
#317 = STYLED_ITEM ( 'NONE', ( #3126 ), #3721 ) ;
#318 = VECTOR ( 'NONE', #2142, 1000.000000000000227 ) ;
#319 = AXIS2_PLACEMENT_3D ( 'NONE', #1678, #1579, #469 ) ;
#320 =( NAMED_UNIT ( * ) PLANE_ANGLE_UNIT ( ) SI_UNIT ( $, .RADIAN. ) );
#322 =( LENGTH_UNIT ( ) NAMED_UNIT ( * ) SI_UNIT ( .MILLI., .METRE. ) );
#321 = COLOUR_RGB ( '',0.8941176470588234615, 0.9137254901960784048, 0.9294117647058823817 ) ;
#323 = CARTESIAN_POINT ( 'NONE',  ( 0.5200000000000000178, 1.719999999999999973, 3.665516011480168146 ) ) ;
#324 = EDGE_LOOP ( 'NONE', ( #2605, #3102, #1956, #2272 ) ) ;
#325 = VECTOR ( 'NONE', #1045, 1000.000000000000000 ) ;
#326 = MECHANICAL_DESIGN_GEOMETRIC_PRESENTATION_REPRESENTATION (  '', ( #4858 ), #4521 ) ;
#327 = EDGE_CURVE ( 'NONE', #3274, #1051, #4661, .T. ) ;
#328 = UNCERTAINTY_MEASURE_WITH_UNIT (LENGTH_MEASURE( 1.000000000000000082E-05 ), #2194, 'distance_accuracy_value', 'NONE');
#329 = EDGE_CURVE ( 'NONE', #4640, #4080, #4149, .T. ) ;
#330 = ORIENTED_EDGE ( 'NONE', *, *, #2264, .F. ) ;
#331 = PLANE ( 'NONE',  #1595 ) ;
#332 = LINE ( 'NONE', #5134, #3727 ) ;
#333 = FILL_AREA_STYLE_COLOUR ( '', #422 ) ;
#334 = VERTEX_POINT ( 'NONE', #4948 ) ;
#335 = MECHANICAL_DESIGN_GEOMETRIC_PRESENTATION_REPRESENTATION (  '', ( #4102 ), #3848 ) ;
#336 =( NAMED_UNIT ( * ) PLANE_ANGLE_UNIT ( ) SI_UNIT ( $, .RADIAN. ) );
#337 =( GEOMETRIC_REPRESENTATION_CONTEXT ( 3 ) GLOBAL_UNCERTAINTY_ASSIGNED_CONTEXT ( ( #714 ) ) GLOBAL_UNIT_ASSIGNED_CONTEXT ( ( #800, #3645, #1690 ) ) REPRESENTATION_CONTEXT ( 'NONE', 'WORKASPACE' ) );
#338 = CARTESIAN_POINT ( 'NONE',  ( -2.020000000000000018, -0.3257586221349297317, 4.092794962964849681 ) ) ;
#339 = PLANE ( 'NONE',  #148 ) ;
#340 = DIRECTION ( 'NONE',  ( -0.000000000000000000, -0.04531309127232079070, 0.9989728343450319237 ) ) ;
#341 = STYLED_ITEM ( 'NONE', ( #3031 ), #20 ) ;
#342 = EDGE_LOOP ( 'NONE', ( #3497, #991, #1216, #4471 ) ) ;
#343 = FACE_OUTER_BOUND ( 'NONE', #3769, .T. ) ;
#344 =( GEOMETRIC_REPRESENTATION_CONTEXT ( 3 ) GLOBAL_UNCERTAINTY_ASSIGNED_CONTEXT ( ( #15 ) ) GLOBAL_UNIT_ASSIGNED_CONTEXT ( ( #3958, #4389, #2396 ) ) REPRESENTATION_CONTEXT ( 'NONE', 'WORKASPACE' ) );
#345 =( GEOMETRIC_REPRESENTATION_CONTEXT ( 3 ) GLOBAL_UNCERTAINTY_ASSIGNED_CONTEXT ( ( #2013 ) ) GLOBAL_UNIT_ASSIGNED_CONTEXT ( ( #27, #4740, #1989 ) ) REPRESENTATION_CONTEXT ( 'NONE', 'WORKASPACE' ) );
#346 =( NAMED_UNIT ( * ) PLANE_ANGLE_UNIT ( ) SI_UNIT ( $, .RADIAN. ) );
#347 = PRESENTATION_LAYER_ASSIGNMENT (  '', '', ( #2935 ) ) ;
#348 = CARTESIAN_POINT ( 'NONE',  ( 0.9949999999999999956, -3.799999999999999822, -4.000128395706870954 ) ) ;
#349 = ORIENTED_EDGE ( 'NONE', *, *, #2827, .T. ) ;
#350 =( NAMED_UNIT ( * ) PLANE_ANGLE_UNIT ( ) SI_UNIT ( $, .RADIAN. ) );
#351 = MECHANICAL_DESIGN_GEOMETRIC_PRESENTATION_REPRESENTATION (  '', ( #444 ), #4538 ) ;
#352 = STYLED_ITEM ( 'NONE', ( #3606 ), #3263 ) ;
#353 = CARTESIAN_POINT ( 'NONE',  ( -0.5200000000000000178, -0.3257586221349297317, 4.249871604293129046 ) ) ;
#354 = ADVANCED_FACE ( 'NONE', ( #4098 ), #2939, .F. ) ;
#355 = VECTOR ( 'NONE', #3802, 1000.000000000000000 ) ;
#356 =( GEOMETRIC_REPRESENTATION_CONTEXT ( 3 ) GLOBAL_UNCERTAINTY_ASSIGNED_CONTEXT ( ( #4946 ) ) GLOBAL_UNIT_ASSIGNED_CONTEXT ( ( #4331, #1139, #746 ) ) REPRESENTATION_CONTEXT ( 'NONE', 'WORKASPACE' ) );
#357 = CARTESIAN_POINT ( 'NONE',  ( 3.274999999999999911, 0.000000000000000000, 2.500000000000000000 ) ) ;
#358 = PLANE ( 'NONE',  #5040 ) ;
#359 = VECTOR ( 'NONE', #1397, 999.9999999999998863 ) ;
#360 = FACE_OUTER_BOUND ( 'NONE', #4454, .T. ) ;
#361 = CARTESIAN_POINT ( 'NONE',  ( 2.020000000000000018, 1.385859581945312113, 4.015156503500930008 ) ) ;
#362 = ORIENTED_EDGE ( 'NONE', *, *, #1745, .F. ) ;
#363 = DIRECTION ( 'NONE',  ( -1.000000000000000000, 0.000000000000000000, 0.000000000000000000 ) ) ;
#364 = SURFACE_STYLE_USAGE ( .BOTH. , #1214 ) ;
#365 = CARTESIAN_POINT ( 'NONE',  ( 0.7199999999999995293, 3.070000000000000284, -0.8499999999999999778 ) ) ;
#366 = VERTEX_POINT ( 'NONE', #2986 ) ;
#367 = ORIENTED_EDGE ( 'NONE', *, *, #107, .T. ) ;
#368 = DIRECTION ( 'NONE',  ( -1.000000000000000000, -0.000000000000000000, -0.000000000000000000 ) ) ;
#369 = FILL_AREA_STYLE ('',( #1562 ) ) ;
#370 = SURFACE_SIDE_STYLE ('',( #2323 ) ) ;
#371 = ORIENTED_EDGE ( 'NONE', *, *, #1147, .F. ) ;
#372 =( NAMED_UNIT ( * ) SI_UNIT ( $, .STERADIAN. ) SOLID_ANGLE_UNIT ( ) );
#373 = DIRECTION ( 'NONE',  ( 0.000000000000000000, 0.000000000000000000, 1.000000000000000000 ) ) ;
#374 = CARTESIAN_POINT ( 'NONE',  ( 2.020000000000000018, 1.385859581945312113, 4.015156503500930008 ) ) ;
#375 = DIRECTION ( 'NONE',  ( -0.000000000000000000, -0.000000000000000000, -1.000000000000000000 ) ) ;
#376 =( LENGTH_UNIT ( ) NAMED_UNIT ( * ) SI_UNIT ( .MILLI., .METRE. ) );
#377 = FACE_OUTER_BOUND ( 'NONE', #877, .T. ) ;
#378 = EDGE_LOOP ( 'NONE', ( #5080, #2707, #1509, #3570, #3232, #4697 ) ) ;
#379 = EDGE_CURVE ( 'NONE', #4080, #4254, #4758, .T. ) ;
#380 = PLANE ( 'NONE',  #3562 ) ;
#381 = EDGE_LOOP ( 'NONE', ( #573, #1010, #2298, #3580 ) ) ;
#382 = MECHANICAL_DESIGN_GEOMETRIC_PRESENTATION_REPRESENTATION (  '', ( #4323 ), #3810 ) ;
#383 = SURFACE_STYLE_FILL_AREA ( #2364 ) ;
#384 = ORIENTED_EDGE ( 'NONE', *, *, #1541, .F. ) ;
#385 = UNCERTAINTY_MEASURE_WITH_UNIT (LENGTH_MEASURE( 1.000000000000000082E-05 ), #2711, 'distance_accuracy_value', 'NONE');
#386 = PRESENTATION_STYLE_ASSIGNMENT (( #892 ) ) ;
#387 = SURFACE_STYLE_FILL_AREA ( #3181 ) ;
#388 = PRESENTATION_LAYER_ASSIGNMENT (  '', '', ( #3814 ) ) ;
#389 =( LENGTH_UNIT ( ) NAMED_UNIT ( * ) SI_UNIT ( .MILLI., .METRE. ) );
#390 = ORIENTED_EDGE ( 'NONE', *, *, #5108, .T. ) ;
#391 = EDGE_CURVE ( 'NONE', #18, #2057, #4705, .T. ) ;
#392 = STYLED_ITEM ( 'NONE', ( #2402 ), #4460 ) ;
#393 = ORIENTED_EDGE ( 'NONE', *, *, #2101, .T. ) ;
#394 =( NAMED_UNIT ( * ) SI_UNIT ( $, .STERADIAN. ) SOLID_ANGLE_UNIT ( ) );
#395 = PRESENTATION_LAYER_ASSIGNMENT (  '', '', ( #2896 ) ) ;
#396 = PRESENTATION_STYLE_ASSIGNMENT (( #876 ) ) ;
#397 = LINE ( 'NONE', #3585, #445 ) ;
#398 = ORIENTED_EDGE ( 'NONE', *, *, #4056, .T. ) ;
#399 = AXIS2_PLACEMENT_3D ( 'NONE', #782, #3565, #5176 ) ;
#400 = FILL_AREA_STYLE_COLOUR ( '', #2022 ) ;
#401 = CYLINDRICAL_SURFACE ( 'NONE', #314, 0.2750000000000002998 ) ;
#402 = VECTOR ( 'NONE', #2689, 1000.000000000000000 ) ;
#403 = LINE ( 'NONE', #802, #924 ) ;
#404 =( GEOMETRIC_REPRESENTATION_CONTEXT ( 3 ) GLOBAL_UNCERTAINTY_ASSIGNED_CONTEXT ( ( #4317 ) ) GLOBAL_UNIT_ASSIGNED_CONTEXT ( ( #2276, #1091, #4410 ) ) REPRESENTATION_CONTEXT ( 'NONE', 'WORKASPACE' ) );
#405 =( NAMED_UNIT ( * ) SI_UNIT ( $, .STERADIAN. ) SOLID_ANGLE_UNIT ( ) );
#406 =( LENGTH_UNIT ( ) NAMED_UNIT ( * ) SI_UNIT ( .MILLI., .METRE. ) );
#407 = ORIENTED_EDGE ( 'NONE', *, *, #3685, .T. ) ;
#408 = DIRECTION ( 'NONE',  ( 0.000000000000000000, -0.2419218955996630671, 0.9702957262759976942 ) ) ;
#409 = MECHANICAL_DESIGN_GEOMETRIC_PRESENTATION_REPRESENTATION (  '', ( #1336 ), #3753 ) ;
#410 = FILL_AREA_STYLE ('',( #3997 ) ) ;
#411 =( GEOMETRIC_REPRESENTATION_CONTEXT ( 3 ) GLOBAL_UNCERTAINTY_ASSIGNED_CONTEXT ( ( #1073 ) ) GLOBAL_UNIT_ASSIGNED_CONTEXT ( ( #2945, #967, #639 ) ) REPRESENTATION_CONTEXT ( 'NONE', 'WORKASPACE' ) );
#412 = ADVANCED_FACE ( 'NONE', ( #4263 ), #1825, .T. ) ;
#413 =( NAMED_UNIT ( * ) PLANE_ANGLE_UNIT ( ) SI_UNIT ( $, .RADIAN. ) );
#414 = PRESENTATION_LAYER_ASSIGNMENT (  '', '', ( #3669 ) ) ;
#415 = ORIENTED_EDGE ( 'NONE', *, *, #1651, .F. ) ;
#416 =( NAMED_UNIT ( * ) SI_UNIT ( $, .STERADIAN. ) SOLID_ANGLE_UNIT ( ) );
#417 = PRESENTATION_STYLE_ASSIGNMENT (( #767 ) ) ;
#418 = PRESENTATION_LAYER_ASSIGNMENT (  '', '', ( #2 ) ) ;
#419 = SURFACE_SIDE_STYLE ('',( #1007 ) ) ;
#420 = LINE ( 'NONE', #1, #2740 ) ;
#421 = ORIENTED_EDGE ( 'NONE', *, *, #1884, .T. ) ;
#422 = COLOUR_RGB ( '',1.000000000000000000, 0.1686274509803921684, 0.1686274509803921684 ) ;
#423 = DIRECTION ( 'NONE',  ( -0.000000000000000000, 0.9989728343450317016, 0.04531309127232062417 ) ) ;
#424 = LINE ( 'NONE', #3980, #2438 ) ;
#425 = CARTESIAN_POINT ( 'NONE',  ( 2.846155835109721810, -6.552094584226054433E-18, -2.500000000000001332 ) ) ;
#426 = MECHANICAL_DESIGN_GEOMETRIC_PRESENTATION_REPRESENTATION (  '', ( #1098 ), #8 ) ;
#427 = CARTESIAN_POINT ( 'NONE',  ( 3.274999999999999911, 1.719999999999999973, -3.339999999999999858 ) ) ;
#428 = DIRECTION ( 'NONE',  ( 1.000000000000000000, 0.000000000000000000, -0.000000000000000000 ) ) ;
#429 = ORIENTED_EDGE ( 'NONE', *, *, #3430, .F. ) ;
#430 = STYLED_ITEM ( 'NONE', ( #4574 ), #1752 ) ;
#431 = CARTESIAN_POINT ( 'NONE',  ( -1.545000000000000151, -3.507406973840369702, 4.381750663504773158 ) ) ;
#432 = EDGE_CURVE ( 'NONE', #3951, #1228, #1040, .T. ) ;
#433 = DIRECTION ( 'NONE',  ( 0.000000000000000000, 0.000000000000000000, 1.000000000000000000 ) ) ;
#434 = COLOUR_RGB ( '',0.2980392156862745057, 0.2980392156862745057, 0.2980392156862745057 ) ;
#435 = PRESENTATION_STYLE_ASSIGNMENT (( #4911 ) ) ;
#436 = DIRECTION ( 'NONE',  ( 2.168404344971008868E-16, -0.000000000000000000, -1.000000000000000000 ) ) ;
#437 = ORIENTED_EDGE ( 'NONE', *, *, #1131, .F. ) ;
#438 = UNCERTAINTY_MEASURE_WITH_UNIT (LENGTH_MEASURE( 1.000000000000000082E-05 ), #3674, 'distance_accuracy_value', 'NONE');
#439 = FILL_AREA_STYLE_COLOUR ( '', #55 ) ;
#440 = STYLED_ITEM ( 'NONE', ( #4234 ), #2553 ) ;
#441 = SURFACE_STYLE_FILL_AREA ( #5179 ) ;
#442 = ORIENTED_EDGE ( 'NONE', *, *, #1493, .F. ) ;
#443 = EDGE_CURVE ( 'NONE', #4079, #4412, #4306, .T. ) ;
#444 = STYLED_ITEM ( 'NONE', ( #3507 ), #2883 ) ;
#445 = VECTOR ( 'NONE', #4805, 1000.000000000000000 ) ;
#446 = FACE_OUTER_BOUND ( 'NONE', #381, .T. ) ;
#447 = ORIENTED_EDGE ( 'NONE', *, *, #2698, .T. ) ;
#448 = CARTESIAN_POINT ( 'NONE',  ( 0.9949999999999999956, -3.525282470555116898, -3.987667295606982965 ) ) ;
#449 = CIRCLE ( 'NONE', #3618, 0.2750000000000002998 ) ;
#450 = UNCERTAINTY_MEASURE_WITH_UNIT (LENGTH_MEASURE( 1.000000000000000082E-05 ), #289, 'distance_accuracy_value', 'NONE');
#451 = DIRECTION ( 'NONE',  ( -0.4999999999999975020, 0.8660254037844400399, 0.000000000000000000 ) ) ;
#452 = PRESENTATION_STYLE_ASSIGNMENT (( #2856 ) ) ;
#453 = EDGE_LOOP ( 'NONE', ( #4838, #4117, #3440, #2005 ) ) ;
#454 = PRESENTATION_STYLE_ASSIGNMENT (( #2924 ) ) ;
#455 = EDGE_CURVE ( 'NONE', #3160, #2310, #3469, .T. ) ;
#456 = ORIENTED_EDGE ( 'NONE', *, *, #487, .F. ) ;
#457 = DIRECTION ( 'NONE',  ( -0.000000000000000000, 1.000000000000000000, -0.000000000000000000 ) ) ;
#458 = DIRECTION ( 'NONE',  ( -1.000000000000000000, -0.000000000000000000, -0.000000000000000000 ) ) ;
#459 = FILL_AREA_STYLE_COLOUR ( '', #996 ) ;
#460 = EDGE_LOOP ( 'NONE', ( #5136, #3155, #1355, #3642 ) ) ;
#461 = ADVANCED_FACE ( 'NONE', ( #2679 ), #1537, .F. ) ;
#462 =( NAMED_UNIT ( * ) SI_UNIT ( $, .STERADIAN. ) SOLID_ANGLE_UNIT ( ) );
#463 = PRESENTATION_STYLE_ASSIGNMENT (( #1252 ) ) ;
#464 = CARTESIAN_POINT ( 'NONE',  ( -0.6699999999999997069, 3.070000000000000284, -0.8499999999999995337 ) ) ;
#465 = VERTEX_POINT ( 'NONE', #4329 ) ;
#466 = VERTEX_POINT ( 'NONE', #1876 ) ;
#467 = CARTESIAN_POINT ( 'NONE',  ( 0.7199999999999995293, 3.370000000000000107, -0.8499999999999999778 ) ) ;
#468 = DIRECTION ( 'NONE',  ( -1.000000000000000000, -0.000000000000000000, -0.000000000000000000 ) ) ;
#469 = DIRECTION ( 'NONE',  ( 0.000000000000000000, -0.9989728343450318127, -0.04531309127232183154 ) ) ;
#470 = FILL_AREA_STYLE_COLOUR ( '', #2432 ) ;
#471 = DIRECTION ( 'NONE',  ( 0.000000000000000000, -0.9989728343450318127, 0.04531309127232183154 ) ) ;
#472 = AXIS2_PLACEMENT_3D ( 'NONE', #1887, #689, #3399 ) ;
#473 = DIRECTION ( 'NONE',  ( -1.000000000000000000, -0.000000000000000000, -0.000000000000000000 ) ) ;
#474 = FILL_AREA_STYLE ('',( #2182 ) ) ;
#475 = COLOUR_RGB ( '',1.000000000000000000, 1.000000000000000000, 1.000000000000000000 ) ;
#476 = SURFACE_STYLE_FILL_AREA ( #4857 ) ;
#477 =( NAMED_UNIT ( * ) PLANE_ANGLE_UNIT ( ) SI_UNIT ( $, .RADIAN. ) );
#478 = VERTEX_POINT ( 'NONE', #3414 ) ;
#479 = VECTOR ( 'NONE', #1393, 1000.000000000000000 ) ;
#480 = DIRECTION ( 'NONE',  ( 1.000000000000000000, 0.000000000000000000, 0.000000000000000000 ) ) ;
#481 = DIRECTION ( 'NONE',  ( -7.885106708985478187E-16, 0.9989728343450318127, -0.04531309127232183154 ) ) ;
#482 = SURFACE_SIDE_STYLE ('',( #1643 ) ) ;
#483 = ORIENTED_EDGE ( 'NONE', *, *, #1454, .F. ) ;
#484 = UNCERTAINTY_MEASURE_WITH_UNIT (LENGTH_MEASURE( 1.000000000000000082E-05 ), #1682, 'distance_accuracy_value', 'NONE');
#485 = AXIS2_PLACEMENT_3D ( 'NONE', #1054, #2631, #1348 ) ;
#486 = FILL_AREA_STYLE_COLOUR ( '', #475 ) ;
#487 = EDGE_CURVE ( 'NONE', #3718, #3512, #3851, .T. ) ;
#488 = UNCERTAINTY_MEASURE_WITH_UNIT (LENGTH_MEASURE( 1.000000000000000082E-05 ), #1087, 'distance_accuracy_value', 'NONE');
#489 = PLANE ( 'NONE',  #1820 ) ;
#490 =( LENGTH_UNIT ( ) NAMED_UNIT ( * ) SI_UNIT ( .MILLI., .METRE. ) );
#491 =( LENGTH_UNIT ( ) NAMED_UNIT ( * ) SI_UNIT ( .MILLI., .METRE. ) );
#492 = ORIENTED_EDGE ( 'NONE', *, *, #3918, .T. ) ;
#493 = ORIENTED_EDGE ( 'NONE', *, *, #2137, .F. ) ;
#494 = VECTOR ( 'NONE', #80, 1000.000000000000000 ) ;
#495 = CARTESIAN_POINT ( 'NONE',  ( 0.2222955264827440880, 0.1028058998981346145, 4.073355412022810818 ) ) ;
#496 = ADVANCED_FACE ( 'NONE', ( #1138 ), #339, .T. ) ;
#497 = EDGE_CURVE ( 'NONE', #3672, #465, #1459, .T. ) ;
#498 = ADVANCED_FACE ( 'NONE', ( #1100 ), #3048, .F. ) ;
#499 = COLOUR_RGB ( '',1.000000000000000000, 0.1686274509803921684, 0.1686274509803921684 ) ;
#500 = COLOUR_RGB ( '',0.8941176470588234615, 0.9137254901960784048, 0.9294117647058823817 ) ;
#501 = CARTESIAN_POINT ( 'NONE',  ( -2.020000000000000018, 1.719999999999999973, -2.928844164890265223 ) ) ;
#502 = UNCERTAINTY_MEASURE_WITH_UNIT (LENGTH_MEASURE( 1.000000000000000082E-05 ), #3366, 'distance_accuracy_value', 'NONE');
#503 = CARTESIAN_POINT ( 'NONE',  ( 0.9949999999999995515, -0.6000000000000003109, -4.105234464979931275 ) ) ;
#504 = STYLED_ITEM ( 'NONE', ( #4727 ), #839 ) ;
#505 = DIRECTION ( 'NONE',  ( -1.000000000000000000, 0.000000000000000000, -0.000000000000000000 ) ) ;
#506 = PRESENTATION_LAYER_ASSIGNMENT (  '', '', ( #2677 ) ) ;
#507 = PLANE ( 'NONE',  #3913 ) ;
#508 = PLANE ( 'NONE',  #4575 ) ;
#509 = ORIENTED_EDGE ( 'NONE', *, *, #3999, .T. ) ;
#510 =( NAMED_UNIT ( * ) SI_UNIT ( $, .STERADIAN. ) SOLID_ANGLE_UNIT ( ) );
#511 = PRESENTATION_LAYER_ASSIGNMENT (  '', '', ( #1681 ) ) ;
#512 =( NAMED_UNIT ( * ) SI_UNIT ( $, .STERADIAN. ) SOLID_ANGLE_UNIT ( ) );
#513 = FACE_OUTER_BOUND ( 'NONE', #934, .T. ) ;
#514 = DIRECTION ( 'NONE',  ( -1.000000000000000000, -0.000000000000000000, -0.000000000000000000 ) ) ;
#515 = ORIENTED_EDGE ( 'NONE', *, *, #1745, .T. ) ;
#516 = VECTOR ( 'NONE', #458, 1000.000000000000000 ) ;
#517 = CARTESIAN_POINT ( 'NONE',  ( 3.274999999999999911, 0.000000000000000000, 2.500000000000000000 ) ) ;
#518 = FILL_AREA_STYLE ('',( #4949 ) ) ;
#519 = VERTEX_POINT ( 'NONE', #4241 ) ;
#520 = VECTOR ( 'NONE', #1335, 1000.000000000000227 ) ;
#521 = PRESENTATION_LAYER_ASSIGNMENT (  '', '', ( #2857 ) ) ;
#522 = LINE ( 'NONE', #4547, #4464 ) ;
#523 = EDGE_CURVE ( 'NONE', #723, #4140, #304, .T. ) ;
#524 = VECTOR ( 'NONE', #4599, 1000.000000000000000 ) ;
#525 = FILL_AREA_STYLE ('',( #1020 ) ) ;
#526 = AXIS2_PLACEMENT_3D ( 'NONE', #3018, #1044, #3396 ) ;
#527 = DIRECTION ( 'NONE',  ( 0.000000000000000000, 0.04531309127232078376, 0.9989728343450318127 ) ) ;
#528 = PLANE ( 'NONE',  #4606 ) ;
#529 = DIRECTION ( 'NONE',  ( 1.000000000000000000, 0.000000000000000000, 0.000000000000000000 ) ) ;
#530 = VECTOR ( 'NONE', #1689, 1000.000000000000000 ) ;
#531 = AXIS2_PLACEMENT_3D ( 'NONE', #2376, #1195, #1144 ) ;
#532 =( LENGTH_UNIT ( ) NAMED_UNIT ( * ) SI_UNIT ( .MILLI., .METRE. ) );
#533 = DIRECTION ( 'NONE',  ( 0.000000000000000000, 0.9702957262759975832, 0.2419218955996630394 ) ) ;
#534 = SURFACE_SIDE_STYLE ('',( #4926 ) ) ;
#535 = AXIS2_PLACEMENT_3D ( 'NONE', #57, #1637, #3981 ) ;
#536 = DIRECTION ( 'NONE',  ( -1.000000000000000000, -0.000000000000000000, 0.000000000000000000 ) ) ;
#537 =( GEOMETRIC_REPRESENTATION_CONTEXT ( 3 ) GLOBAL_UNCERTAINTY_ASSIGNED_CONTEXT ( ( #450 ) ) GLOBAL_UNIT_ASSIGNED_CONTEXT ( ( #289, #4222, #2265 ) ) REPRESENTATION_CONTEXT ( 'NONE', 'WORKASPACE' ) );
#538 = PRESENTATION_STYLE_ASSIGNMENT (( #1811 ) ) ;
#539 = ORIENTED_EDGE ( 'NONE', *, *, #2834, .F. ) ;
#540 = CARTESIAN_POINT ( 'NONE',  ( -3.275000000000000355, 3.669999999999999929, 3.339999999999999858 ) ) ;
#541 = EDGE_LOOP ( 'NONE', ( #223, #180, #773, #968, #1273, #3474, #4135, #2956, #4256 ) ) ;
#542 =( LENGTH_UNIT ( ) NAMED_UNIT ( * ) SI_UNIT ( .MILLI., .METRE. ) );
#543 = FILL_AREA_STYLE ('',( #3037 ) ) ;
#544 = DIRECTION ( 'NONE',  ( 0.000000000000000000, 2.713884735720118648E-16, 1.000000000000000000 ) ) ;
#545 = LINE ( 'NONE', #2491, #658 ) ;
#546 = LINE ( 'NONE', #4567, #3863 ) ;
#547 = PRESENTATION_STYLE_ASSIGNMENT (( #634 ) ) ;
#548 = PRESENTATION_STYLE_ASSIGNMENT (( #580 ) ) ;
#549 =( NAMED_UNIT ( * ) PLANE_ANGLE_UNIT ( ) SI_UNIT ( $, .RADIAN. ) );
#550 = EDGE_CURVE ( 'NONE', #334, #2726, #2230, .T. ) ;
#551 = PRESENTATION_STYLE_ASSIGNMENT (( #947 ) ) ;
#552 = UNCERTAINTY_MEASURE_WITH_UNIT (LENGTH_MEASURE( 1.000000000000000082E-05 ), #4769, 'distance_accuracy_value', 'NONE');
#553 = VERTEX_POINT ( 'NONE', #4663 ) ;
#554 = FILL_AREA_STYLE_COLOUR ( '', #88 ) ;
#555 = SURFACE_STYLE_USAGE ( .BOTH. , #2136 ) ;
#556 = DIRECTION ( 'NONE',  ( -1.000000000000000000, -0.000000000000000000, -0.000000000000000000 ) ) ;
#557 = VECTOR ( 'NONE', #4845, 1000.000000000000000 ) ;
#558 = EDGE_CURVE ( 'NONE', #4165, #4322, #2702, .T. ) ;
#559 = CARTESIAN_POINT ( 'NONE',  ( 0.9949999999999999956, -3.513954197737036544, 4.237410504193240612 ) ) ;
#560 = FACE_OUTER_BOUND ( 'NONE', #3128, .T. ) ;
#561 = VERTEX_POINT ( 'NONE', #1802 ) ;
#562 = DIRECTION ( 'NONE',  ( 0.000000000000000000, 0.000000000000000000, -1.000000000000000000 ) ) ;
#563 = DIRECTION ( 'NONE',  ( -0.8660254037844400399, 0.4999999999999975020, 0.000000000000000000 ) ) ;
#564 = EDGE_LOOP ( 'NONE', ( #1965, #2520, #2865, #4540, #145, #1140 ) ) ;
#565 =( NAMED_UNIT ( * ) SI_UNIT ( $, .STERADIAN. ) SOLID_ANGLE_UNIT ( ) );
#566 = CARTESIAN_POINT ( 'NONE',  ( -0.9949999999999995515, -0.5999999999999998668, 4.249871604293129046 ) ) ;
#567 = LINE ( 'NONE', #1794, #2111 ) ;
#568 =( LENGTH_UNIT ( ) NAMED_UNIT ( * ) SI_UNIT ( .MILLI., .METRE. ) );
#569 = MECHANICAL_DESIGN_GEOMETRIC_PRESENTATION_REPRESENTATION (  '', ( #5081 ), #2247 ) ;
#570 = EDGE_CURVE ( 'NONE', #2161, #4412, #2287, .T. ) ;
#571 = FACE_OUTER_BOUND ( 'NONE', #752, .T. ) ;
#572 = FACE_OUTER_BOUND ( 'NONE', #3895, .T. ) ;
#573 = ORIENTED_EDGE ( 'NONE', *, *, #3422, .F. ) ;
#574 = DIRECTION ( 'NONE',  ( 0.000000000000000000, -0.9989728343450318127, -0.04531309127232183154 ) ) ;
#575 = DIRECTION ( 'NONE',  ( 1.000000000000000000, 0.000000000000000000, -0.000000000000000000 ) ) ;
#576 = VECTOR ( 'NONE', #2324, 1000.000000000000227 ) ;
#577 = LINE ( 'NONE', #2252, #5046 ) ;
#578 = STYLED_ITEM ( 'NONE', ( #452 ), #4872 ) ;
#579 = LINE ( 'NONE', #4571, #4508 ) ;
#580 = SURFACE_STYLE_USAGE ( .BOTH. , #4128 ) ;
#581 = SURFACE_STYLE_FILL_AREA ( #1677 ) ;
#582 = EDGE_CURVE ( 'NONE', #3269, #4742, #2717, .T. ) ;
#583 = DIRECTION ( 'NONE',  ( -1.000000000000000000, -0.000000000000000000, -0.000000000000000000 ) ) ;
#584 = VECTOR ( 'NONE', #4299, 1000.000000000000000 ) ;
#585 = VECTOR ( 'NONE', #2028, 1000.000000000000227 ) ;
#586 = EDGE_LOOP ( 'NONE', ( #4161, #4650, #3475, #708, #3970, #599, #5053, #1711, #3275 ) ) ;
#587 = DIRECTION ( 'NONE',  ( 1.000000000000000000, 0.000000000000000000, -0.000000000000000000 ) ) ;
#588 = ADVANCED_FACE ( 'NONE', ( #3071 ), #224, .F. ) ;
#589 =( NAMED_UNIT ( * ) SI_UNIT ( $, .STERADIAN. ) SOLID_ANGLE_UNIT ( ) );
#590 =( NAMED_UNIT ( * ) SI_UNIT ( $, .STERADIAN. ) SOLID_ANGLE_UNIT ( ) );
#591 = ORIENTED_EDGE ( 'NONE', *, *, #709, .T. ) ;
#592 = VECTOR ( 'NONE', #783, 1000.000000000000227 ) ;
#593 = ORIENTED_EDGE ( 'NONE', *, *, #4159, .T. ) ;
#594 = VERTEX_POINT ( 'NONE', #1210 ) ;
#595 = PLANE ( 'NONE',  #2275 ) ;
#596 = CARTESIAN_POINT ( 'NONE',  ( -2.507715453299420805, -1.357410230503324655, 2.161559618189709209 ) ) ;
#597 = DIRECTION ( 'NONE',  ( -0.000000000000000000, -1.000000000000000000, -0.000000000000000000 ) ) ;
#598 = VECTOR ( 'NONE', #1063, 1000.000000000000000 ) ;
#599 = ORIENTED_EDGE ( 'NONE', *, *, #2969, .F. ) ;
#601 = FILL_AREA_STYLE ('',( #655 ) ) ;
#600 =( GEOMETRIC_REPRESENTATION_CONTEXT ( 3 ) GLOBAL_UNCERTAINTY_ASSIGNED_CONTEXT ( ( #1175 ) ) GLOBAL_UNIT_ASSIGNED_CONTEXT ( ( #491, #91, #3756 ) ) REPRESENTATION_CONTEXT ( 'NONE', 'WORKASPACE' ) );
#602 = DIRECTION ( 'NONE',  ( -0.000000000000000000, -1.000000000000000000, -0.000000000000000000 ) ) ;
#603 = ADVANCED_FACE ( 'NONE', ( #360 ), #4378, .F. ) ;
#604 = MANIFOLD_SOLID_BREP ( 'LPattern1', #2927 ) ;
#605 = SURFACE_STYLE_FILL_AREA ( #2585 ) ;
#606 = COLOUR_RGB ( '',0.8941176470588234615, 0.9137254901960784048, 0.9294117647058823817 ) ;
#607 = UNCERTAINTY_MEASURE_WITH_UNIT (LENGTH_MEASURE( 1.000000000000000082E-05 ), #3146, 'distance_accuracy_value', 'NONE');
#608 = VECTOR ( 'NONE', #4129, 1000.000000000000000 ) ;
#609 = ADVANCED_FACE ( 'NONE', ( #2847, #1605, #2412, #4450 ), #331, .T. ) ;
#610 = CIRCLE ( 'NONE', #1277, 0.2750000000000002998 ) ;
#611 = CARTESIAN_POINT ( 'NONE',  ( -0.7199999999999995293, 5.156606874731850532, -0.8499999999999999778 ) ) ;
#612 =( GEOMETRIC_REPRESENTATION_CONTEXT ( 3 ) GLOBAL_UNCERTAINTY_ASSIGNED_CONTEXT ( ( #4839 ) ) GLOBAL_UNIT_ASSIGNED_CONTEXT ( ( #151, #2135, #1759 ) ) REPRESENTATION_CONTEXT ( 'NONE', 'WORKASPACE' ) );
#613 =( NAMED_UNIT ( * ) SI_UNIT ( $, .STERADIAN. ) SOLID_ANGLE_UNIT ( ) );
#614 = UNCERTAINTY_MEASURE_WITH_UNIT (LENGTH_MEASURE( 1.000000000000000082E-05 ), #4482, 'distance_accuracy_value', 'NONE');
#615 = DIRECTION ( 'NONE',  ( 0.000000000000000000, 1.000000000000000000, 0.000000000000000000 ) ) ;
#616 = VERTEX_POINT ( 'NONE', #2966 ) ;
#617 = FILL_AREA_STYLE ('',( #1962 ) ) ;
#618 = DIRECTION ( 'NONE',  ( 0.000000000000000000, -0.9989728343450318127, 0.04531309127232183154 ) ) ;
#619 = CIRCLE ( 'NONE', #3945, 0.2750000000000002998 ) ;
#620 = VECTOR ( 'NONE', #2657, 1000.000000000000227 ) ;
#621 = VECTOR ( 'NONE', #480, 1000.000000000000000 ) ;
#622 = CARTESIAN_POINT ( 'NONE',  ( -1.270000000000000018, -3.788671727181919469, 4.249871604293129046 ) ) ;
#623 = ORIENTED_EDGE ( 'NONE', *, *, #1594, .F. ) ;
#624 = AXIS2_PLACEMENT_3D ( 'NONE', #4918, #4101, #2915 ) ;
#625 = CARTESIAN_POINT ( 'NONE',  ( -0.5200000000000002398, 3.370000000000000107, 1.809999999999999165 ) ) ;
#626 = ORIENTED_EDGE ( 'NONE', *, *, #1807, .T. ) ;
#627 = FILL_AREA_STYLE ('',( #1435 ) ) ;
#628 = VERTEX_POINT ( 'NONE', #1289 ) ;
#629 = VECTOR ( 'NONE', #1951, 1000.000000000000227 ) ;
#630 = SURFACE_STYLE_FILL_AREA ( #1438 ) ;
#631 = CARTESIAN_POINT ( 'NONE',  ( -0.5200000000000002398, 3.669999999999999929, -1.809999999999999165 ) ) ;
#632 = ORIENTED_EDGE ( 'NONE', *, *, #4275, .T. ) ;
#633 = PLANE ( 'NONE',  #3260 ) ;
#634 = SURFACE_STYLE_USAGE ( .BOTH. , #4601 ) ;
#635 = FILL_AREA_STYLE ('',( #4209 ) ) ;
#636 = EDGE_CURVE ( 'NONE', #2440, #2165, #1749, .T. ) ;
#637 = FILL_AREA_STYLE ('',( #4295 ) ) ;
#638 = EDGE_CURVE ( 'NONE', #3512, #2179, #579, .T. ) ;
#639 =( NAMED_UNIT ( * ) SI_UNIT ( $, .STERADIAN. ) SOLID_ANGLE_UNIT ( ) );
#640 = DIRECTION ( 'NONE',  ( 0.000000000000000000, 0.000000000000000000, -1.000000000000000000 ) ) ;
#641 = FILL_AREA_STYLE ('',( #2625 ) ) ;
#642 = ORIENTED_EDGE ( 'NONE', *, *, #2920, .T. ) ;
#643 = LINE ( 'NONE', #3027, #2361 ) ;
#644 = DIRECTION ( 'NONE',  ( -1.000000000000000000, 0.000000000000000000, -0.000000000000000000 ) ) ;
#645 = CARTESIAN_POINT ( 'NONE',  ( -2.020000000000000018, 1.470000000000000195, -2.866512164179471522 ) ) ;
#646 = DIRECTION ( 'NONE',  ( -1.000000000000000000, 0.000000000000000000, 0.000000000000000000 ) ) ;
#647 = ORIENTED_EDGE ( 'NONE', *, *, #1479, .F. ) ;
#648 = FILL_AREA_STYLE ('',( #2977 ) ) ;
#649 = DIRECTION ( 'NONE',  ( 1.000000000000000000, 0.000000000000000000, -2.168404344971008868E-16 ) ) ;
#650 = CARTESIAN_POINT ( 'NONE',  ( -2.935333781330272895, 3.669999999999999929, 2.457488747160203157 ) ) ;
#651 = ORIENTED_EDGE ( 'NONE', *, *, #1142, .F. ) ;
#652 = SURFACE_STYLE_FILL_AREA ( #725 ) ;
#653 = ORIENTED_EDGE ( 'NONE', *, *, #1274, .T. ) ;
#654 = CARTESIAN_POINT ( 'NONE',  ( 0.6699999999999997069, 3.070000000000000284, -0.8499999999999999778 ) ) ;
#655 = FILL_AREA_STYLE_COLOUR ( '', #1419 ) ;
#656 = MECHANICAL_DESIGN_GEOMETRIC_PRESENTATION_REPRESENTATION (  '', ( #3902 ), #4238 ) ;
#657 = DIRECTION ( 'NONE',  ( -0.000000000000000000, -0.000000000000000000, -1.000000000000000000 ) ) ;
#658 = VECTOR ( 'NONE', #86, 1000.000000000000000 ) ;
#659 = UNCERTAINTY_MEASURE_WITH_UNIT (LENGTH_MEASURE( 1.000000000000000082E-05 ), #3767, 'distance_accuracy_value', 'NONE');
#660 = COLOUR_RGB ( '',0.8941176470588234615, 0.9137254901960784048, 0.9294117647058823817 ) ;
#661 = CIRCLE ( 'NONE', #2891, 0.1000000000000002554 ) ;
#662 = CARTESIAN_POINT ( 'NONE',  ( 0.000000000000000000, 3.370000000000000107, -0.8499999999999999778 ) ) ;
#663 = VECTOR ( 'NONE', #291, 1000.000000000000000 ) ;
#664 = SURFACE_SIDE_STYLE ('',( #1450 ) ) ;
#665 = ORIENTED_EDGE ( 'NONE', *, *, #4398, .T. ) ;
#666 =( LENGTH_UNIT ( ) NAMED_UNIT ( * ) SI_UNIT ( .MILLI., .METRE. ) );
#667 = ORIENTED_EDGE ( 'NONE', *, *, #1531, .T. ) ;
#668 =( GEOMETRIC_REPRESENTATION_CONTEXT ( 3 ) GLOBAL_UNCERTAINTY_ASSIGNED_CONTEXT ( ( #3839 ) ) GLOBAL_UNIT_ASSIGNED_CONTEXT ( ( #3942, #3910, #5129 ) ) REPRESENTATION_CONTEXT ( 'NONE', 'WORKASPACE' ) );
#669 = EDGE_CURVE ( 'NONE', #4359, #2909, #2171, .T. ) ;
#670 =( NAMED_UNIT ( * ) SI_UNIT ( $, .STERADIAN. ) SOLID_ANGLE_UNIT ( ) );
#671 = EDGE_CURVE ( 'NONE', #4748, #3506, #4889, .T. ) ;
#672 = SURFACE_STYLE_FILL_AREA ( #1533 ) ;
#673 = CARTESIAN_POINT ( 'NONE',  ( -0.6699999999999997069, 3.070000000000000284, 0.8499999999999995337 ) ) ;
#674 = DIRECTION ( 'NONE',  ( 0.000000000000000000, 0.000000000000000000, -1.000000000000000000 ) ) ;
#675 = LINE ( 'NONE', #650, #19 ) ;
#676 = PRESENTATION_LAYER_ASSIGNMENT (  '', '', ( #2096 ) ) ;
#677 = EDGE_LOOP ( 'NONE', ( #4901, #254, #1911, #4193 ) ) ;
#678 = EDGE_CURVE ( 'NONE', #2341, #2392, #1791, .T. ) ;
#679 = ORIENTED_EDGE ( 'NONE', *, *, #5077, .F. ) ;
#680 = PRESENTATION_STYLE_ASSIGNMENT (( #4258 ) ) ;
#681 =( GEOMETRIC_REPRESENTATION_CONTEXT ( 3 ) GLOBAL_UNCERTAINTY_ASSIGNED_CONTEXT ( ( #3349 ) ) GLOBAL_UNIT_ASSIGNED_CONTEXT ( ( #5161, #3956, #2799 ) ) REPRESENTATION_CONTEXT ( 'NONE', 'WORKASPACE' ) );
#682 = ORIENTED_EDGE ( 'NONE', *, *, #4752, .F. ) ;
#683 = AXIS2_PLACEMENT_3D ( 'NONE', #3285, #4020, #4473 ) ;
#684 = CARTESIAN_POINT ( 'NONE',  ( 1.545000000000000817, -0.6000000000000000888, 3.854977409527656995 ) ) ;
#685 = DIRECTION ( 'NONE',  ( -0.8658027586716575685, -0.4998714557841987816, 0.02267401086559870174 ) ) ;
#686 =( NAMED_UNIT ( * ) PLANE_ANGLE_UNIT ( ) SI_UNIT ( $, .RADIAN. ) );
#687 = FILL_AREA_STYLE_COLOUR ( '', #1097 ) ;
#688 = COLOUR_RGB ( '',0.8941176470588234615, 0.9137254901960784048, 0.9294117647058823817 ) ;
#689 = DIRECTION ( 'NONE',  ( -1.000000000000000000, 0.000000000000000000, 0.000000000000000000 ) ) ;
#690 = EDGE_LOOP ( 'NONE', ( #3454, #1192, #2560, #1090 ) ) ;
#691 = EDGE_CURVE ( 'NONE', #3269, #1898, #2159, .T. ) ;
#692 = STYLED_ITEM ( 'NONE', ( #2189 ), #1213 ) ;
#693 = AXIS2_PLACEMENT_3D ( 'NONE', #5174, #1596, #4396 ) ;
#694 = VERTEX_POINT ( 'NONE', #2531 ) ;
#695 = STYLED_ITEM ( 'NONE', ( #888 ), #45 ) ;
#696 = VECTOR ( 'NONE', #536, 1000.000000000000000 ) ;
#697 = CARTESIAN_POINT ( 'NONE',  ( -3.275000000000000355, 3.020000000000000018, 3.339999999999999858 ) ) ;
#698 = CARTESIAN_POINT ( 'NONE',  ( 2.020000000000000018, -0.3257586221349297317, -3.665516011480168146 ) ) ;
#699 = EDGE_CURVE ( 'NONE', #478, #190, #1401, .T. ) ;
#700 = SURFACE_STYLE_FILL_AREA ( #1846 ) ;
#701 = AXIS2_PLACEMENT_3D ( 'NONE', #625, #5047, #3383 ) ;
#702 = VERTEX_POINT ( 'NONE', #1377 ) ;
#703 =( NAMED_UNIT ( * ) PLANE_ANGLE_UNIT ( ) SI_UNIT ( $, .RADIAN. ) );
#704 = CYLINDRICAL_SURFACE ( 'NONE', #1696, 0.1000000000000002554 ) ;
#705 = ORIENTED_EDGE ( 'NONE', *, *, #3596, .F. ) ;
#706 = SURFACE_STYLE_USAGE ( .BOTH. , #1143 ) ;
#707 = DIRECTION ( 'NONE',  ( 0.000000000000000000, 0.000000000000000000, -1.000000000000000000 ) ) ;
#708 = ORIENTED_EDGE ( 'NONE', *, *, #3207, .T. ) ;
#709 = EDGE_CURVE ( 'NONE', #1234, #3884, #1670, .T. ) ;
#710 = PRESENTATION_STYLE_ASSIGNMENT (( #4289 ) ) ;
#711 =( NAMED_UNIT ( * ) PLANE_ANGLE_UNIT ( ) SI_UNIT ( $, .RADIAN. ) );
#712 = FILL_AREA_STYLE ('',( #3135 ) ) ;
#713 = SURFACE_STYLE_USAGE ( .BOTH. , #2382 ) ;
#714 = UNCERTAINTY_MEASURE_WITH_UNIT (LENGTH_MEASURE( 1.000000000000000082E-05 ), #800, 'distance_accuracy_value', 'NONE');
#715 = UNCERTAINTY_MEASURE_WITH_UNIT (LENGTH_MEASURE( 1.000000000000000082E-05 ), #2974, 'distance_accuracy_value', 'NONE');
#716 = ORIENTED_EDGE ( 'NONE', *, *, #4614, .T. ) ;
#717 = UNCERTAINTY_MEASURE_WITH_UNIT (LENGTH_MEASURE( 1.000000000000000082E-05 ), #1636, 'distance_accuracy_value', 'NONE');
#718 = EDGE_CURVE ( 'NONE', #4945, #4640, #2907, .T. ) ;
#719 = EDGE_LOOP ( 'NONE', ( #1086, #2953, #1496, #1914 ) ) ;
#720 = CARTESIAN_POINT ( 'NONE',  ( -2.020000000000000018, 1.370000000000000107, -3.665516011480168146 ) ) ;
#721 = VERTEX_POINT ( 'NONE', #4119 ) ;
#722 =( LENGTH_UNIT ( ) NAMED_UNIT ( * ) SI_UNIT ( .MILLI., .METRE. ) );
#723 = VERTEX_POINT ( 'NONE', #4618 ) ;
#724 =( LENGTH_UNIT ( ) NAMED_UNIT ( * ) SI_UNIT ( .MILLI., .METRE. ) );
#725 = FILL_AREA_STYLE ('',( #3828 ) ) ;
#726 = EDGE_CURVE ( 'NONE', #3632, #3544, #4935, .T. ) ;
#727 = ORIENTED_EDGE ( 'NONE', *, *, #169, .T. ) ;
#728 = EDGE_CURVE ( 'NONE', #2051, #158, #130, .T. ) ;
#729 = EDGE_CURVE ( 'NONE', #765, #2761, #4560, .T. ) ;
#730 = ADVANCED_FACE ( 'NONE', ( #3776 ), #3380, .F. ) ;
#731 = AXIS2_PLACEMENT_3D ( 'NONE', #4213, #2588, #3762 ) ;
#732 = STYLED_ITEM ( 'NONE', ( #1127 ), #120 ) ;
#733 = DIRECTION ( 'NONE',  ( -1.000000000000000000, 0.000000000000000000, 0.000000000000000000 ) ) ;
#734 = VECTOR ( 'NONE', #23, 1000.000000000000000 ) ;
#735 = CARTESIAN_POINT ( 'NONE',  ( -0.5200000000000000178, 1.470000000000000195, -2.866512164179471522 ) ) ;
#736 = ORIENTED_EDGE ( 'NONE', *, *, #3346, .T. ) ;
#737 = FACE_OUTER_BOUND ( 'NONE', #2363, .T. ) ;
#738 = SURFACE_SIDE_STYLE ('',( #1964 ) ) ;
#739 = EDGE_LOOP ( 'NONE', ( #2030, #4610, #5051, #3076 ) ) ;
#740 = AXIS2_PLACEMENT_3D ( 'NONE', #821, #2529, #4887 ) ;
#741 = CARTESIAN_POINT ( 'NONE',  ( 2.020000000000000018, -3.799999999999999822, 4.000128395706870954 ) ) ;
#742 = FACE_OUTER_BOUND ( 'NONE', #1179, .T. ) ;
#743 = LINE ( 'NONE', #698, #4750 ) ;
#744 = EDGE_LOOP ( 'NONE', ( #293, #1661, #4381, #3416, #4071, #3995, #210, #823 ) ) ;
#745 = DIRECTION ( 'NONE',  ( -0.000000000000000000, -0.000000000000000000, -1.000000000000000000 ) ) ;
#746 =( NAMED_UNIT ( * ) SI_UNIT ( $, .STERADIAN. ) SOLID_ANGLE_UNIT ( ) );
#747 = ORIENTED_EDGE ( 'NONE', *, *, #2849, .F. ) ;
#748 = LINE ( 'NONE', #3932, #5132 ) ;
#749 = ADVANCED_FACE ( 'NONE', ( #2216 ), #1049, .F. ) ;
#750 = STYLED_ITEM ( 'NONE', ( #801 ), #3548 ) ;
#751 = FILL_AREA_STYLE_COLOUR ( '', #4500 ) ;
#752 = EDGE_LOOP ( 'NONE', ( #3734, #1308, #2190, #106, #301, #30, #5023, #908, #1667 ) ) ;
#753 = STYLED_ITEM ( 'NONE', ( #2318 ), #496 ) ;
#754 = AXIS2_PLACEMENT_3D ( 'NONE', #4585, #1005, #2185 ) ;
#755 = STYLED_ITEM ( 'NONE', ( #3527 ), #609 ) ;
#756 =( NAMED_UNIT ( * ) SI_UNIT ( $, .STERADIAN. ) SOLID_ANGLE_UNIT ( ) );
#757 = UNCERTAINTY_MEASURE_WITH_UNIT (LENGTH_MEASURE( 1.000000000000000082E-05 ), #12, 'distance_accuracy_value', 'NONE');
#758 = EDGE_CURVE ( 'NONE', #3116, #4748, #4957, .T. ) ;
#759 = FACE_OUTER_BOUND ( 'NONE', #1851, .T. ) ;
#760 = DIRECTION ( 'NONE',  ( -1.000000000000000000, 0.000000000000000000, 0.000000000000000000 ) ) ;
#761 = VECTOR ( 'NONE', #3333, 1000.000000000000000 ) ;
#762 = UNCERTAINTY_MEASURE_WITH_UNIT (LENGTH_MEASURE( 1.000000000000000082E-05 ), #1874, 'distance_accuracy_value', 'NONE');
#763 = CARTESIAN_POINT ( 'NONE',  ( 0.5200000000000002398, 3.669999999999999929, -1.810000000000000053 ) ) ;
#764 =( NAMED_UNIT ( * ) SI_UNIT ( $, .STERADIAN. ) SOLID_ANGLE_UNIT ( ) );
#765 = VERTEX_POINT ( 'NONE', #3322 ) ;
#766 = DIRECTION ( 'NONE',  ( 0.000000000000000000, 0.000000000000000000, 1.000000000000000000 ) ) ;
#767 = SURFACE_STYLE_USAGE ( .BOTH. , #3607 ) ;
#768 = DIRECTION ( 'NONE',  ( -0.000000000000000000, 0.04531309127232063111, -0.9989728343450319237 ) ) ;
#769 = STYLED_ITEM ( 'NONE', ( #1783 ), #1714 ) ;
#770 = VERTEX_POINT ( 'NONE', #3436 ) ;
#771 =( NAMED_UNIT ( * ) SI_UNIT ( $, .STERADIAN. ) SOLID_ANGLE_UNIT ( ) );
#772 = SURFACE_SIDE_STYLE ('',( #847 ) ) ;
#773 = ORIENTED_EDGE ( 'NONE', *, *, #170, .T. ) ;
#774 = DIRECTION ( 'NONE',  ( -0.000000000000000000, -1.000000000000000000, -0.000000000000000000 ) ) ;
#775 = CARTESIAN_POINT ( 'NONE',  ( 3.151132541734830816, -1.844843703379108524, 3.911443125522801267 ) ) ;
#776 = DIRECTION ( 'NONE',  ( -1.084202172485504434E-16, 0.000000000000000000, 1.000000000000000000 ) ) ;
#777 = SURFACE_SIDE_STYLE ('',( #2753 ) ) ;
#778 = ORIENTED_EDGE ( 'NONE', *, *, #3778, .F. ) ;
#779 = LINE ( 'NONE', #799, #4710 ) ;
#780 = COLOUR_RGB ( '',1.000000000000000000, 1.000000000000000000, 1.000000000000000000 ) ;
#781 =( GEOMETRIC_REPRESENTATION_CONTEXT ( 3 ) GLOBAL_UNCERTAINTY_ASSIGNED_CONTEXT ( ( #3254 ) ) GLOBAL_UNIT_ASSIGNED_CONTEXT ( ( #3880, #3903, #1894 ) ) REPRESENTATION_CONTEXT ( 'NONE', 'WORKASPACE' ) );
#782 = CARTESIAN_POINT ( 'NONE',  ( -1.270000000000000018, -3.513954197737035656, 4.237410504193240612 ) ) ;
#783 = DIRECTION ( 'NONE',  ( -1.353860646563606630E-16, -0.9989728343450317016, -0.04531309127232062417 ) ) ;
#784 = VECTOR ( 'NONE', #897, 1000.000000000000227 ) ;
#785 = AXIS2_PLACEMENT_3D ( 'NONE', #611, #4980, #2871 ) ;
#786 = ORIENTED_EDGE ( 'NONE', *, *, #1906, .F. ) ;
#787 = VECTOR ( 'NONE', #3053, 1000.000000000000000 ) ;
#788 = EDGE_CURVE ( 'NONE', #3722, #4288, #4607, .T. ) ;
#789 = CARTESIAN_POINT ( 'NONE',  ( -1.545000000000000595, -0.5999999999999998668, 4.249871604293129046 ) ) ;
#790 = ORIENTED_EDGE ( 'NONE', *, *, #4536, .F. ) ;
#791 = SURFACE_STYLE_USAGE ( .BOTH. , #3147 ) ;
#792 =( NAMED_UNIT ( * ) SI_UNIT ( $, .STERADIAN. ) SOLID_ANGLE_UNIT ( ) );
#793 = ORIENTED_EDGE ( 'NONE', *, *, #4555, .T. ) ;
#794 = CARTESIAN_POINT ( 'NONE',  ( 2.020000000000000018, 1.719999999999999973, -2.928844164890265223 ) ) ;
#795 = CARTESIAN_POINT ( 'NONE',  ( 3.274999999999999911, 3.020000000000000018, -3.339999999999999858 ) ) ;
#796 = CARTESIAN_POINT ( 'NONE',  ( -2.026710916349651725, -1.195658575280343472, -3.881996293786421859 ) ) ;
#797 = FILL_AREA_STYLE ('',( #4779 ) ) ;
#798 = ORIENTED_EDGE ( 'NONE', *, *, #4595, .T. ) ;
#799 = CARTESIAN_POINT ( 'NONE',  ( 0.2222955264827440880, 0.1028058998981346145, -4.073355412022810818 ) ) ;
#800 =( LENGTH_UNIT ( ) NAMED_UNIT ( * ) SI_UNIT ( .MILLI., .METRE. ) );
#801 = PRESENTATION_STYLE_ASSIGNMENT (( #1567 ) ) ;
#802 = CARTESIAN_POINT ( 'NONE',  ( 1.545000000000000151, -3.507406973840369702, -4.381750663504773158 ) ) ;
#803 = UNCERTAINTY_MEASURE_WITH_UNIT (LENGTH_MEASURE( 1.000000000000000082E-05 ), #4869, 'distance_accuracy_value', 'NONE');
#804 = LINE ( 'NONE', #832, #90 ) ;
#805 = VERTEX_POINT ( 'NONE', #4981 ) ;
#806 = VECTOR ( 'NONE', #3809, 1000.000000000000000 ) ;
#807 = UNCERTAINTY_MEASURE_WITH_UNIT (LENGTH_MEASURE( 1.000000000000000082E-05 ), #4312, 'distance_accuracy_value', 'NONE');
#808 = PRESENTATION_STYLE_ASSIGNMENT (( #4348 ) ) ;
#809 = ORIENTED_EDGE ( 'NONE', *, *, #1514, .T. ) ;
#810 = STYLED_ITEM ( 'NONE', ( #1156 ), #4979 ) ;
#811 =( NAMED_UNIT ( * ) PLANE_ANGLE_UNIT ( ) SI_UNIT ( $, .RADIAN. ) );
#812 = VERTEX_POINT ( 'NONE', #3370 ) ;
#813 = ADVANCED_FACE ( 'NONE', ( #1756, #3841 ), #1833, .F. ) ;
#814 = VECTOR ( 'NONE', #4791, 1000.000000000000227 ) ;
#815 = DIRECTION ( 'NONE',  ( 1.000000000000000000, 0.000000000000000000, -0.000000000000000000 ) ) ;
#816 = ADVANCED_FACE ( 'NONE', ( #4239 ), #5034, .F. ) ;
#817 = VECTOR ( 'NONE', #4859, 1000.000000000000000 ) ;
#818 = ORIENTED_EDGE ( 'NONE', *, *, #3999, .F. ) ;
#819 = CARTESIAN_POINT ( 'NONE',  ( 0.9949999999999999956, -3.507406973840369702, -4.381750663504773158 ) ) ;
#820 = CARTESIAN_POINT ( 'NONE',  ( 0.5200000000000000178, 1.374531309127232204, 3.765413294914671027 ) ) ;
#821 = CARTESIAN_POINT ( 'NONE',  ( -2.020000000000000018, 1.370000000000000107, 3.665516011480168146 ) ) ;
#822 = DIRECTION ( 'NONE',  ( 0.000000000000000000, 0.04531309127232079070, 0.9989728343450319237 ) ) ;
#823 = ORIENTED_EDGE ( 'NONE', *, *, #4275, .F. ) ;
#824 = EDGE_CURVE ( 'NONE', #2092, #616, #1640, .T. ) ;
#825 = PLANE ( 'NONE',  #2775 ) ;
#826 =( GEOMETRIC_REPRESENTATION_CONTEXT ( 3 ) GLOBAL_UNCERTAINTY_ASSIGNED_CONTEXT ( ( #328 ) ) GLOBAL_UNIT_ASSIGNED_CONTEXT ( ( #2194, #4943, #3805 ) ) REPRESENTATION_CONTEXT ( 'NONE', 'WORKASPACE' ) );
#827 = CARTESIAN_POINT ( 'NONE',  ( -1.545000000000000151, -3.799999999999999822, -4.000128395706870954 ) ) ;
#828 = PRESENTATION_LAYER_ASSIGNMENT (  '', '', ( #3395 ) ) ;
#829 = ORIENTED_EDGE ( 'NONE', *, *, #2101, .F. ) ;
#830 = MECHANICAL_DESIGN_GEOMETRIC_PRESENTATION_REPRESENTATION (  '', ( #1333 ), #4001 ) ;
#831 = DIRECTION ( 'NONE',  ( 0.000000000000000000, 0.2419218955996648157, -0.9702957262759972501 ) ) ;
#832 = CARTESIAN_POINT ( 'NONE',  ( 3.274999999999999911, 1.719999999999999973, 3.339999999999999858 ) ) ;
#833 = ORIENTED_EDGE ( 'NONE', *, *, #4212, .T. ) ;
#834 = STYLED_ITEM ( 'NONE', ( #1237 ), #4067 ) ;
#835 = DIRECTION ( 'NONE',  ( -1.000000000000000000, 1.355252715606880543E-16, 0.000000000000000000 ) ) ;
#836 = LINE ( 'NONE', #3224, #557 ) ;
#837 = EDGE_CURVE ( 'NONE', #2930, #4080, #1338, .T. ) ;
#838 = DIRECTION ( 'NONE',  ( -1.000000000000000000, 0.000000000000000000, 0.000000000000000000 ) ) ;
#839 = ADVANCED_FACE ( 'NONE', ( #4437 ), #854, .F. ) ;
#840 = EDGE_LOOP ( 'NONE', ( #2672, #54, #3237, #3093 ) ) ;
#841 = LINE ( 'NONE', #4324, #1363 ) ;
#842 = COLOUR_RGB ( '',1.000000000000000000, 1.000000000000000000, 1.000000000000000000 ) ;
#843 = CARTESIAN_POINT ( 'NONE',  ( 2.020000000000000018, 1.470000000000000195, 2.866512164179471522 ) ) ;
#844 = DIRECTION ( 'NONE',  ( 1.000000000000000000, 0.000000000000000000, 0.000000000000000000 ) ) ;
#845 = EDGE_LOOP ( 'NONE', ( #3912, #3638, #4030, #882 ) ) ;
#846 = VECTOR ( 'NONE', #48, 1000.000000000000227 ) ;
#847 = SURFACE_STYLE_FILL_AREA ( #2420 ) ;
#848 = FACE_OUTER_BOUND ( 'NONE', #5112, .T. ) ;
#849 = DIRECTION ( 'NONE',  ( -0.000000000000000000, 1.000000000000000000, -0.000000000000000000 ) ) ;
#850 = VECTOR ( 'NONE', #4200, 1000.000000000000227 ) ;
#851 = ADVANCED_FACE ( 'NONE', ( #1945 ), #1501, .F. ) ;
#852 = DIRECTION ( 'NONE',  ( 0.000000000000000000, -0.000000000000000000, -1.000000000000000000 ) ) ;
#853 = FILL_AREA_STYLE_COLOUR ( '', #1490 ) ;
#854 = PLANE ( 'NONE',  #3242 ) ;
#855 = ORIENTED_EDGE ( 'NONE', *, *, #10, .F. ) ;
#856 = SURFACE_STYLE_USAGE ( .BOTH. , #1712 ) ;
#857 = DIRECTION ( 'NONE',  ( -0.000000000000000000, -1.000000000000000000, -0.000000000000000000 ) ) ;
#858 = MECHANICAL_DESIGN_GEOMETRIC_PRESENTATION_REPRESENTATION (  '', ( #3013 ), #2115 ) ;
#859 = CARTESIAN_POINT ( 'NONE',  ( 1.270000000000000018, -3.525282470555116010, 3.987667295606982965 ) ) ;
#860 =( NAMED_UNIT ( * ) SI_UNIT ( $, .STERADIAN. ) SOLID_ANGLE_UNIT ( ) );
#861 = ORIENTED_EDGE ( 'NONE', *, *, #2453, .F. ) ;
#862 = CARTESIAN_POINT ( 'NONE',  ( 3.274999999999999911, 3.020000000000000018, -3.339999999999999858 ) ) ;
#863 = DIRECTION ( 'NONE',  ( 0.000000000000000000, -0.9702957262759976942, -0.2419218955996630949 ) ) ;
#864 = VERTEX_POINT ( 'NONE', #3466 ) ;
#865 = AXIS2_PLACEMENT_3D ( 'NONE', #2690, #4290, #5150 ) ;
#866 = DIRECTION ( 'NONE',  ( 0.000000000000000000, 0.000000000000000000, 1.000000000000000000 ) ) ;
#867 = CARTESIAN_POINT ( 'NONE',  ( -0.5200000000000000178, -0.3257586221349298428, 4.092794962964849681 ) ) ;
#868 = ORIENTED_EDGE ( 'NONE', *, *, #2445, .T. ) ;
#869 = ORIENTED_EDGE ( 'NONE', *, *, #3094, .T. ) ;
#870 = PRESENTATION_LAYER_ASSIGNMENT (  '', '', ( #2468 ) ) ;
#871 = CARTESIAN_POINT ( 'NONE',  ( 0.9949999999999993294, 1.385859581945311891, 4.015156503500930008 ) ) ;
#872 = CARTESIAN_POINT ( 'NONE',  ( -0.5200000000000000178, 1.470000000000000195, -2.866512164179471522 ) ) ;
#873 = FILL_AREA_STYLE_COLOUR ( '', #1735 ) ;
#874 = FILL_AREA_STYLE ('',( #554 ) ) ;
#875 = CARTESIAN_POINT ( 'NONE',  ( 0.5200000000000000178, -0.3257586221349295097, -3.842537907512574957 ) ) ;
#876 = SURFACE_STYLE_USAGE ( .BOTH. , #3982 ) ;
#877 = EDGE_LOOP ( 'NONE', ( #3795, #2901, #4874, #1834 ) ) ;
#878 = DIRECTION ( 'NONE',  ( -0.000000000000000000, 0.000000000000000000, -1.000000000000000000 ) ) ;
#879 = ADVANCED_FACE ( 'NONE', ( #3534 ), #1534, .F. ) ;
#880 = PRESENTATION_STYLE_ASSIGNMENT (( #3597 ) ) ;
#881 =( NAMED_UNIT ( * ) SI_UNIT ( $, .STERADIAN. ) SOLID_ANGLE_UNIT ( ) );
#882 = ORIENTED_EDGE ( 'NONE', *, *, #2645, .F. ) ;
#883 = EDGE_CURVE ( 'NONE', #1253, #2232, #2366, .T. ) ;
#884 = CARTESIAN_POINT ( 'NONE',  ( 1.270000000000000018, -3.513954197737035656, -4.237410504193240612 ) ) ;
#885 = EDGE_CURVE ( 'NONE', #4860, #2726, #1968, .T. ) ;
#886 = ADVANCED_FACE ( 'NONE', ( #742 ), #3151, .F. ) ;
#887 =( LENGTH_UNIT ( ) NAMED_UNIT ( * ) SI_UNIT ( .MILLI., .METRE. ) );
#888 = PRESENTATION_STYLE_ASSIGNMENT (( #1720 ) ) ;
#889 = PRESENTATION_STYLE_ASSIGNMENT (( #4921 ) ) ;
#890 = VERTEX_POINT ( 'NONE', #872 ) ;
#891 =( LENGTH_UNIT ( ) NAMED_UNIT ( * ) SI_UNIT ( .MILLI., .METRE. ) );
#892 = SURFACE_STYLE_USAGE ( .BOTH. , #4797 ) ;
#893 = SURFACE_STYLE_USAGE ( .BOTH. , #4387 ) ;
#894 = PRESENTATION_LAYER_ASSIGNMENT (  '', '', ( #732 ) ) ;
#895 = SURFACE_STYLE_FILL_AREA ( #3735 ) ;
#896 =( NAMED_UNIT ( * ) SI_UNIT ( $, .STERADIAN. ) SOLID_ANGLE_UNIT ( ) );
#897 = DIRECTION ( 'NONE',  ( 0.000000000000000000, 0.9989728343450317016, -0.04531309127232062417 ) ) ;
#898 = EDGE_LOOP ( 'NONE', ( #1110, #1282, #4900, #1184 ) ) ;
#899 = VECTOR ( 'NONE', #1680, 1000.000000000000000 ) ;
#900 = VECTOR ( 'NONE', #3689, 1000.000000000000000 ) ;
#901 = STYLED_ITEM ( 'NONE', ( #1189 ), #4821 ) ;
#902 = SURFACE_SIDE_STYLE ('',( #3564 ) ) ;
#903 = SURFACE_SIDE_STYLE ('',( #3697 ) ) ;
#904 = ORIENTED_EDGE ( 'NONE', *, *, #3042, .T. ) ;
#905 = AXIS2_PLACEMENT_3D ( 'NONE', #3696, #3196, #481 ) ;
#906 = CARTESIAN_POINT ( 'NONE',  ( -0.7199999999999996403, 5.156606874731850532, 0.1499999999999999667 ) ) ;
#907 = CARTESIAN_POINT ( 'NONE',  ( 0.5200000000000000178, 1.369999999999999885, -3.665516011480168146 ) ) ;
#908 = ORIENTED_EDGE ( 'NONE', *, *, #4476, .T. ) ;
#909 =( NAMED_UNIT ( * ) SI_UNIT ( $, .STERADIAN. ) SOLID_ANGLE_UNIT ( ) );
#910 = PRESENTATION_LAYER_ASSIGNMENT (  '', '', ( #1740 ) ) ;
#911 = CARTESIAN_POINT ( 'NONE',  ( 3.274999999999999911, 3.020000000000000018, -3.339999999999999858 ) ) ;
#913 = CARTESIAN_POINT ( 'NONE',  ( 1.545000000000000151, -3.507406973840369702, 4.381750663504773158 ) ) ;
#912 = COLOUR_RGB ( '',0.8941176470588234615, 0.9137254901960784048, 0.9294117647058823817 ) ;
#914 = PRESENTATION_LAYER_ASSIGNMENT (  '', '', ( #317 ) ) ;
#915 = MECHANICAL_DESIGN_GEOMETRIC_PRESENTATION_REPRESENTATION (  '', ( #2515 ), #411 ) ;
#916 = ADVANCED_FACE ( 'NONE', ( #3255 ), #97, .F. ) ;
#917 = CIRCLE ( 'NONE', #246, 0.3500000000000004774 ) ;
#918 = DIRECTION ( 'NONE',  ( -0.000000000000000000, -0.000000000000000000, 1.000000000000000000 ) ) ;
#919 = PRESENTATION_STYLE_ASSIGNMENT (( #2873 ) ) ;
#920 = DIRECTION ( 'NONE',  ( 0.000000000000000000, -0.000000000000000000, 1.000000000000000000 ) ) ;
#921 = DIRECTION ( 'NONE',  ( 1.000000000000000000, 0.000000000000000000, 0.000000000000000000 ) ) ;
#922 = STYLED_ITEM ( 'NONE', ( #290 ), #851 ) ;
#923 = CARTESIAN_POINT ( 'NONE',  ( 2.020000000000000018, 1.385859581945312113, 4.015156503500930008 ) ) ;
#924 = VECTOR ( 'NONE', #2693, 1000.000000000000227 ) ;
#925 = FILL_AREA_STYLE ('',( #3280 ) ) ;
#926 =( GEOMETRIC_REPRESENTATION_CONTEXT ( 3 ) GLOBAL_UNCERTAINTY_ASSIGNED_CONTEXT ( ( #5064 ) ) GLOBAL_UNIT_ASSIGNED_CONTEXT ( ( #724, #703, #5049 ) ) REPRESENTATION_CONTEXT ( 'NONE', 'WORKASPACE' ) );
#927 = VERTEX_POINT ( 'NONE', #4925 ) ;
#928 = PRESENTATION_STYLE_ASSIGNMENT (( #4166 ) ) ;
#929 =( NAMED_UNIT ( * ) PLANE_ANGLE_UNIT ( ) SI_UNIT ( $, .RADIAN. ) );
#930 = CARTESIAN_POINT ( 'NONE',  ( -0.6699999999999997069, 3.070000000000000284, -0.8499999999999995337 ) ) ;
#931 = DIRECTION ( 'NONE',  ( 0.000000000000000000, 1.000000000000000000, 0.000000000000000000 ) ) ;
#932 = FILL_AREA_STYLE_COLOUR ( '', #2688 ) ;
#933 = CLOSED_SHELL ( 'NONE', ( #4638, #1317, #3977, #197, #2553, #2826, #813, #1387, #1064, #4374, #4492, #609, #1048, #3010, #3354, #1065, #4170, #3758, #1436, #461, #3595, #1714, #3263, #4660, #4940, #3421, #4979, #4083, #4712, #498, #4311, #3100, #412, #1752, #3721, #1213, #297, #4133, #120, #2358, #2616, #4460, #4915 ) ) ;
#934 = EDGE_LOOP ( 'NONE', ( #1815, #2754, #1452, #1616 ) ) ;
#935 = AXIS2_PLACEMENT_3D ( 'NONE', #1903, #2306, #3040 ) ;
#936 = DIRECTION ( 'NONE',  ( 0.000000000000000000, -0.000000000000000000, 1.000000000000000000 ) ) ;
#937 = COLOUR_RGB ( '',0.8941176470588234615, 0.9137254901960784048, 0.9294117647058823817 ) ;
#938 =( GEOMETRIC_REPRESENTATION_CONTEXT ( 3 ) GLOBAL_UNCERTAINTY_ASSIGNED_CONTEXT ( ( #484 ) ) GLOBAL_UNIT_ASSIGNED_CONTEXT ( ( #1682, #3278, #2052 ) ) REPRESENTATION_CONTEXT ( 'NONE', 'WORKASPACE' ) );
#939 = DIRECTION ( 'NONE',  ( -0.000000000000000000, 1.000000000000000000, -0.000000000000000000 ) ) ;
#940 = VECTOR ( 'NONE', #3701, 1000.000000000000227 ) ;
#941 =( NAMED_UNIT ( * ) SI_UNIT ( $, .STERADIAN. ) SOLID_ANGLE_UNIT ( ) );
#942 = MECHANICAL_DESIGN_GEOMETRIC_PRESENTATION_REPRESENTATION (  '', ( #4201 ), #781 ) ;
#943 = PLANE ( 'NONE',  #472 ) ;
#944 = ORIENTED_EDGE ( 'NONE', *, *, #4916, .T. ) ;
#945 = EDGE_CURVE ( 'NONE', #3297, #5006, #2452, .T. ) ;
#946 = AXIS2_PLACEMENT_3D ( 'NONE', #4772, #340, #1561 ) ;
#947 = SURFACE_STYLE_USAGE ( .BOTH. , #4184 ) ;
#948 = CARTESIAN_POINT ( 'NONE',  ( -0.9949999999999999956, -3.513954197737036544, 4.237410504193240612 ) ) ;
#949 = VECTOR ( 'NONE', #1028, 1000.000000000000000 ) ;
#950 = ORIENTED_EDGE ( 'NONE', *, *, #1531, .F. ) ;
#951 = SURFACE_SIDE_STYLE ('',( #2552 ) ) ;
#952 = FILL_AREA_STYLE_COLOUR ( '', #1873 ) ;
#953 = AXIS2_PLACEMENT_3D ( 'NONE', #1916, #644, #4582 ) ;
#954 = DIRECTION ( 'NONE',  ( -1.000000000000000000, -0.000000000000000000, -0.000000000000000000 ) ) ;
#955 = ORIENTED_EDGE ( 'NONE', *, *, #3862, .F. ) ;
#956 =( LENGTH_UNIT ( ) NAMED_UNIT ( * ) SI_UNIT ( .MILLI., .METRE. ) );
#957 = DIRECTION ( 'NONE',  ( 0.000000000000000000, 0.000000000000000000, 1.000000000000000000 ) ) ;
#958 = ORIENTED_EDGE ( 'NONE', *, *, #4583, .T. ) ;
#959 = EDGE_LOOP ( 'NONE', ( #2018, #5171, #4453, #3653 ) ) ;
#960 = SURFACE_STYLE_USAGE ( .BOTH. , #2167 ) ;
#961 = DIRECTION ( 'NONE',  ( -1.353860646563606630E-16, -0.9989728343450317016, 0.04531309127232062417 ) ) ;
#962 = DIRECTION ( 'NONE',  ( 0.000000000000000000, 0.000000000000000000, 1.000000000000000000 ) ) ;
#963 = PLANE ( 'NONE',  #526 ) ;
#964 = CARTESIAN_POINT ( 'NONE',  ( -0.5200000000000000178, 1.369999999999999885, -3.665516011480168146 ) ) ;
#965 = LINE ( 'NONE', #94, #2034 ) ;
#966 = UNCERTAINTY_MEASURE_WITH_UNIT (LENGTH_MEASURE( 1.000000000000000082E-05 ), #2941, 'distance_accuracy_value', 'NONE');
#967 =( NAMED_UNIT ( * ) PLANE_ANGLE_UNIT ( ) SI_UNIT ( $, .RADIAN. ) );
#968 = ORIENTED_EDGE ( 'NONE', *, *, #4751, .T. ) ;
#969 = UNCERTAINTY_MEASURE_WITH_UNIT (LENGTH_MEASURE( 1.000000000000000082E-05 ), #3113, 'distance_accuracy_value', 'NONE');
#970 = CARTESIAN_POINT ( 'NONE',  ( 0.000000000000000000, 3.669000000000000039, 0.000000000000000000 ) ) ;
#971 = VERTEX_POINT ( 'NONE', #501 ) ;
#972 = SURFACE_SIDE_STYLE ('',( #56 ) ) ;
#973 = DIRECTION ( 'NONE',  ( 0.000000000000000000, 0.000000000000000000, 1.000000000000000000 ) ) ;
#974 = PRODUCT_DEFINITION_FORMATION_WITH_SPECIFIED_SOURCE ( 'ANY', '', #2916, .NOT_KNOWN. ) ;
#975 = PRODUCT_DEFINITION ( 'UNKNOWN', '', #974, #2805 ) ;
#976 = SURFACE_STYLE_USAGE ( .BOTH. , #4114 ) ;
#977 = AXIS2_PLACEMENT_3D ( 'NONE', #3486, #5105, #5079 ) ;
#978 = DIRECTION ( 'NONE',  ( 0.4999999999999975020, 0.8660254037844400399, 0.000000000000000000 ) ) ;
#979 = ORIENTED_EDGE ( 'NONE', *, *, #4049, .T. ) ;
#980 = EDGE_CURVE ( 'NONE', #1739, #2092, #4850, .T. ) ;
#981 = DIRECTION ( 'NONE',  ( 0.000000000000000000, 0.000000000000000000, -1.000000000000000000 ) ) ;
#982 = SURFACE_STYLE_USAGE ( .BOTH. , #2875 ) ;
#983 = ORIENTED_EDGE ( 'NONE', *, *, #980, .F. ) ;
#984 = FILL_AREA_STYLE ('',( #3719 ) ) ;
#985 = CARTESIAN_POINT ( 'NONE',  ( -0.7199999999999995293, 3.070000000000000284, -0.8499999999999995337 ) ) ;
#986 = CARTESIAN_POINT ( 'NONE',  ( -2.020000000000000018, 1.385859581945312113, 4.015156503500930008 ) ) ;
#987 =( GEOMETRIC_REPRESENTATION_CONTEXT ( 3 ) GLOBAL_UNCERTAINTY_ASSIGNED_CONTEXT ( ( #4570 ) ) GLOBAL_UNIT_ASSIGNED_CONTEXT ( ( #1673, #1606, #4871 ) ) REPRESENTATION_CONTEXT ( 'NONE', 'WORKASPACE' ) );
#988 = SURFACE_SIDE_STYLE ('',( #1014 ) ) ;
#989 = ORIENTED_EDGE ( 'NONE', *, *, #302, .T. ) ;
#990 = SURFACE_SIDE_STYLE ('',( #1743 ) ) ;
#991 = ORIENTED_EDGE ( 'NONE', *, *, #4204, .T. ) ;
#992 = VECTOR ( 'NONE', #3888, 1000.000000000000000 ) ;
#993 = CARTESIAN_POINT ( 'NONE',  ( -2.846155835109721810, -7.036592212525626360E-16, -3.340000000000000302 ) ) ;
#994 = PRESENTATION_STYLE_ASSIGNMENT (( #1389 ) ) ;
#995 = LINE ( 'NONE', #143, #2809 ) ;
#996 = COLOUR_RGB ( '',0.8941176470588234615, 0.9137254901960784048, 0.9294117647058823817 ) ;
#997 = ORIENTED_EDGE ( 'NONE', *, *, #2698, .F. ) ;
#998 = EDGE_CURVE ( 'NONE', #303, #4764, #4530, .T. ) ;
#999 = FACE_OUTER_BOUND ( 'NONE', #1888, .T. ) ;
#1000 =( GEOMETRIC_REPRESENTATION_CONTEXT ( 3 ) GLOBAL_UNCERTAINTY_ASSIGNED_CONTEXT ( ( #222 ) ) GLOBAL_UNIT_ASSIGNED_CONTEXT ( ( #2082, #1619, #2002 ) ) REPRESENTATION_CONTEXT ( 'NONE', 'WORKASPACE' ) );
#1001 = ORIENTED_EDGE ( 'NONE', *, *, #2675, .F. ) ;
#1002 = CARTESIAN_POINT ( 'NONE',  ( -3.275000000000000355, 3.669999999999999929, -3.339999999999999858 ) ) ;
#1003 = VECTOR ( 'NONE', #562, 1000.000000000000000 ) ;
#1004 = MECHANICAL_DESIGN_GEOMETRIC_PRESENTATION_REPRESENTATION (  '', ( #834 ), #4176 ) ;
#1005 = DIRECTION ( 'NONE',  ( 0.000000000000000000, 1.000000000000000000, -2.713884735720118648E-16 ) ) ;
#1006 = EDGE_LOOP ( 'NONE', ( #407, #4310, #1551, #208 ) ) ;
#1007 = SURFACE_STYLE_FILL_AREA ( #2989 ) ;
#1008 = MECHANICAL_DESIGN_GEOMETRIC_PRESENTATION_REPRESENTATION (  '', ( #4684 ), #681 ) ;
#1009 = MECHANICAL_DESIGN_GEOMETRIC_PRESENTATION_REPRESENTATION (  '', ( #1258 ), #2271 ) ;
#1010 = ORIENTED_EDGE ( 'NONE', *, *, #1808, .T. ) ;
#1011 = SURFACE_STYLE_USAGE ( .BOTH. , #2162 ) ;
#1012 = ADVANCED_FACE ( 'NONE', ( #3637 ), #595, .F. ) ;
#1013 = PLANE ( 'NONE',  #4022 ) ;
#1014 = SURFACE_STYLE_FILL_AREA ( #4563 ) ;
#1015 = ORIENTED_EDGE ( 'NONE', *, *, #104, .T. ) ;
#1016 = CARTESIAN_POINT ( 'NONE',  ( -0.7199999999999995293, 5.156606874731850532, -0.8499999999999999778 ) ) ;
#1017 = FILL_AREA_STYLE ('',( #2990 ) ) ;
#1018 =( GEOMETRIC_REPRESENTATION_CONTEXT ( 3 ) GLOBAL_UNCERTAINTY_ASSIGNED_CONTEXT ( ( #803 ) ) GLOBAL_UNIT_ASSIGNED_CONTEXT ( ( #4869, #3289, #1702 ) ) REPRESENTATION_CONTEXT ( 'NONE', 'WORKASPACE' ) );
#1019 = PRESENTATION_STYLE_ASSIGNMENT (( #1886 ) ) ;
#1020 = FILL_AREA_STYLE_COLOUR ( '', #5085 ) ;
#1021 = CARTESIAN_POINT ( 'NONE',  ( -2.846155835109721810, -7.036592212525626360E-16, 2.499999999999998224 ) ) ;
#1022 = COLOUR_RGB ( '',0.8941176470588234615, 0.9137254901960784048, 0.9294117647058823817 ) ;
#1023 = AXIS2_PLACEMENT_3D ( 'NONE', #4099, #2199, #2987 ) ;
#1024 = CARTESIAN_POINT ( 'NONE',  ( 0.5200000000000000178, 1.470000000000000195, 2.866512164179471522 ) ) ;
#1025 = PLANE ( 'NONE',  #4572 ) ;
#1026 = ORIENTED_EDGE ( 'NONE', *, *, #678, .F. ) ;
#1027 = SURFACE_STYLE_FILL_AREA ( #617 ) ;
#1028 = DIRECTION ( 'NONE',  ( -1.000000000000000000, -0.000000000000000000, 0.000000000000000000 ) ) ;
#1029 = VECTOR ( 'NONE', #3643, 1000.000000000000000 ) ;
#1030 = PRESENTATION_LAYER_ASSIGNMENT (  '', '', ( #3609 ) ) ;
#1031 = VECTOR ( 'NONE', #2154, 1000.000000000000000 ) ;
#1032 = ORIENTED_EDGE ( 'NONE', *, *, #391, .T. ) ;
#1033 = VECTOR ( 'NONE', #2889, 1000.000000000000000 ) ;
#1034 =( NAMED_UNIT ( * ) SI_UNIT ( $, .STERADIAN. ) SOLID_ANGLE_UNIT ( ) );
#1035 = DIRECTION ( 'NONE',  ( -0.000000000000000000, 1.000000000000000000, -0.000000000000000000 ) ) ;
#1036 = ORIENTED_EDGE ( 'NONE', *, *, #327, .F. ) ;
#1037 =( NAMED_UNIT ( * ) PLANE_ANGLE_UNIT ( ) SI_UNIT ( $, .RADIAN. ) );
#1038 = CARTESIAN_POINT ( 'NONE',  ( -1.270000000000000018, -3.525282470555116010, -3.987667295606982965 ) ) ;
#1039 = CARTESIAN_POINT ( 'NONE',  ( -2.020000000000000018, 1.719999999999999973, -2.928844164890265223 ) ) ;
#1040 = LINE ( 'NONE', #2641, #316 ) ;
#1041 = DIRECTION ( 'NONE',  ( 0.000000000000000000, 0.000000000000000000, 1.000000000000000000 ) ) ;
#1042 =( NAMED_UNIT ( * ) SI_UNIT ( $, .STERADIAN. ) SOLID_ANGLE_UNIT ( ) );
#1043 = ORIENTED_EDGE ( 'NONE', *, *, #729, .T. ) ;
#1044 = DIRECTION ( 'NONE',  ( 1.000000000000000000, 0.000000000000000000, -0.000000000000000000 ) ) ;
#1045 = DIRECTION ( 'NONE',  ( 0.000000000000000000, 0.000000000000000000, -1.000000000000000000 ) ) ;
#1046 = EDGE_CURVE ( 'NONE', #4717, #366, #4141, .T. ) ;
#1047 = EDGE_CURVE ( 'NONE', #2597, #150, #2534, .T. ) ;
#1048 = ADVANCED_FACE ( 'NONE', ( #2606 ), #4228, .T. ) ;
#1049 = CYLINDRICAL_SURFACE ( 'NONE', #5100, 0.1000000000000002554 ) ;
#1050 = DIRECTION ( 'NONE',  ( -1.000000000000000000, -0.000000000000000000, -0.000000000000000000 ) ) ;
#1051 = VERTEX_POINT ( 'NONE', #1324 ) ;
#1052 = CARTESIAN_POINT ( 'NONE',  ( 0.5200000000000000178, 1.470000000000000195, -2.866512164179471522 ) ) ;
#1053 = DIRECTION ( 'NONE',  ( 0.000000000000000000, 0.000000000000000000, -1.000000000000000000 ) ) ;
#1054 = CARTESIAN_POINT ( 'NONE',  ( 1.869999999999999662, 3.070000000000000284, -0.8499999999999999778 ) ) ;
#1055 = ORIENTED_EDGE ( 'NONE', *, *, #4651, .F. ) ;
#1056 =( NAMED_UNIT ( * ) PLANE_ANGLE_UNIT ( ) SI_UNIT ( $, .RADIAN. ) );
#1057 = CARTESIAN_POINT ( 'NONE',  ( 2.020000000000000018, 1.470000000000000417, -3.665516011480168146 ) ) ;
#1058 = ORIENTED_EDGE ( 'NONE', *, *, #3086, .T. ) ;
#1059 = PRESENTATION_STYLE_ASSIGNMENT (( #1895 ) ) ;
#1060 = DIRECTION ( 'NONE',  ( -0.000000000000000000, -0.9702957262759976942, 0.2419218955996630949 ) ) ;
#1061 = ORIENTED_EDGE ( 'NONE', *, *, #2202, .T. ) ;
#1062 = FACE_OUTER_BOUND ( 'NONE', #2860, .T. ) ;
#1063 = DIRECTION ( 'NONE',  ( -0.000000000000000000, 1.000000000000000000, -0.000000000000000000 ) ) ;
#1064 = ADVANCED_FACE ( 'NONE', ( #2903 ), #4562, .F. ) ;
#1065 = ADVANCED_FACE ( 'NONE', ( #2299 ), #1950, .F. ) ;
#1066 = LINE ( 'NONE', #4706, #182 ) ;
#1067 = VECTOR ( 'NONE', #3025, 1000.000000000000000 ) ;
#1068 = LINE ( 'NONE', #4548, #4960 ) ;
#1069 = FILL_AREA_STYLE_COLOUR ( '', #4768 ) ;
#1070 = MECHANICAL_DESIGN_GEOMETRIC_PRESENTATION_REPRESENTATION (  '', ( #392 ), #219 ) ;
#1071 = UNCERTAINTY_MEASURE_WITH_UNIT (LENGTH_MEASURE( 1.000000000000000082E-05 ), #3575, 'distance_accuracy_value', 'NONE');
#1072 =( NAMED_UNIT ( * ) PLANE_ANGLE_UNIT ( ) SI_UNIT ( $, .RADIAN. ) );
#1073 = UNCERTAINTY_MEASURE_WITH_UNIT (LENGTH_MEASURE( 1.000000000000000082E-05 ), #2945, 'distance_accuracy_value', 'NONE');
#1074 = DIRECTION ( 'NONE',  ( 1.000000000000000000, 0.000000000000000000, -0.000000000000000000 ) ) ;
#1075 = ORIENTED_EDGE ( 'NONE', *, *, #837, .T. ) ;
#1076 = AXIS2_PLACEMENT_3D ( 'NONE', #353, #1979, #1148 ) ;
#1077 = DIRECTION ( 'NONE',  ( 0.000000000000000000, 0.000000000000000000, -1.000000000000000000 ) ) ;
#1078 = EDGE_CURVE ( 'NONE', #2268, #1477, #237, .T. ) ;
#1079 = VECTOR ( 'NONE', #745, 1000.000000000000000 ) ;
#1080 = AXIS2_PLACEMENT_3D ( 'NONE', #1038, #2959, #3831 ) ;
#1081 = CARTESIAN_POINT ( 'NONE',  ( 1.270000000000000018, -3.788671727181919469, 4.249871604293129046 ) ) ;
#1082 = DIRECTION ( 'NONE',  ( 0.000000000000000000, 0.000000000000000000, -1.000000000000000000 ) ) ;
#1083 =( NAMED_UNIT ( * ) PLANE_ANGLE_UNIT ( ) SI_UNIT ( $, .RADIAN. ) );
#1084 = DIRECTION ( 'NONE',  ( -0.000000000000000000, 1.000000000000000000, -0.000000000000000000 ) ) ;
#1085 = SURFACE_STYLE_FILL_AREA ( #2319 ) ;
#1086 = ORIENTED_EDGE ( 'NONE', *, *, #945, .F. ) ;
#1087 =( LENGTH_UNIT ( ) NAMED_UNIT ( * ) SI_UNIT ( .MILLI., .METRE. ) );
#1088 = DIRECTION ( 'NONE',  ( -7.885106708985478187E-16, 0.9989728343450318127, 0.04531309127232183154 ) ) ;
#1089 = CIRCLE ( 'NONE', #1842, 0.2750000000000002998 ) ;
#1090 = ORIENTED_EDGE ( 'NONE', *, *, #2302, .F. ) ;
#1091 =( NAMED_UNIT ( * ) PLANE_ANGLE_UNIT ( ) SI_UNIT ( $, .RADIAN. ) );
#1092 = PRESENTATION_LAYER_ASSIGNMENT (  '', '', ( #4684 ) ) ;
#1093 = DIRECTION ( 'NONE',  ( 1.000000000000000000, 0.000000000000000000, -0.000000000000000000 ) ) ;
#1094 = VERTEX_POINT ( 'NONE', #1849 ) ;
#1095 = STYLED_ITEM ( 'NONE', ( #4912 ), #4325 ) ;
#1096 = ADVANCED_FACE ( 'NONE', ( #4802 ), #3188, .F. ) ;
#1097 = COLOUR_RGB ( '',0.8941176470588234615, 0.9137254901960784048, 0.9294117647058823817 ) ;
#1098 = STYLED_ITEM ( 'NONE', ( #161 ), #1646 ) ;
#1099 = ORIENTED_EDGE ( 'NONE', *, *, #2673, .F. ) ;
#1100 = FACE_OUTER_BOUND ( 'NONE', #898, .T. ) ;
#1101 = SURFACE_STYLE_FILL_AREA ( #3842 ) ;
#1102 = ADVANCED_BREP_SHAPE_REPRESENTATION ( 'C & K COMPONENTS SD02H0B', ( #2164, #4057, #604, #4221, #4062, #2450, #731 ), #1321 ) ;
#1103 = MECHANICAL_DESIGN_GEOMETRIC_PRESENTATION_REPRESENTATION (  '', ( #174 ), #345 ) ;
#1104 = ORIENTED_EDGE ( 'NONE', *, *, #1047, .F. ) ;
#1105 = EDGE_CURVE ( 'NONE', #2378, #723, #2481, .T. ) ;
#1106 = LINE ( 'NONE', #4189, #4544 ) ;
#1107 = VECTOR ( 'NONE', #2263, 1000.000000000000000 ) ;
#1108 = PRESENTATION_STYLE_ASSIGNMENT (( #3029 ) ) ;
#1109 = DIRECTION ( 'NONE',  ( 1.353860646563606630E-16, 0.9989728343450317016, 0.04531309127232077683 ) ) ;
#1110 = ORIENTED_EDGE ( 'NONE', *, *, #5141, .F. ) ;
#1111 = PRESENTATION_LAYER_ASSIGNMENT (  '', '', ( #3178 ) ) ;
#1112 = EDGE_CURVE ( 'NONE', #43, #702, #424, .T. ) ;
#1113 = SURFACE_STYLE_USAGE ( .BOTH. , #3359 ) ;
#1114 = ORIENTED_EDGE ( 'NONE', *, *, #523, .T. ) ;
#1115 = CARTESIAN_POINT ( 'NONE',  ( 1.869999999999999662, 3.070000000000000284, -0.8499999999999999778 ) ) ;
#1116 = VERTEX_POINT ( 'NONE', #1997 ) ;
#1117 = VECTOR ( 'NONE', #373, 1000.000000000000000 ) ;
#1118 = COLOUR_RGB ( '',0.8941176470588234615, 0.9137254901960784048, 0.9294117647058823817 ) ;
#1119 = PLANE ( 'NONE',  #4169 ) ;
#1120 = DIRECTION ( 'NONE',  ( 1.000000000000000000, 0.000000000000000000, 0.000000000000000000 ) ) ;
#1121 = VERTEX_POINT ( 'NONE', #2025 ) ;
#1122 =( NAMED_UNIT ( * ) PLANE_ANGLE_UNIT ( ) SI_UNIT ( $, .RADIAN. ) );
#1123 = COLOUR_RGB ( '',0.8941176470588234615, 0.9137254901960784048, 0.9294117647058823817 ) ;
#1124 = FACE_OUTER_BOUND ( 'NONE', #1511, .T. ) ;
#1125 = CARTESIAN_POINT ( 'NONE',  ( 1.545000000000000151, -3.799999999999999822, -4.000128395706870954 ) ) ;
#1126 = CARTESIAN_POINT ( 'NONE',  ( -0.5200000000000002398, 3.370000000000000107, -1.809999999999999165 ) ) ;
#1127 = PRESENTATION_STYLE_ASSIGNMENT (( #4998 ) ) ;
#1128 = ORIENTED_EDGE ( 'NONE', *, *, #671, .T. ) ;
#1129 = CARTESIAN_POINT ( 'NONE',  ( 2.869866746384043932, 0.09509927085580943684, 2.523710911274321234 ) ) ;
#1130 = LINE ( 'NONE', #361, #4494 ) ;
#1131 = EDGE_CURVE ( 'NONE', #1763, #1729, #1974, .T. ) ;
#1132 = DIRECTION ( 'NONE',  ( -1.000000000000000000, -0.000000000000000000, 0.000000000000000000 ) ) ;
#1133 = EDGE_LOOP ( 'NONE', ( #3502, #2802, #4388, #4780 ) ) ;
#1134 = SURFACE_SIDE_STYLE ('',( #383 ) ) ;
#1135 = DIRECTION ( 'NONE',  ( -1.000000000000000000, -0.000000000000000000, 0.000000000000000000 ) ) ;
#1136 = LINE ( 'NONE', #1891, #3137 ) ;
#1137 = ORIENTED_EDGE ( 'NONE', *, *, #1142, .T. ) ;
#1138 = FACE_OUTER_BOUND ( 'NONE', #3008, .T. ) ;
#1139 =( NAMED_UNIT ( * ) PLANE_ANGLE_UNIT ( ) SI_UNIT ( $, .RADIAN. ) );
#1140 = ORIENTED_EDGE ( 'NONE', *, *, #1672, .T. ) ;
#1141 = LINE ( 'NONE', #2221, #355 ) ;
#1142 = EDGE_CURVE ( 'NONE', #1094, #971, #1584, .T. ) ;
#1143 = SURFACE_SIDE_STYLE ('',( #3558 ) ) ;
#1144 = DIRECTION ( 'NONE',  ( 0.000000000000000000, 0.000000000000000000, 1.000000000000000000 ) ) ;
#1145 = SURFACE_STYLE_FILL_AREA ( #797 ) ;
#1146 = SURFACE_STYLE_USAGE ( .BOTH. , #5025 ) ;
#1147 = EDGE_CURVE ( 'NONE', #770, #1293, #1267, .T. ) ;
#1148 = DIRECTION ( 'NONE',  ( -0.8660254037844400399, -0.4999999999999975020, -0.000000000000000000 ) ) ;
#1149 = DIRECTION ( 'NONE',  ( -0.000000000000000000, 1.000000000000000000, -0.000000000000000000 ) ) ;
#1150 = SURFACE_SIDE_STYLE ('',( #2737 ) ) ;
#1151 = LINE ( 'NONE', #4220, #3681 ) ;
#1152 = ORIENTED_EDGE ( 'NONE', *, *, #4212, .F. ) ;
#1153 = MECHANICAL_DESIGN_GEOMETRIC_PRESENTATION_REPRESENTATION (  '', ( #2155 ), #136 ) ;
#1154 = ORIENTED_EDGE ( 'NONE', *, *, #3778, .T. ) ;
#1155 = FILL_AREA_STYLE_COLOUR ( '', #4846 ) ;
#1156 = PRESENTATION_STYLE_ASSIGNMENT (( #1913 ) ) ;
#1157 = CARTESIAN_POINT ( 'NONE',  ( 0.5132890836503484211, -1.195658575280343472, 3.881996293786421859 ) ) ;
#1158 = ORIENTED_EDGE ( 'NONE', *, *, #2995, .T. ) ;
#1159 = DIRECTION ( 'NONE',  ( -0.000000000000000000, -1.000000000000000000, -0.000000000000000000 ) ) ;
#1160 = EDGE_CURVE ( 'NONE', #5092, #1234, #2372, .T. ) ;
#1161 =( NAMED_UNIT ( * ) SI_UNIT ( $, .STERADIAN. ) SOLID_ANGLE_UNIT ( ) );
#1162 =( NAMED_UNIT ( * ) PLANE_ANGLE_UNIT ( ) SI_UNIT ( $, .RADIAN. ) );
#1163 = ORIENTED_EDGE ( 'NONE', *, *, #5014, .F. ) ;
#1164 = MECHANICAL_DESIGN_GEOMETRIC_PRESENTATION_REPRESENTATION (  '', ( #2896 ), #1578 ) ;
#1165 = CARTESIAN_POINT ( 'NONE',  ( -1.819999999999999840, 3.669999999999999929, -0.8499999999999999778 ) ) ;
#1166 = VERTEX_POINT ( 'NONE', #4042 ) ;
#1167 = CARTESIAN_POINT ( 'NONE',  ( -2.020000000000000018, 3.370000000000000107, -1.809999999999999165 ) ) ;
#1168 = PRESENTATION_LAYER_ASSIGNMENT (  '', '', ( #750 ) ) ;
#1169 = FILL_AREA_STYLE ('',( #3510 ) ) ;
#1170 = ORIENTED_EDGE ( 'NONE', *, *, #3199, .F. ) ;
#1171 = PRESENTATION_LAYER_ASSIGNMENT (  '', '', ( #1748 ) ) ;
#1172 = EDGE_CURVE ( 'NONE', #4219, #3492, #3258, .T. ) ;
#1173 = LINE ( 'NONE', #2327, #85 ) ;
#1174 = COLOUR_RGB ( '',1.000000000000000000, 0.1686274509803921684, 0.1686274509803921684 ) ;
#1175 = UNCERTAINTY_MEASURE_WITH_UNIT (LENGTH_MEASURE( 1.000000000000000082E-05 ), #491, 'distance_accuracy_value', 'NONE');
#1177 = SURFACE_SIDE_STYLE ('',( #2843 ) ) ;
#1176 = COLOUR_RGB ( '',0.8941176470588234615, 0.9137254901960784048, 0.9294117647058823817 ) ;
#1178 = LINE ( 'NONE', #4188, #2027 ) ;
#1179 = EDGE_LOOP ( 'NONE', ( #1502, #4014, #3690, #3074 ) ) ;
#1180 = EDGE_CURVE ( 'NONE', #2842, #1838, #1299, .T. ) ;
#1181 =( GEOMETRIC_REPRESENTATION_CONTEXT ( 3 ) GLOBAL_UNCERTAINTY_ASSIGNED_CONTEXT ( ( #717 ) ) GLOBAL_UNIT_ASSIGNED_CONTEXT ( ( #1636, #4829, #4360 ) ) REPRESENTATION_CONTEXT ( 'NONE', 'WORKASPACE' ) );
#1182 = LINE ( 'NONE', #464, #734 ) ;
#1183 = DIRECTION ( 'NONE',  ( 0.000000000000000000, 0.000000000000000000, -1.000000000000000000 ) ) ;
#1184 = ORIENTED_EDGE ( 'NONE', *, *, #2251, .F. ) ;
#1185 = AXIS2_PLACEMENT_3D ( 'NONE', #2334, #4402, #3799 ) ;
#1186 =( NAMED_UNIT ( * ) PLANE_ANGLE_UNIT ( ) SI_UNIT ( $, .RADIAN. ) );
#1187 = FACE_OUTER_BOUND ( 'NONE', #2984, .T. ) ;
#1188 = VECTOR ( 'NONE', #2877, 1000.000000000000000 ) ;
#1189 = PRESENTATION_STYLE_ASSIGNMENT (( #3152 ) ) ;
#1190 = ORIENTED_EDGE ( 'NONE', *, *, #2043, .F. ) ;
#1191 = AXIS2_PLACEMENT_3D ( 'NONE', #2546, #4105, #1364 ) ;
#1192 = ORIENTED_EDGE ( 'NONE', *, *, #165, .T. ) ;
#1193 = MECHANICAL_DESIGN_GEOMETRIC_PRESENTATION_REPRESENTATION (  '', ( #1687 ), #3330 ) ;
#1194 = FILL_AREA_STYLE ('',( #1270 ) ) ;
#1195 = DIRECTION ( 'NONE',  ( 0.000000000000000000, -1.000000000000000000, 0.000000000000000000 ) ) ;
#1196 = PRESENTATION_LAYER_ASSIGNMENT (  '', '', ( #440 ) ) ;
#1197 = CARTESIAN_POINT ( 'NONE',  ( 0.7199999999999995293, 3.669999999999999929, -0.8499999999999999778 ) ) ;
#1198 = EDGE_LOOP ( 'NONE', ( #2684, #2530, #3975, #49 ) ) ;
#1199 = COLOUR_RGB ( '',0.2980392156862745057, 0.2980392156862745057, 0.2980392156862745057 ) ;
#1200 = CARTESIAN_POINT ( 'NONE',  ( -2.935333781330272895, 3.669000000000000039, 3.026351883076923155 ) ) ;
#1201 = AXIS2_PLACEMENT_3D ( 'NONE', #3906, #313, #1088 ) ;
#1202 = VECTOR ( 'NONE', #3, 1000.000000000000227 ) ;
#1203 = CARTESIAN_POINT ( 'NONE',  ( -1.819999999999999840, 3.669999999999999929, -0.8499999999999999778 ) ) ;
#1204 = CYLINDRICAL_SURFACE ( 'NONE', #1944, 0.3500000000000004774 ) ;
#1205 = ORIENTED_EDGE ( 'NONE', *, *, #4999, .F. ) ;
#1206 = MECHANICAL_DESIGN_GEOMETRIC_PRESENTATION_REPRESENTATION (  '', ( #1700 ), #2379 ) ;
#1207 = ADVANCED_FACE ( 'NONE', ( #848 ), #2398, .T. ) ;
#1208 = ADVANCED_FACE ( 'NONE', ( #125 ), #4086, .F. ) ;
#1209 = ADVANCED_FACE ( 'NONE', ( #4501 ), #4890, .F. ) ;
#1210 = CARTESIAN_POINT ( 'NONE',  ( -1.545000000000000151, -3.525282470555116898, -3.987667295606982965 ) ) ;
#1211 = ORIENTED_EDGE ( 'NONE', *, *, #2976, .F. ) ;
#1212 = DIRECTION ( 'NONE',  ( -1.000000000000000000, -0.000000000000000000, 0.000000000000000000 ) ) ;
#1213 = ADVANCED_FACE ( 'NONE', ( #1303 ), #3743, .F. ) ;
#1214 = SURFACE_SIDE_STYLE ('',( #387 ) ) ;
#1215 = DIRECTION ( 'NONE',  ( 1.000000000000000000, -0.000000000000000000, -0.000000000000000000 ) ) ;
#1216 = ORIENTED_EDGE ( 'NONE', *, *, #2302, .T. ) ;
#1217 = CARTESIAN_POINT ( 'NONE',  ( -1.819999999999999840, 5.156606874731850532, -0.8499999999999999778 ) ) ;
#1218 = PRESENTATION_STYLE_ASSIGNMENT (( #4803 ) ) ;
#1219 = DIRECTION ( 'NONE',  ( 0.000000000000000000, 0.000000000000000000, -1.000000000000000000 ) ) ;
#1220 = ORIENTED_EDGE ( 'NONE', *, *, #5175, .F. ) ;
#1221 = LINE ( 'NONE', #2462, #1542 ) ;
#1222 =( NAMED_UNIT ( * ) PLANE_ANGLE_UNIT ( ) SI_UNIT ( $, .RADIAN. ) );
#1223 =( NAMED_UNIT ( * ) SI_UNIT ( $, .STERADIAN. ) SOLID_ANGLE_UNIT ( ) );
#1224 = EDGE_CURVE ( 'NONE', #5038, #3861, #2241, .T. ) ;
#1225 = LINE ( 'NONE', #2811, #4011 ) ;
#1226 = PRESENTATION_STYLE_ASSIGNMENT (( #16 ) ) ;
#1227 = DIRECTION ( 'NONE',  ( 0.000000000000000000, 0.000000000000000000, -1.000000000000000000 ) ) ;
#1228 = VERTEX_POINT ( 'NONE', #3115 ) ;
#1229 = MECHANICAL_DESIGN_GEOMETRIC_PRESENTATION_REPRESENTATION (  '', ( #4154 ), #2815 ) ;
#1230 = PRESENTATION_LAYER_ASSIGNMENT (  '', '', ( #4738 ) ) ;
#1231 = UNCERTAINTY_MEASURE_WITH_UNIT (LENGTH_MEASURE( 1.000000000000000082E-05 ), #3860, 'distance_accuracy_value', 'NONE');
#1232 =( LENGTH_UNIT ( ) NAMED_UNIT ( * ) SI_UNIT ( .MILLI., .METRE. ) );
#1233 = PRESENTATION_STYLE_ASSIGNMENT (( #4452 ) ) ;
#1234 = VERTEX_POINT ( 'NONE', #1607 ) ;
#1235 = AXIS2_PLACEMENT_3D ( 'NONE', #3072, #3495, #2718 ) ;
#1236 = UNCERTAINTY_MEASURE_WITH_UNIT (LENGTH_MEASURE( 1.000000000000000082E-05 ), #238, 'distance_accuracy_value', 'NONE');
#1237 = PRESENTATION_STYLE_ASSIGNMENT (( #3552 ) ) ;
#1238 = SURFACE_SIDE_STYLE ('',( #2105 ) ) ;
#1239 = DIRECTION ( 'NONE',  ( -6.141068999935583157E-18, -0.04531309127232126255, -0.9989728343450319237 ) ) ;
#1240 = CARTESIAN_POINT ( 'NONE',  ( 0.9949999999999999956, -3.507406973840369702, 4.381750663504773158 ) ) ;
#1241 = SURFACE_SIDE_STYLE ('',( #4883 ) ) ;
#1242 = DIRECTION ( 'NONE',  ( -0.8658027586716575685, 0.4998714557841987816, -0.02267401086559870174 ) ) ;
#1243 = CARTESIAN_POINT ( 'NONE',  ( 0.5200000000000002398, 3.370000000000000107, -1.810000000000000053 ) ) ;
#1244 = CARTESIAN_POINT ( 'NONE',  ( -2.020000000000000018, 1.470000000000000195, 3.665516011480168146 ) ) ;
#1245 = VERTEX_POINT ( 'NONE', #4620 ) ;
#1246 = SURFACE_SIDE_STYLE ('',( #2861 ) ) ;
#1247 = FACE_OUTER_BOUND ( 'NONE', #1133, .T. ) ;
#1248 = CYLINDRICAL_SURFACE ( 'NONE', #1832, 0.2750000000000002998 ) ;
#1249 = AXIS2_PLACEMENT_3D ( 'NONE', #1444, #3015, #4629 ) ;
#1250 = PRESENTATION_STYLE_ASSIGNMENT (( #39 ) ) ;
#1251 = EDGE_LOOP ( 'NONE', ( #2146, #3571, #3676, #1075 ) ) ;
#1252 = SURFACE_STYLE_USAGE ( .BOTH. , #3221 ) ;
#1253 = VERTEX_POINT ( 'NONE', #2794 ) ;
#1254 = PRESENTATION_LAYER_ASSIGNMENT (  '', '', ( #1751 ) ) ;
#1255 = PRESENTATION_LAYER_ASSIGNMENT (  '', '', ( #1925 ) ) ;
#1256 = DIRECTION ( 'NONE',  ( -1.355252715606880543E-16, -1.000000000000000000, 0.000000000000000000 ) ) ;
#1257 = DIRECTION ( 'NONE',  ( -1.355252715606880543E-16, 1.000000000000000000, 0.000000000000000000 ) ) ;
#1258 = STYLED_ITEM ( 'NONE', ( #1019 ), #4133 ) ;
#1259 = ORIENTED_EDGE ( 'NONE', *, *, #3705, .T. ) ;
#1260 = SURFACE_STYLE_USAGE ( .BOTH. , #3227 ) ;
#1261 = VECTOR ( 'NONE', #4391, 1000.000000000000000 ) ;
#1262 = SURFACE_SIDE_STYLE ('',( #1991 ) ) ;
#1263 = SURFACE_STYLE_USAGE ( .BOTH. , #1679 ) ;
#1264 = DIRECTION ( 'NONE',  ( 0.000000000000000000, -0.9989728343450317016, 0.04531309127232062417 ) ) ;
#1265 = EDGE_CURVE ( 'NONE', #1477, #3144, #4793, .T. ) ;
#1266 = PRESENTATION_LAYER_ASSIGNMENT (  '', '', ( #4102 ) ) ;
#1267 = LINE ( 'NONE', #2803, #5109 ) ;
#1268 = LINE ( 'NONE', #775, #1785 ) ;
#1269 = MECHANICAL_DESIGN_GEOMETRIC_PRESENTATION_REPRESENTATION (  '', ( #4186 ), #1018 ) ;
#1270 = FILL_AREA_STYLE_COLOUR ( '', #5098 ) ;
#1271 = EDGE_CURVE ( 'NONE', #309, #334, #4763, .T. ) ;
#1272 = LINE ( 'NONE', #34, #3563 ) ;
#1273 = ORIENTED_EDGE ( 'NONE', *, *, #3780, .T. ) ;
#1274 = EDGE_CURVE ( 'NONE', #864, #4008, #3081, .T. ) ;
#1275 = PRESENTATION_LAYER_ASSIGNMENT (  '', '', ( #3515 ) ) ;
#1276 = VECTOR ( 'NONE', #3374, 1000.000000000000000 ) ;
#1277 = AXIS2_PLACEMENT_3D ( 'NONE', #2797, #4820, #4032 ) ;
#1278 =( NAMED_UNIT ( * ) PLANE_ANGLE_UNIT ( ) SI_UNIT ( $, .RADIAN. ) );
#1279 = FILL_AREA_STYLE ('',( #4782 ) ) ;
#1280 = PRESENTATION_LAYER_ASSIGNMENT (  '', '', ( #1687 ) ) ;
#1281 = SURFACE_STYLE_FILL_AREA ( #4125 ) ;
#1282 = ORIENTED_EDGE ( 'NONE', *, *, #3257, .T. ) ;
#1283 = MECHANICAL_DESIGN_GEOMETRIC_PRESENTATION_REPRESENTATION (  '', ( #4195 ), #3428 ) ;
#1284 = SURFACE_SIDE_STYLE ('',( #441 ) ) ;
#1285 = COLOUR_RGB ( '',0.8941176470588234615, 0.9137254901960784048, 0.9294117647058823817 ) ;
#1286 = VECTOR ( 'NONE', #1060, 999.9999999999998863 ) ;
#1287 = STYLED_ITEM ( 'NONE', ( #1796 ), #1931 ) ;
#1288 = CARTESIAN_POINT ( 'NONE',  ( -0.6699999999999997069, 3.370000000000000107, 0.8499999999999995337 ) ) ;
#1289 = CARTESIAN_POINT ( 'NONE',  ( -2.020000000000000018, 3.370000000000000107, -1.809999999999999165 ) ) ;
#1290 = FILL_AREA_STYLE_COLOUR ( '', #3648 ) ;
#1291 = CARTESIAN_POINT ( 'NONE',  ( 2.020000000000000018, -3.799999999999999822, 4.000128395706870954 ) ) ;
#1292 = EDGE_LOOP ( 'NONE', ( #790, #1633, #215, #2418 ) ) ;
#1293 = VERTEX_POINT ( 'NONE', #5016 ) ;
#1294 = MECHANICAL_DESIGN_GEOMETRIC_PRESENTATION_REPRESENTATION (  '', ( #2293 ), #26 ) ;
#1295 = CARTESIAN_POINT ( 'NONE',  ( 0.5200000000000000178, 1.719999999999999973, -2.928844164890265223 ) ) ;
#1296 = DIRECTION ( 'NONE',  ( -0.000000000000000000, -0.000000000000000000, 1.000000000000000000 ) ) ;
#1297 = EDGE_CURVE ( 'NONE', #4227, #2551, #252, .T. ) ;
#1298 = FILL_AREA_STYLE_COLOUR ( '', #2697 ) ;
#1299 = LINE ( 'NONE', #4774, #1261 ) ;
#1300 = CARTESIAN_POINT ( 'NONE',  ( -0.5200000000000000178, 1.470000000000000195, 3.665516011480168146 ) ) ;
#1301 = SURFACE_STYLE_USAGE ( .BOTH. , #2459 ) ;
#1302 = ORIENTED_EDGE ( 'NONE', *, *, #4054, .F. ) ;
#1303 = FACE_OUTER_BOUND ( 'NONE', #212, .T. ) ;
#1304 = SURFACE_STYLE_FILL_AREA ( #2981 ) ;
#1305 = LINE ( 'NONE', #61, #1188 ) ;
#1306 =( NAMED_UNIT ( * ) PLANE_ANGLE_UNIT ( ) SI_UNIT ( $, .RADIAN. ) );
#1307 = FACE_OUTER_BOUND ( 'NONE', #4853, .T. ) ;
#1308 = ORIENTED_EDGE ( 'NONE', *, *, #2043, .T. ) ;
#1309 =( LENGTH_UNIT ( ) NAMED_UNIT ( * ) SI_UNIT ( .MILLI., .METRE. ) );
#1310 = FILL_AREA_STYLE ('',( #141 ) ) ;
#1311 = EDGE_LOOP ( 'NONE', ( #1863, #3529, #2709, #667 ) ) ;
#1312 = EDGE_CURVE ( 'NONE', #4254, #2047, #3382, .T. ) ;
#1313 = DIRECTION ( 'NONE',  ( 0.000000000000000000, 0.000000000000000000, -1.000000000000000000 ) ) ;
#1314 = ORIENTED_EDGE ( 'NONE', *, *, #671, .F. ) ;
#1315 = PRESENTATION_STYLE_ASSIGNMENT (( #2949 ) ) ;
#1316 =( GEOMETRIC_REPRESENTATION_CONTEXT ( 3 ) GLOBAL_UNCERTAINTY_ASSIGNED_CONTEXT ( ( #1390 ) ) GLOBAL_UNIT_ASSIGNED_CONTEXT ( ( #666, #5037, #257 ) ) REPRESENTATION_CONTEXT ( 'NONE', 'WORKASPACE' ) );
#1317 = ADVANCED_FACE ( 'NONE', ( #4321 ), #5156, .F. ) ;
#1318 = SURFACE_SIDE_STYLE ('',( #3355 ) ) ;
#1319 = CARTESIAN_POINT ( 'NONE',  ( -1.270000000000000018, -3.799999999999999822, -4.000128395706870954 ) ) ;
#1320 = VERTEX_POINT ( 'NONE', #867 ) ;
#1321 =( GEOMETRIC_REPRESENTATION_CONTEXT ( 3 ) GLOBAL_UNCERTAINTY_ASSIGNED_CONTEXT ( ( #2083 ) ) GLOBAL_UNIT_ASSIGNED_CONTEXT ( ( #1750, #2565, #941 ) ) REPRESENTATION_CONTEXT ( 'NONE', 'WORKASPACE' ) );
#1322 = CARTESIAN_POINT ( 'NONE',  ( 0.6699999999999997069, 3.070000000000000284, 0.8499999999999999778 ) ) ;
#1323 =( GEOMETRIC_REPRESENTATION_CONTEXT ( 3 ) GLOBAL_UNCERTAINTY_ASSIGNED_CONTEXT ( ( #4375 ) ) GLOBAL_UNIT_ASSIGNED_CONTEXT ( ( #5022, #4174, #3832 ) ) REPRESENTATION_CONTEXT ( 'NONE', 'WORKASPACE' ) );
#1324 = CARTESIAN_POINT ( 'NONE',  ( -2.020000000000000018, 1.719999999999999973, 3.665516011480168146 ) ) ;
#1325 = PLANE ( 'NONE',  #3688 ) ;
#1326 = PRESENTATION_LAYER_ASSIGNMENT (  '', '', ( #901 ) ) ;
#1327 = DIRECTION ( 'NONE',  ( 1.353860646563606630E-16, -0.9989728343450317016, -0.04531309127232077683 ) ) ;
#1328 = SURFACE_SIDE_STYLE ('',( #1281 ) ) ;
#1329 = ORIENTED_EDGE ( 'NONE', *, *, #3310, .T. ) ;
#1330 = EDGE_CURVE ( 'NONE', #1121, #2716, #4693, .T. ) ;
#1331 = LINE ( 'NONE', #1746, #4541 ) ;
#1332 = AXIS2_PLACEMENT_3D ( 'NONE', #1893, #3099, #4357 ) ;
#1333 = STYLED_ITEM ( 'NONE', ( #1975 ), #3738 ) ;
#1335 = DIRECTION ( 'NONE',  ( 6.141068999935581617E-18, 0.04531309127232125561, 0.9989728343450317016 ) ) ;
#1334 =( GEOMETRIC_REPRESENTATION_CONTEXT ( 3 ) GLOBAL_UNCERTAINTY_ASSIGNED_CONTEXT ( ( #4158 ) ) GLOBAL_UNIT_ASSIGNED_CONTEXT ( ( #956, #1764, #1034 ) ) REPRESENTATION_CONTEXT ( 'NONE', 'WORKASPACE' ) );
#1336 = STYLED_ITEM ( 'NONE', ( #3636 ), #4062 ) ;
#1337 = CARTESIAN_POINT ( 'NONE',  ( -0.5200000000000000178, 1.719999999999999973, 3.665516011480168146 ) ) ;
#1338 = CIRCLE ( 'NONE', #4093, 0.2750000000000002998 ) ;
#1339 = AXIS2_PLACEMENT_3D ( 'NONE', #1126, #2309, #299 ) ;
#1340 = DIRECTION ( 'NONE',  ( -0.8658027586716575685, 0.4998714557841987816, -0.02267401086559870174 ) ) ;
#1341 = UNCERTAINTY_MEASURE_WITH_UNIT (LENGTH_MEASURE( 1.000000000000000082E-05 ), #1232, 'distance_accuracy_value', 'NONE');
#1342 = SURFACE_STYLE_USAGE ( .BOTH. , #1837 ) ;
#1343 = EDGE_LOOP ( 'NONE', ( #1163, #3079, #2331, #3741 ) ) ;
#1344 = DIRECTION ( 'NONE',  ( -1.355252715606880543E-16, 1.000000000000000000, 0.000000000000000000 ) ) ;
#1345 = DIRECTION ( 'NONE',  ( 0.000000000000000000, -1.000000000000000000, 0.000000000000000000 ) ) ;
#1346 = PRESENTATION_STYLE_ASSIGNMENT (( #976 ) ) ;
#1347 = VECTOR ( 'NONE', #1340, 1000.000000000000000 ) ;
#1348 = DIRECTION ( 'NONE',  ( -0.000000000000000000, 0.000000000000000000, -1.000000000000000000 ) ) ;
#1349 = ORIENTED_EDGE ( 'NONE', *, *, #432, .T. ) ;
#1350 = DIRECTION ( 'NONE',  ( -0.000000000000000000, 1.000000000000000000, -0.000000000000000000 ) ) ;
#1351 = SURFACE_STYLE_FILL_AREA ( #627 ) ;
#1352 = CARTESIAN_POINT ( 'NONE',  ( 0.5200000000000000178, 1.470000000000000195, 2.866512164179471522 ) ) ;
#1353 =( NAMED_UNIT ( * ) PLANE_ANGLE_UNIT ( ) SI_UNIT ( $, .RADIAN. ) );
#1354 = DIRECTION ( 'NONE',  ( 0.000000000000000000, -1.000000000000000000, 0.000000000000000000 ) ) ;
#1355 = ORIENTED_EDGE ( 'NONE', *, *, #3891, .F. ) ;
#1356 = MECHANICAL_DESIGN_GEOMETRIC_PRESENTATION_REPRESENTATION (  '', ( #2281 ), #337 ) ;
#1357 = SURFACE_STYLE_FILL_AREA ( #3647 ) ;
#1358 = PRESENTATION_STYLE_ASSIGNMENT (( #3312 ) ) ;
#1359 = VECTOR ( 'NONE', #4929, 1000.000000000000000 ) ;
#1360 = DIRECTION ( 'NONE',  ( 0.000000000000000000, 0.000000000000000000, 1.000000000000000000 ) ) ;
#1361 = FILL_AREA_STYLE_COLOUR ( '', #606 ) ;
#1362 = DIRECTION ( 'NONE',  ( -1.353860646563606630E-16, 0.9989728343450317016, 0.04531309127232062417 ) ) ;
#1363 = VECTOR ( 'NONE', #4031, 1000.000000000000000 ) ;
#1364 = DIRECTION ( 'NONE',  ( 0.000000000000000000, 0.000000000000000000, 1.000000000000000000 ) ) ;
#1365 = SURFACE_SIDE_STYLE ('',( #3706 ) ) ;
#1366 = VECTOR ( 'NONE', #1403, 1000.000000000000000 ) ;
#1367 = PRESENTATION_LAYER_ASSIGNMENT (  '', '', ( #5122 ) ) ;
#1368 = EDGE_CURVE ( 'NONE', #4090, #3045, #68, .T. ) ;
#1369 = SURFACE_STYLE_FILL_AREA ( #4639 ) ;
#1370 = PLANE ( 'NONE',  #4910 ) ;
#1371 = PRESENTATION_LAYER_ASSIGNMENT (  '', '', ( #3870 ) ) ;
#1372 = ORIENTED_EDGE ( 'NONE', *, *, #3375, .F. ) ;
#1373 = CARTESIAN_POINT ( 'NONE',  ( -0.5200000000000000178, -3.799999999999999822, 4.000128395706870954 ) ) ;
#1374 = SURFACE_SIDE_STYLE ('',( #3327 ) ) ;
#1375 = FILL_AREA_STYLE_COLOUR ( '', #4339 ) ;
#1376 = VERTEX_POINT ( 'NONE', #4478 ) ;
#1377 = CARTESIAN_POINT ( 'NONE',  ( 0.6699999999999997069, 3.370000000000000107, -0.8499999999999999778 ) ) ;
#1378 =( LENGTH_UNIT ( ) NAMED_UNIT ( * ) SI_UNIT ( .MILLI., .METRE. ) );
#1379 = VERTEX_POINT ( 'NONE', #1648 ) ;
#1380 =( LENGTH_UNIT ( ) NAMED_UNIT ( * ) SI_UNIT ( .MILLI., .METRE. ) );
#1381 = CARTESIAN_POINT ( 'NONE',  ( 3.274999999999999911, 1.719999999999999973, -2.928844164890265223 ) ) ;
#1382 = CARTESIAN_POINT ( 'NONE',  ( 2.020000000000000018, 1.719999999999999973, -2.928844164890265223 ) ) ;
#1383 = SURFACE_STYLE_FILL_AREA ( #2937 ) ;
#1384 = ORIENTED_EDGE ( 'NONE', *, *, #2902, .F. ) ;
#1385 = CARTESIAN_POINT ( 'NONE',  ( -1.270000000000000018, -3.799999999999999822, 4.000128395706870954 ) ) ;
#1386 = LINE ( 'NONE', #3786, #940 ) ;
#1387 = ADVANCED_FACE ( 'NONE', ( #3291 ), #528, .T. ) ;
#1388 = SURFACE_STYLE_USAGE ( .BOTH. , #3866 ) ;
#1389 = SURFACE_STYLE_USAGE ( .BOTH. , #2965 ) ;
#1390 = UNCERTAINTY_MEASURE_WITH_UNIT (LENGTH_MEASURE( 1.000000000000000082E-05 ), #666, 'distance_accuracy_value', 'NONE');
#1391 = LINE ( 'NONE', #495, #1033 ) ;
#1392 = FILL_AREA_STYLE_COLOUR ( '', #2176 ) ;
#1393 = DIRECTION ( 'NONE',  ( -1.000000000000000000, -0.000000000000000000, -0.000000000000000000 ) ) ;
#1394 = ORIENTED_EDGE ( 'NONE', *, *, #4555, .F. ) ;
#1395 =( NAMED_UNIT ( * ) SI_UNIT ( $, .STERADIAN. ) SOLID_ANGLE_UNIT ( ) );
#1396 = EDGE_CURVE ( 'NONE', #890, #3901, #2642, .T. ) ;
#1397 = DIRECTION ( 'NONE',  ( -0.000000000000000000, -0.9702957262759976942, 0.2419218955996630949 ) ) ;
#1398 = PRESENTATION_STYLE_ASSIGNMENT (( #4988 ) ) ;
#1399 = FILL_AREA_STYLE_COLOUR ( '', #2330 ) ;
#1400 = EDGE_LOOP ( 'NONE', ( #1602, #818, #4243, #2658 ) ) ;
#1401 = LINE ( 'NONE', #3006, #1003 ) ;
#1402 = ORIENTED_EDGE ( 'NONE', *, *, #3754, .T. ) ;
#1403 = DIRECTION ( 'NONE',  ( 0.8658027586716575685, -0.4998714557841987816, -0.02267401086559878154 ) ) ;
#1404 = DIRECTION ( 'NONE',  ( -0.000000000000000000, -0.9989728343450317016, -0.04531309127232078376 ) ) ;
#1405 = PRESENTATION_LAYER_ASSIGNMENT (  '', '', ( #810 ) ) ;
#1406 = PLANE ( 'NONE',  #2825 ) ;
#1407 = SURFACE_STYLE_FILL_AREA ( #3452 ) ;
#1408 = DIRECTION ( 'NONE',  ( -0.000000000000000000, -0.000000000000000000, 1.000000000000000000 ) ) ;
#1409 = ORIENTED_EDGE ( 'NONE', *, *, #4439, .T. ) ;
#1410 = CARTESIAN_POINT ( 'NONE',  ( -0.6699999999999997069, 3.370000000000000107, -0.8499999999999995337 ) ) ;
#1411 = DIRECTION ( 'NONE',  ( 1.000000000000000000, 0.000000000000000000, 0.000000000000000000 ) ) ;
#1412 = VECTOR ( 'NONE', #4116, 1000.000000000000227 ) ;
#1413 =( NAMED_UNIT ( * ) PLANE_ANGLE_UNIT ( ) SI_UNIT ( $, .RADIAN. ) );
#1414 = CARTESIAN_POINT ( 'NONE',  ( -0.7199999999999996403, 5.156606874731850532, 0.1499999999999999667 ) ) ;
#1415 = VECTOR ( 'NONE', #1109, 1000.000000000000227 ) ;
#1416 =( NAMED_UNIT ( * ) SI_UNIT ( $, .STERADIAN. ) SOLID_ANGLE_UNIT ( ) );
#1417 = MECHANICAL_DESIGN_GEOMETRIC_PRESENTATION_REPRESENTATION (  '', ( #5009 ), #4924 ) ;
#1418 =( NAMED_UNIT ( * ) SI_UNIT ( $, .STERADIAN. ) SOLID_ANGLE_UNIT ( ) );
#1419 = COLOUR_RGB ( '',1.000000000000000000, 1.000000000000000000, 1.000000000000000000 ) ;
#1420 = FILL_AREA_STYLE_COLOUR ( '', #4413 ) ;
#1421 = VECTOR ( 'NONE', #3261, 999.9999999999998863 ) ;
#1422 = ORIENTED_EDGE ( 'NONE', *, *, #1855, .T. ) ;
#1423 = CARTESIAN_POINT ( 'NONE',  ( -1.270000000000000018, -3.799999999999999822, -4.000128395706870954 ) ) ;
#1424 = FILL_AREA_STYLE_COLOUR ( '', #3193 ) ;
#1425 = VECTOR ( 'NONE', #200, 1000.000000000000000 ) ;
#1426 = STYLED_ITEM ( 'NONE', ( #386 ), #4083 ) ;
#1427 = EDGE_CURVE ( 'NONE', #4764, #3979, #1867, .T. ) ;
#1428 = CARTESIAN_POINT ( 'NONE',  ( 0.5200000000000002398, 3.370000000000000107, -1.810000000000000053 ) ) ;
#1429 = CARTESIAN_POINT ( 'NONE',  ( -2.935333781330272895, 3.669000000000000039, 2.457488747160203157 ) ) ;
#1430 = EDGE_LOOP ( 'NONE', ( #829, #3898, #5119, #187 ) ) ;
#1431 = COLOUR_RGB ( '',0.2980392156862745057, 0.2980392156862745057, 0.2980392156862745057 ) ;
#1432 = CARTESIAN_POINT ( 'NONE',  ( -1.869999999999999662, 3.370000000000000107, -0.8499999999999995337 ) ) ;
#1433 = PRESENTATION_LAYER_ASSIGNMENT (  '', '', ( #1258 ) ) ;
#1434 = ORIENTED_EDGE ( 'NONE', *, *, #4614, .F. ) ;
#1435 = FILL_AREA_STYLE_COLOUR ( '', #3586 ) ;
#1436 = ADVANCED_FACE ( 'NONE', ( #513 ), #2610, .F. ) ;
#1437 = PRESENTATION_LAYER_ASSIGNMENT (  '', '', ( #3316 ) ) ;
#1438 = FILL_AREA_STYLE ('',( #932 ) ) ;
#1439 = SURFACE_STYLE_USAGE ( .BOTH. , #1819 ) ;
#1440 = EDGE_CURVE ( 'NONE', #1320, #694, #3482, .T. ) ;
#1441 =( NAMED_UNIT ( * ) SI_UNIT ( $, .STERADIAN. ) SOLID_ANGLE_UNIT ( ) );
#1442 = DIRECTION ( 'NONE',  ( -1.000000000000000000, 1.355252715606880543E-16, 0.000000000000000000 ) ) ;
#1443 = EDGE_LOOP ( 'NONE', ( #3120, #2511, #1536, #1724, #3123, #3921 ) ) ;
#1444 = CARTESIAN_POINT ( 'NONE',  ( -9.986549746519054693, 3.669999999999999929, 3.339999999999999858 ) ) ;
#1445 = CARTESIAN_POINT ( 'NONE',  ( -3.274999999999999911, 0.000000000000000000, 0.000000000000000000 ) ) ;
#1446 = VECTOR ( 'NONE', #433, 1000.000000000000000 ) ;
#1447 = CARTESIAN_POINT ( 'NONE',  ( -0.5200000000000000178, -0.3257586221349297317, -3.665516011480168146 ) ) ;
#1448 = AXIS2_PLACEMENT_3D ( 'NONE', #144, #1780, #2129 ) ;
#1449 = MECHANICAL_DESIGN_GEOMETRIC_PRESENTATION_REPRESENTATION (  '', ( #2857 ), #344 ) ;
#1450 = SURFACE_STYLE_FILL_AREA ( #4576 ) ;
#1451 = LINE ( 'NONE', #763, #1727 ) ;
#1452 = ORIENTED_EDGE ( 'NONE', *, *, #3976, .F. ) ;
#1453 = VECTOR ( 'NONE', #1734, 1000.000000000000000 ) ;
#1454 = EDGE_CURVE ( 'NONE', #1576, #82, #4708, .T. ) ;
#1455 = DIRECTION ( 'NONE',  ( -1.000000000000000000, -0.000000000000000000, -0.000000000000000000 ) ) ;
#1456 =( GEOMETRIC_REPRESENTATION_CONTEXT ( 3 ) GLOBAL_UNCERTAINTY_ASSIGNED_CONTEXT ( ( #4005 ) ) GLOBAL_UNIT_ASSIGNED_CONTEXT ( ( #4162, #2926, #2109 ) ) REPRESENTATION_CONTEXT ( 'NONE', 'WORKASPACE' ) );
#1457 = DIRECTION ( 'NONE',  ( -0.000000000000000000, 0.000000000000000000, -1.000000000000000000 ) ) ;
#1458 = SURFACE_SIDE_STYLE ('',( #2317 ) ) ;
#1459 = LINE ( 'NONE', #4251, #1999 ) ;
#1460 = CARTESIAN_POINT ( 'NONE',  ( 0.5200000000000000178, -3.799999999999999822, 4.000128395706870954 ) ) ;
#1461 = ORIENTED_EDGE ( 'NONE', *, *, #638, .F. ) ;
#1462 = SURFACE_STYLE_FILL_AREA ( #2321 ) ;
#1463 = SURFACE_STYLE_USAGE ( .BOTH. , #1924 ) ;
#1464 = EDGE_LOOP ( 'NONE', ( #4704, #2474, #5048, #1409 ) ) ;
#1465 = SURFACE_STYLE_USAGE ( .BOTH. , #3061 ) ;
#1466 = CARTESIAN_POINT ( 'NONE',  ( -0.9949999999999995515, -0.5999999999999998668, -4.249871604293129046 ) ) ;
#1467 = LINE ( 'NONE', #3041, #2119 ) ;
#1468 = SURFACE_STYLE_FILL_AREA ( #5031 ) ;
#1469 =( LENGTH_UNIT ( ) NAMED_UNIT ( * ) SI_UNIT ( .MILLI., .METRE. ) );
#1470 = CARTESIAN_POINT ( 'NONE',  ( -2.020000000000000018, 1.719999999999999973, -3.665516011480168146 ) ) ;
#1471 = ORIENTED_EDGE ( 'NONE', *, *, #2141, .T. ) ;
#1472 =( NAMED_UNIT ( * ) PLANE_ANGLE_UNIT ( ) SI_UNIT ( $, .RADIAN. ) );
#1473 = DIRECTION ( 'NONE',  ( 0.000000000000000000, 0.000000000000000000, 1.000000000000000000 ) ) ;
#1474 =( NAMED_UNIT ( * ) PLANE_ANGLE_UNIT ( ) SI_UNIT ( $, .RADIAN. ) );
#1475 = DIRECTION ( 'NONE',  ( 0.000000000000000000, 0.000000000000000000, -1.000000000000000000 ) ) ;
#1476 = DIRECTION ( 'NONE',  ( -0.000000000000000000, -0.000000000000000000, 1.000000000000000000 ) ) ;
#1477 = VERTEX_POINT ( 'NONE', #684 ) ;
#1478 = VERTEX_POINT ( 'NONE', #4368 ) ;
#1479 = EDGE_CURVE ( 'NONE', #2968, #2161, #1173, .T. ) ;
#1480 = FILL_AREA_STYLE_COLOUR ( '', #4687 ) ;
#1481 = DIRECTION ( 'NONE',  ( -1.353860646563606630E-16, -0.9989728343450317016, 0.04531309127232062417 ) ) ;
#1482 = ORIENTED_EDGE ( 'NONE', *, *, #3430, .T. ) ;
#1483 = DIRECTION ( 'NONE',  ( -0.000000000000000000, 0.9989728343450317016, 0.04531309127232062417 ) ) ;
#1484 = CARTESIAN_POINT ( 'NONE',  ( -0.5200000000000000178, 1.369999999999999885, -3.665516011480168146 ) ) ;
#1485 =( NAMED_UNIT ( * ) SI_UNIT ( $, .STERADIAN. ) SOLID_ANGLE_UNIT ( ) );
#1486 = PRESENTATION_LAYER_ASSIGNMENT (  '', '', ( #4834 ) ) ;
#1487 = FILL_AREA_STYLE ('',( #1069 ) ) ;
#1488 = EDGE_CURVE ( 'NONE', #3116, #2506, #2279, .T. ) ;
#1489 = UNCERTAINTY_MEASURE_WITH_UNIT (LENGTH_MEASURE( 1.000000000000000082E-05 ), #3693, 'distance_accuracy_value', 'NONE');
#1490 = COLOUR_RGB ( '',1.000000000000000000, 0.1686274509803921684, 0.1686274509803921684 ) ;
#1491 = FACE_OUTER_BOUND ( 'NONE', #4714, .T. ) ;
#1492 = UNCERTAINTY_MEASURE_WITH_UNIT (LENGTH_MEASURE( 1.000000000000000082E-05 ), #2498, 'distance_accuracy_value', 'NONE');
#1493 = EDGE_CURVE ( 'NONE', #3251, #5072, #3865, .T. ) ;
#1494 = DIRECTION ( 'NONE',  ( -1.000000000000000000, 0.000000000000000000, -0.000000000000000000 ) ) ;
#1495 = SURFACE_STYLE_USAGE ( .BOTH. , #5082 ) ;
#1496 = ORIENTED_EDGE ( 'NONE', *, *, #3472, .F. ) ;
#1497 = AXIS2_PLACEMENT_3D ( 'NONE', #374, #4783, #4754 ) ;
#1498 = CARTESIAN_POINT ( 'NONE',  ( -3.275000000000000355, 3.020000000000000018, 3.339999999999999858 ) ) ;
#1499 =( GEOMETRIC_REPRESENTATION_CONTEXT ( 3 ) GLOBAL_UNCERTAINTY_ASSIGNED_CONTEXT ( ( #502 ) ) GLOBAL_UNIT_ASSIGNED_CONTEXT ( ( #3366, #1122, #1516 ) ) REPRESENTATION_CONTEXT ( 'NONE', 'WORKASPACE' ) );
#1500 = COLOUR_RGB ( '',0.8941176470588234615, 0.9137254901960784048, 0.9294117647058823817 ) ;
#1501 = PLANE ( 'NONE',  #5026 ) ;
#1502 = ORIENTED_EDGE ( 'NONE', *, *, #4136, .F. ) ;
#1503 = CARTESIAN_POINT ( 'NONE',  ( -3.275000000000000355, 3.020000000000000018, 3.339999999999999858 ) ) ;
#1504 = CARTESIAN_POINT ( 'NONE',  ( -2.935333781330272895, 3.669999999999999929, 2.457488747160203157 ) ) ;
#1505 = ORIENTED_EDGE ( 'NONE', *, *, #4723, .T. ) ;
#1506 = ORIENTED_EDGE ( 'NONE', *, *, #885, .T. ) ;
#1507 =( NAMED_UNIT ( * ) PLANE_ANGLE_UNIT ( ) SI_UNIT ( $, .RADIAN. ) );
#1508 = CARTESIAN_POINT ( 'NONE',  ( 2.020000000000000018, 1.470000000000000195, -2.866512164179471522 ) ) ;
#1509 = ORIENTED_EDGE ( 'NONE', *, *, #4792, .F. ) ;
#1510 = VECTOR ( 'NONE', #4646, 1000.000000000000000 ) ;
#1511 = EDGE_LOOP ( 'NONE', ( #349, #4403, #904, #294 ) ) ;
#1512 = FACE_OUTER_BOUND ( 'NONE', #4732, .T. ) ;
#1513 = MECHANICAL_DESIGN_GEOMETRIC_PRESENTATION_REPRESENTATION (  '', ( #4177 ), #4600 ) ;
#1514 = EDGE_CURVE ( 'NONE', #3823, #2744, #1978, .T. ) ;
#1515 = DIRECTION ( 'NONE',  ( -0.000000000000000000, -0.000000000000000000, -1.000000000000000000 ) ) ;
#1516 =( NAMED_UNIT ( * ) SI_UNIT ( $, .STERADIAN. ) SOLID_ANGLE_UNIT ( ) );
#1517 = SURFACE_STYLE_FILL_AREA ( #3939 ) ;
#1518 = PRESENTATION_LAYER_ASSIGNMENT (  '', '', ( #1604 ) ) ;
#1519 = PRESENTATION_STYLE_ASSIGNMENT (( #4729 ) ) ;
#1520 = LINE ( 'NONE', #2735, #3403 ) ;
#1521 = COLOUR_RGB ( '',1.000000000000000000, 0.1686274509803921684, 0.1686274509803921684 ) ;
#1522 = VECTOR ( 'NONE', #4180, 1000.000000000000000 ) ;
#1523 = EDGE_LOOP ( 'NONE', ( #63, #3360, #1976, #4025, #2068, #4486 ) ) ;
#1524 = PRESENTATION_STYLE_ASSIGNMENT (( #4641 ) ) ;
#1525 = VECTOR ( 'NONE', #4183, 1000.000000000000000 ) ;
#1526 = DIRECTION ( 'NONE',  ( 0.000000000000000000, 0.000000000000000000, 1.000000000000000000 ) ) ;
#1527 =( GEOMETRIC_REPRESENTATION_CONTEXT ( 3 ) GLOBAL_UNCERTAINTY_ASSIGNED_CONTEXT ( ( #3992 ) ) GLOBAL_UNIT_ASSIGNED_CONTEXT ( ( #3811, #5033, #512 ) ) REPRESENTATION_CONTEXT ( 'NONE', 'WORKASPACE' ) );
#1528 = CARTESIAN_POINT ( 'NONE',  ( 0.5200000000000000178, 1.370000000000000107, -3.665516011480168146 ) ) ;
#1529 = ORIENTED_EDGE ( 'NONE', *, *, #1800, .T. ) ;
#1530 = EDGE_CURVE ( 'NONE', #4364, #553, #1305, .T. ) ;
#1531 = EDGE_CURVE ( 'NONE', #1376, #4359, #4069, .T. ) ;
#1532 = PRESENTATION_LAYER_ASSIGNMENT (  '', '', ( #3777 ) ) ;
#1533 = FILL_AREA_STYLE ('',( #2721 ) ) ;
#1534 = PLANE ( 'NONE',  #2838 ) ;
#1535 = CARTESIAN_POINT ( 'NONE',  ( 0.9021260989024346699, -0.5463792282006305623, -4.102802243759191114 ) ) ;
#1536 = ORIENTED_EDGE ( 'NONE', *, *, #3202, .F. ) ;
#1537 = PLANE ( 'NONE',  #1332 ) ;
#1538 =( GEOMETRIC_REPRESENTATION_CONTEXT ( 3 ) GLOBAL_UNCERTAINTY_ASSIGNED_CONTEXT ( ( #1654 ) ) GLOBAL_UNIT_ASSIGNED_CONTEXT ( ( #3177, #1186, #2048 ) ) REPRESENTATION_CONTEXT ( 'NONE', 'WORKASPACE' ) );
#1539 = DIRECTION ( 'NONE',  ( 0.000000000000000000, 0.000000000000000000, -1.000000000000000000 ) ) ;
#1540 = ORIENTED_EDGE ( 'NONE', *, *, #1078, .T. ) ;
#1541 = EDGE_CURVE ( 'NONE', #4860, #3646, #3195, .T. ) ;
#1542 = VECTOR ( 'NONE', #2785, 1000.000000000000227 ) ;
#1543 = DIRECTION ( 'NONE',  ( 0.000000000000000000, -0.9989728343450318127, 0.04531309127232183154 ) ) ;
#1544 = DIRECTION ( 'NONE',  ( 2.168404344971008868E-16, 0.000000000000000000, 1.000000000000000000 ) ) ;
#1545 = SURFACE_SIDE_STYLE ('',( #5126 ) ) ;
#1546 = EDGE_LOOP ( 'NONE', ( #626, #1993, #4096, #4652 ) ) ;
#1547 = STYLED_ITEM ( 'NONE', ( #3582 ), #3043 ) ;
#1548 = FILL_AREA_STYLE_COLOUR ( '', #1603 ) ;
#1549 = LINE ( 'NONE', #2738, #3859 ) ;
#1550 = UNCERTAINTY_MEASURE_WITH_UNIT (LENGTH_MEASURE( 1.000000000000000082E-05 ), #532, 'distance_accuracy_value', 'NONE');
#1551 = ORIENTED_EDGE ( 'NONE', *, *, #2235, .F. ) ;
#1552 = DIRECTION ( 'NONE',  ( -1.000000000000000000, -0.000000000000000000, 0.000000000000000000 ) ) ;
#1553 = ORIENTED_EDGE ( 'NONE', *, *, #2951, .T. ) ;
#1554 = ADVANCED_FACE ( 'NONE', ( #1247 ), #2087, .F. ) ;
#1555 = PLANE ( 'NONE',  #4376 ) ;
#1556 = CARTESIAN_POINT ( 'NONE',  ( -3.274999999999999911, 3.020000000000000018, 3.339999999999999858 ) ) ;
#1557 = CARTESIAN_POINT ( 'NONE',  ( -1.270000000000000018, -3.513954197737035656, -4.237410504193240612 ) ) ;
#1558 = ORIENTED_EDGE ( 'NONE', *, *, #558, .F. ) ;
#1559 = EDGE_CURVE ( 'NONE', #1613, #2290, #2406, .T. ) ;
#1560 =( LENGTH_UNIT ( ) NAMED_UNIT ( * ) SI_UNIT ( .MILLI., .METRE. ) );
#1561 = DIRECTION ( 'NONE',  ( -7.885106708985478187E-16, 0.9989728343450318127, 0.04531309127232183154 ) ) ;
#1562 = FILL_AREA_STYLE_COLOUR ( '', #4383 ) ;
#1563 = CARTESIAN_POINT ( 'NONE',  ( -0.9949999999999993294, -0.5999999999999998668, 4.105234464979930387 ) ) ;
#1564 = ORIENTED_EDGE ( 'NONE', *, *, #2523, .T. ) ;
#1565 = ADVANCED_FACE ( 'NONE', ( #3623 ), #4836, .F. ) ;
#1566 = CARTESIAN_POINT ( 'NONE',  ( 0.7199999999999996403, 3.669999999999999929, 0.1499999999999999667 ) ) ;
#1567 = SURFACE_STYLE_USAGE ( .BOTH. , #4292 ) ;
#1568 = CARTESIAN_POINT ( 'NONE',  ( 2.020000000000000018, 3.370000000000000107, -1.810000000000000053 ) ) ;
#1569 = STYLED_ITEM ( 'NONE', ( #3967 ), #273 ) ;
#1570 = CARTESIAN_POINT ( 'NONE',  ( 0.9949999999999995515, -0.5999999999999994227, 3.854977409527656551 ) ) ;
#1571 = SURFACE_SIDE_STYLE ('',( #1027 ) ) ;
#1572 = ORIENTED_EDGE ( 'NONE', *, *, #1330, .F. ) ;
#1573 = VECTOR ( 'NONE', #2524, 1000.000000000000000 ) ;
#1574 = AXIS2_PLACEMENT_3D ( 'NONE', #2613, #1354, #2639 ) ;
#1575 = CARTESIAN_POINT ( 'NONE',  ( -0.6699999999999997069, 3.070000000000000284, -0.8499999999999995337 ) ) ;
#1576 = VERTEX_POINT ( 'NONE', #4863 ) ;
#1577 = SURFACE_STYLE_FILL_AREA ( #25 ) ;
#1578 =( GEOMETRIC_REPRESENTATION_CONTEXT ( 3 ) GLOBAL_UNCERTAINTY_ASSIGNED_CONTEXT ( ( #762 ) ) GLOBAL_UNIT_ASSIGNED_CONTEXT ( ( #1874, #4696, #1946 ) ) REPRESENTATION_CONTEXT ( 'NONE', 'WORKASPACE' ) );
#1579 = DIRECTION ( 'NONE',  ( -6.141068999935583157E-18, -0.04531309127232126255, 0.9989728343450319237 ) ) ;
#1580 = SURFACE_STYLE_FILL_AREA ( #5088 ) ;
#1581 = STYLED_ITEM ( 'NONE', ( #1642 ), #3649 ) ;
#1582 = CARTESIAN_POINT ( 'NONE',  ( 1.819999999999999840, 3.669999999999999929, -0.8499999999999999778 ) ) ;
#1583 = VERTEX_POINT ( 'NONE', #241 ) ;
#1584 = LINE ( 'NONE', #4063, #2181 ) ;
#1585 = CARTESIAN_POINT ( 'NONE',  ( -1.637873901097565366, -0.5463792282006305623, 4.102802243759191114 ) ) ;
#1586 = MECHANICAL_DESIGN_GEOMETRIC_PRESENTATION_REPRESENTATION (  '', ( #5017 ), #4167 ) ;
#1587 =( NAMED_UNIT ( * ) SI_UNIT ( $, .STERADIAN. ) SOLID_ANGLE_UNIT ( ) );
#1588 = LINE ( 'NONE', #3983, #4881 ) ;
#1589 = CARTESIAN_POINT ( 'NONE',  ( 3.274999999999999911, 1.719999999999999973, -2.928844164890265223 ) ) ;
#1590 = ORIENTED_EDGE ( 'NONE', *, *, #824, .F. ) ;
#1591 = MECHANICAL_DESIGN_GEOMETRIC_PRESENTATION_REPRESENTATION (  '', ( #1747 ), #1836 ) ;
#1592 = EDGE_CURVE ( 'NONE', #2371, #155, #3748, .T. ) ;
#1593 = EDGE_CURVE ( 'NONE', #1613, #2489, #5020, .T. ) ;
#1594 = EDGE_CURVE ( 'NONE', #43, #765, #4143, .T. ) ;
#1595 = AXIS2_PLACEMENT_3D ( 'NONE', #4522, #3651, #4496 ) ;
#1596 = DIRECTION ( 'NONE',  ( -0.000000000000000000, 1.000000000000000000, 0.000000000000000000 ) ) ;
#1597 = VECTOR ( 'NONE', #4668, 1000.000000000000000 ) ;
#1598 = CARTESIAN_POINT ( 'NONE',  ( -0.9949999999999999956, -3.525282470555116010, 3.987667295606982965 ) ) ;
#1599 = UNCERTAINTY_MEASURE_WITH_UNIT (LENGTH_MEASURE( 1.000000000000000082E-05 ), #542, 'distance_accuracy_value', 'NONE');
#1601 = DIRECTION ( 'NONE',  ( -1.000000000000000000, -0.000000000000000000, 0.000000000000000000 ) ) ;
#1600 =( GEOMETRIC_REPRESENTATION_CONTEXT ( 3 ) GLOBAL_UNCERTAINTY_ASSIGNED_CONTEXT ( ( #2649 ) ) GLOBAL_UNIT_ASSIGNED_CONTEXT ( ( #3610, #2417, #3294 ) ) REPRESENTATION_CONTEXT ( 'NONE', 'WORKASPACE' ) );
#1602 = ORIENTED_EDGE ( 'NONE', *, *, #4583, .F. ) ;
#1603 = COLOUR_RGB ( '',0.7921568627450980005, 0.8196078431372548767, 0.9333333333333333481 ) ;
#1604 = STYLED_ITEM ( 'NONE', ( #3745 ), #1048 ) ;
#1605 = FACE_BOUND ( 'NONE', #4587, .T. ) ;
#1606 =( NAMED_UNIT ( * ) PLANE_ANGLE_UNIT ( ) SI_UNIT ( $, .RADIAN. ) );
#1607 = CARTESIAN_POINT ( 'NONE',  ( 2.020000000000000018, 1.470000000000000195, -3.665516011480168146 ) ) ;
#1608 = ORIENTED_EDGE ( 'NONE', *, *, #4986, .T. ) ;
#1609 = COLOUR_RGB ( '',1.000000000000000000, 1.000000000000000000, 1.000000000000000000 ) ;
#1610 = CLOSED_SHELL ( 'NONE', ( #3978, #3738, #1931, #3892, #205, #3114, #4821, #4296, #354, #4377, #496, #5083, #5137, #2790, #3491 ) ) ;
#1611 = DIRECTION ( 'NONE',  ( 0.000000000000000000, 1.000000000000000000, 0.000000000000000000 ) ) ;
#1612 = CYLINDRICAL_SURFACE ( 'NONE', #5164, 0.2750000000000002998 ) ;
#1613 = VERTEX_POINT ( 'NONE', #2246 ) ;
#1614 = LINE ( 'NONE', #1949, #1871 ) ;
#1615 = CIRCLE ( 'NONE', #2114, 0.1000000000000002554 ) ;
#1616 = ORIENTED_EDGE ( 'NONE', *, *, #497, .T. ) ;
#1617 = PLANE ( 'NONE',  #4713 ) ;
#1618 = PRESENTATION_LAYER_ASSIGNMENT (  '', '', ( #2457 ) ) ;
#1619 =( NAMED_UNIT ( * ) PLANE_ANGLE_UNIT ( ) SI_UNIT ( $, .RADIAN. ) );
#1620 = VECTOR ( 'NONE', #961, 1000.000000000000227 ) ;
#1621 = CARTESIAN_POINT ( 'NONE',  ( 3.274999999999999911, 1.719999999999999973, -3.339999999999999858 ) ) ;
#1622 = ORIENTED_EDGE ( 'NONE', *, *, #4265, .F. ) ;
#1623 = STYLED_ITEM ( 'NONE', ( #4059 ), #3287 ) ;
#1624 = DIRECTION ( 'NONE',  ( -1.000000000000000000, -0.000000000000000000, -0.000000000000000000 ) ) ;
#1625 = VECTOR ( 'NONE', #1635, 1000.000000000000000 ) ;
#1626 = AXIS2_PLACEMENT_3D ( 'NONE', #260, #3464, #618 ) ;
#1627 = EDGE_CURVE ( 'NONE', #4408, #3269, #4123, .T. ) ;
#1628 = DIRECTION ( 'NONE',  ( -1.000000000000000000, -0.000000000000000000, 0.000000000000000000 ) ) ;
#1629 = ORIENTED_EDGE ( 'NONE', *, *, #3627, .T. ) ;
#1630 = CARTESIAN_POINT ( 'NONE',  ( -0.9949999999999999956, -3.525282470555116010, -3.987667295606982965 ) ) ;
#1631 = DIRECTION ( 'NONE',  ( -0.8660254037844400399, 0.4999999999999975020, 0.000000000000000000 ) ) ;
#1632 = EDGE_CURVE ( 'NONE', #2290, #1253, #567, .T. ) ;
#1633 = ORIENTED_EDGE ( 'NONE', *, *, #4596, .F. ) ;
#1634 = ORIENTED_EDGE ( 'NONE', *, *, #4301, .F. ) ;
#1635 = DIRECTION ( 'NONE',  ( 1.000000000000000000, 0.000000000000000000, 0.000000000000000000 ) ) ;
#1636 =( LENGTH_UNIT ( ) NAMED_UNIT ( * ) SI_UNIT ( .MILLI., .METRE. ) );
#1637 = DIRECTION ( 'NONE',  ( 1.000000000000000000, 0.000000000000000000, -0.000000000000000000 ) ) ;
#1638 = CARTESIAN_POINT ( 'NONE',  ( -1.545000000000000151, -3.799999999999999822, 4.000128395706870954 ) ) ;
#1639 = CARTESIAN_POINT ( 'NONE',  ( -2.935333781330272895, 3.669000000000000039, 3.026351883076923155 ) ) ;
#1640 = LINE ( 'NONE', #3588, #4352 ) ;
#1641 = EDGE_LOOP ( 'NONE', ( #3612, #442, #4260, #2197 ) ) ;
#1642 = PRESENTATION_STYLE_ASSIGNMENT (( #38 ) ) ;
#1643 = SURFACE_STYLE_FILL_AREA ( #4095 ) ;
#1644 = ORIENTED_EDGE ( 'NONE', *, *, #1514, .F. ) ;
#1645 = FILL_AREA_STYLE ('',( #42 ) ) ;
#1646 = ADVANCED_FACE ( 'NONE', ( #4909 ), #1013, .F. ) ;
#1647 = DIRECTION ( 'NONE',  ( -0.8660254037844400399, 0.4999999999999975020, 0.000000000000000000 ) ) ;
#1648 = CARTESIAN_POINT ( 'NONE',  ( 2.020000000000000018, -0.3257586221349298428, 4.092794962964849681 ) ) ;
#1649 = ORIENTED_EDGE ( 'NONE', *, *, #379, .F. ) ;
#1650 = FILL_AREA_STYLE ('',( #2476 ) ) ;
#1651 = EDGE_CURVE ( 'NONE', #4100, #4364, #1736, .T. ) ;
#1652 = PRESENTATION_LAYER_ASSIGNMENT (  '', '', ( #3902 ) ) ;
#1653 = EDGE_CURVE ( 'NONE', #4809, #3274, #2609, .T. ) ;
#1654 = UNCERTAINTY_MEASURE_WITH_UNIT (LENGTH_MEASURE( 1.000000000000000082E-05 ), #3177, 'distance_accuracy_value', 'NONE');
#1655 = PLANE ( 'NONE',  #4513 ) ;
#1656 = FILL_AREA_STYLE ('',( #53 ) ) ;
#1657 = UNCERTAINTY_MEASURE_WITH_UNIT (LENGTH_MEASURE( 1.000000000000000082E-05 ), #5062, 'distance_accuracy_value', 'NONE');
#1658 = DIRECTION ( 'NONE',  ( 1.000000000000000000, 1.355252715606880543E-16, 0.000000000000000000 ) ) ;
#1659 = LINE ( 'NONE', #819, #629 ) ;
#1660 = PLANE ( 'NONE',  #754 ) ;
#1661 = ORIENTED_EDGE ( 'NONE', *, *, #3346, .F. ) ;
#1662 = DIRECTION ( 'NONE',  ( 1.000000000000000000, 0.000000000000000000, -0.000000000000000000 ) ) ;
#1663 = VECTOR ( 'NONE', #2222, 1000.000000000000000 ) ;
#1664 = CARTESIAN_POINT ( 'NONE',  ( 0.000000000000000000, 3.370000000000000107, 0.000000000000000000 ) ) ;
#1665 = PRESENTATION_LAYER_ASSIGNMENT (  '', '', ( #1747 ) ) ;
#1666 = DIRECTION ( 'NONE',  ( -1.000000000000000000, 0.000000000000000000, -2.168404344971008868E-16 ) ) ;
#1667 = ORIENTED_EDGE ( 'NONE', *, *, #1488, .T. ) ;
#1668 = SURFACE_STYLE_FILL_AREA ( #4546 ) ;
#1669 = DIRECTION ( 'NONE',  ( -1.000000000000000000, -0.000000000000000000, -0.000000000000000000 ) ) ;
#1670 = CIRCLE ( 'NONE', #5183, 0.1000000000000002554 ) ;
#1671 = VECTOR ( 'NONE', #1889, 1000.000000000000000 ) ;
#1672 = EDGE_CURVE ( 'NONE', #1763, #4079, #3803, .T. ) ;
#1673 =( LENGTH_UNIT ( ) NAMED_UNIT ( * ) SI_UNIT ( .MILLI., .METRE. ) );
#1674 = CARTESIAN_POINT ( 'NONE',  ( -0.9949999999999993294, 1.385859581945312113, -4.015156503500930008 ) ) ;
#1675 = VERTEX_POINT ( 'NONE', #4977 ) ;
#1676 = MECHANICAL_DESIGN_GEOMETRIC_PRESENTATION_REPRESENTATION (  '', ( #3316 ), #926 ) ;
#1677 = FILL_AREA_STYLE ('',( #4878 ) ) ;
#1678 = CARTESIAN_POINT ( 'NONE',  ( 1.270000000000000018, -3.525282470555116010, -3.987667295606982965 ) ) ;
#1679 = SURFACE_SIDE_STYLE ('',( #3230 ) ) ;
#1680 = DIRECTION ( 'NONE',  ( -1.000000000000000000, -0.000000000000000000, -0.000000000000000000 ) ) ;
#1681 = STYLED_ITEM ( 'NONE', ( #3299 ), #1208 ) ;
#1682 =( LENGTH_UNIT ( ) NAMED_UNIT ( * ) SI_UNIT ( .MILLI., .METRE. ) );
#1683 = PRESENTATION_STYLE_ASSIGNMENT (( #32 ) ) ;
#1684 = FACE_OUTER_BOUND ( 'NONE', #3785, .T. ) ;
#1685 = ORIENTED_EDGE ( 'NONE', *, *, #2204, .T. ) ;
#1686 = PRESENTATION_LAYER_ASSIGNMENT (  '', '', ( #695 ) ) ;
#1687 = STYLED_ITEM ( 'NONE', ( #3111 ), #2198 ) ;
#1688 = PRESENTATION_STYLE_ASSIGNMENT (( #856 ) ) ;
#1689 = DIRECTION ( 'NONE',  ( -0.000000000000000000, -1.000000000000000000, -0.000000000000000000 ) ) ;
#1690 =( NAMED_UNIT ( * ) SI_UNIT ( $, .STERADIAN. ) SOLID_ANGLE_UNIT ( ) );
#1691 = ORIENTED_EDGE ( 'NONE', *, *, #2623, .F. ) ;
#1692 = CARTESIAN_POINT ( 'NONE',  ( -1.869999999999999662, 3.070000000000000284, 0.8499999999999995337 ) ) ;
#1693 = PRESENTATION_LAYER_ASSIGNMENT (  '', '', ( #1870 ) ) ;
#1694 =( NAMED_UNIT ( * ) SI_UNIT ( $, .STERADIAN. ) SOLID_ANGLE_UNIT ( ) );
#1695 = VECTOR ( 'NONE', #1476, 1000.000000000000000 ) ;
#1696 = AXIS2_PLACEMENT_3D ( 'NONE', #5121, #269, #1897 ) ;
#1697 = EDGE_CURVE ( 'NONE', #268, #1245, #4520, .T. ) ;
#1698 = ORIENTED_EDGE ( 'NONE', *, *, #3593, .T. ) ;
#1699 = ORIENTED_EDGE ( 'NONE', *, *, #3937, .T. ) ;
#1700 = STYLED_ITEM ( 'NONE', ( #2389 ), #3218 ) ;
#1701 = DIRECTION ( 'NONE',  ( -0.000000000000000000, -0.000000000000000000, 1.000000000000000000 ) ) ;
#1702 =( NAMED_UNIT ( * ) SI_UNIT ( $, .STERADIAN. ) SOLID_ANGLE_UNIT ( ) );
#1703 = SURFACE_STYLE_FILL_AREA ( #1487 ) ;
#1704 = LINE ( 'NONE', #3256, #2081 ) ;
#1705 = FILL_AREA_STYLE ('',( #4554 ) ) ;
#1706 = CARTESIAN_POINT ( 'NONE',  ( 0.5200000000000000178, 1.369999999999999885, 3.665516011480168146 ) ) ;
#1707 =( LENGTH_UNIT ( ) NAMED_UNIT ( * ) SI_UNIT ( .MILLI., .METRE. ) );
#1708 = ADVANCED_FACE ( 'NONE', ( #89 ), #4919, .T. ) ;
#1709 = DIRECTION ( 'NONE',  ( -0.000000000000000000, 1.000000000000000000, -0.000000000000000000 ) ) ;
#1710 = DIRECTION ( 'NONE',  ( 1.000000000000000000, 0.000000000000000000, 0.000000000000000000 ) ) ;
#1711 = ORIENTED_EDGE ( 'NONE', *, *, #3542, .F. ) ;
#1712 = SURFACE_SIDE_STYLE ('',( #83 ) ) ;
#1713 = SURFACE_STYLE_FILL_AREA ( #4992 ) ;
#1714 = ADVANCED_FACE ( 'NONE', ( #4481, #2070 ), #3655, .T. ) ;
#1715 = FACE_OUTER_BOUND ( 'NONE', #2887, .T. ) ;
#1716 = DIRECTION ( 'NONE',  ( 0.000000000000000000, -0.9989728343450318127, 0.04531309127232183154 ) ) ;
#1717 =( LENGTH_UNIT ( ) NAMED_UNIT ( * ) SI_UNIT ( .MILLI., .METRE. ) );
#1718 = ORIENTED_EDGE ( 'NONE', *, *, #497, .F. ) ;
#1719 = VERTEX_POINT ( 'NONE', #2357 ) ;
#1720 = SURFACE_STYLE_USAGE ( .BOTH. , #3792 ) ;
#1721 = VECTOR ( 'NONE', #2848, 1000.000000000000000 ) ;
#1722 = LINE ( 'NONE', #1754, #608 ) ;
#1723 = ORIENTED_EDGE ( 'NONE', *, *, #3051, .F. ) ;
#1724 = ORIENTED_EDGE ( 'NONE', *, *, #2544, .F. ) ;
#1725 = CARTESIAN_POINT ( 'NONE',  ( 0.9949999999999995515, -0.5999999999999998668, 4.249871604293129046 ) ) ;
#1726 = PRESENTATION_STYLE_ASSIGNMENT (( #4985 ) ) ;
#1727 = VECTOR ( 'NONE', #1050, 1000.000000000000000 ) ;
#1728 =( LENGTH_UNIT ( ) NAMED_UNIT ( * ) SI_UNIT ( .MILLI., .METRE. ) );
#1729 = VERTEX_POINT ( 'NONE', #1556 ) ;
#1730 = FILL_AREA_STYLE_COLOUR ( '', #153 ) ;
#1731 = STYLED_ITEM ( 'NONE', ( #3963 ), #4492 ) ;
#1732 = EDGE_LOOP ( 'NONE', ( #2254, #1055, #3026, #1766 ) ) ;
#1733 = CARTESIAN_POINT ( 'NONE',  ( -0.7199999999999996403, 3.070000000000000284, 0.1499999999999999667 ) ) ;
#1734 = DIRECTION ( 'NONE',  ( -0.000000000000000000, -1.000000000000000000, -0.000000000000000000 ) ) ;
#1735 = COLOUR_RGB ( '',0.2980392156862745057, 0.2980392156862745057, 0.2980392156862745057 ) ;
#1736 = LINE ( 'NONE', #1381, #3083 ) ;
#1737 = SURFACE_STYLE_USAGE ( .BOTH. , #3423 ) ;
#1738 = CYLINDRICAL_SURFACE ( 'NONE', #683, 0.3500000000000004774 ) ;
#1739 = VERTEX_POINT ( 'NONE', #4766 ) ;
#1740 = STYLED_ITEM ( 'NONE', ( #4653 ), #3657 ) ;
#1741 = ADVANCED_FACE ( 'NONE', ( #3634 ), #4455, .F. ) ;
#1742 = CARTESIAN_POINT ( 'NONE',  ( -1.819999999999999618, 3.669999999999999929, 0.1499999999999999667 ) ) ;
#1743 = SURFACE_STYLE_FILL_AREA ( #1310 ) ;
#1744 = EDGE_CURVE ( 'NONE', #519, #3722, #610, .T. ) ;
#1745 = EDGE_CURVE ( 'NONE', #3914, #1739, #3228, .T. ) ;
#1746 = CARTESIAN_POINT ( 'NONE',  ( -2.020000000000000018, 3.370000000000000107, -1.809999999999999165 ) ) ;
#1747 = STYLED_ITEM ( 'NONE', ( #1835 ), #588 ) ;
#1748 = STYLED_ITEM ( 'NONE', ( #396 ), #3819 ) ;
#1749 = LINE ( 'NONE', #4104, #3751 ) ;
#1750 =( LENGTH_UNIT ( ) NAMED_UNIT ( * ) SI_UNIT ( .MILLI., .METRE. ) );
#1751 = STYLED_ITEM ( 'NONE', ( #3223 ), #604 ) ;
#1752 = ADVANCED_FACE ( 'NONE', ( #175 ), #3345, .F. ) ;
#1753 = MECHANICAL_DESIGN_GEOMETRIC_PRESENTATION_REPRESENTATION (  '', ( #1925 ), #2430 ) ;
#1754 = CARTESIAN_POINT ( 'NONE',  ( 0.6111325417348305589, -1.844843703379108524, 3.911443125522801267 ) ) ;
#1755 = COLOUR_RGB ( '',0.8941176470588234615, 0.9137254901960784048, 0.9294117647058823817 ) ;
#1756 = FACE_OUTER_BOUND ( 'NONE', #1311, .T. ) ;
#1757 =( NAMED_UNIT ( * ) SI_UNIT ( $, .STERADIAN. ) SOLID_ANGLE_UNIT ( ) );
#1758 = ORIENTED_EDGE ( 'NONE', *, *, #5108, .F. ) ;
#1759 =( NAMED_UNIT ( * ) SI_UNIT ( $, .STERADIAN. ) SOLID_ANGLE_UNIT ( ) );
#1760 = MECHANICAL_DESIGN_GEOMETRIC_PRESENTATION_REPRESENTATION (  '', ( #1604 ), #4942 ) ;
#1761 = COLOUR_RGB ( '',1.000000000000000000, 0.1686274509803921684, 0.1686274509803921684 ) ;
#1762 = SURFACE_STYLE_USAGE ( .BOTH. , #3713 ) ;
#1763 = VERTEX_POINT ( 'NONE', #71 ) ;
#1764 =( NAMED_UNIT ( * ) PLANE_ANGLE_UNIT ( ) SI_UNIT ( $, .RADIAN. ) );
#1765 = FILL_AREA_STYLE_COLOUR ( '', #1609 ) ;
#1766 = ORIENTED_EDGE ( 'NONE', *, *, #4885, .T. ) ;
#1767 = EDGE_CURVE ( 'NONE', #1320, #1987, #1391, .T. ) ;
#1768 =( NAMED_UNIT ( * ) PLANE_ANGLE_UNIT ( ) SI_UNIT ( $, .RADIAN. ) );
#1769 = CARTESIAN_POINT ( 'NONE',  ( -0.7199999999999995293, 5.156606874731850532, -0.8499999999999999778 ) ) ;
#1770 = DIRECTION ( 'NONE',  ( 0.000000000000000000, -0.2419218955996630671, -0.9702957262759976942 ) ) ;
#1771 = CYLINDRICAL_SURFACE ( 'NONE', #1080, 0.2750000000000002998 ) ;
#1772 = EDGE_LOOP ( 'NONE', ( #665, #1758, #4274, #4671 ) ) ;
#1773 = PRESENTATION_LAYER_ASSIGNMENT (  '', '', ( #430 ) ) ;
#1774 = PRESENTATION_STYLE_ASSIGNMENT (( #2094 ) ) ;
#1775 = CARTESIAN_POINT ( 'NONE',  ( -0.5200000000000000178, -0.3257586221349297317, -3.842537907512574957 ) ) ;
#1776 =( NAMED_UNIT ( * ) SI_UNIT ( $, .STERADIAN. ) SOLID_ANGLE_UNIT ( ) );
#1777 = EDGE_CURVE ( 'NONE', #3160, #4516, #3253, .T. ) ;
#1778 = PRESENTATION_LAYER_ASSIGNMENT (  '', '', ( #4195 ) ) ;
#1779 = APPLICATION_PROTOCOL_DEFINITION ( 'draft international standard', 'automotive_design', 1998, #5144 ) ;
#1780 = DIRECTION ( 'NONE',  ( 1.000000000000000000, 1.355252715606880543E-16, 0.000000000000000000 ) ) ;
#1781 = FILL_AREA_STYLE_COLOUR ( '', #3519 ) ;
#1782 = COLOUR_RGB ( '',0.8941176470588234615, 0.9137254901960784048, 0.9294117647058823817 ) ;
#1783 = PRESENTATION_STYLE_ASSIGNMENT (( #176 ) ) ;
#1784 =( NAMED_UNIT ( * ) PLANE_ANGLE_UNIT ( ) SI_UNIT ( $, .RADIAN. ) );
#1785 = VECTOR ( 'NONE', #5147, 1000.000000000000000 ) ;
#1786 = VERTEX_POINT ( 'NONE', #1295 ) ;
#1787 = CARTESIAN_POINT ( 'NONE',  ( 0.5200000000000000178, 1.470000000000000417, -3.665516011480168146 ) ) ;
#1788 = CARTESIAN_POINT ( 'NONE',  ( 0.7199999999999995293, 5.156606874731850532, -0.8499999999999999778 ) ) ;
#1789 = DIRECTION ( 'NONE',  ( -0.8660254037844400399, 0.4999999999999975020, 0.000000000000000000 ) ) ;
#1790 = VERTEX_POINT ( 'NONE', #4498 ) ;
#1791 = LINE ( 'NONE', #540, #2266 ) ;
#1792 = ORIENTED_EDGE ( 'NONE', *, *, #3918, .F. ) ;
#1793 =( NAMED_UNIT ( * ) SI_UNIT ( $, .STERADIAN. ) SOLID_ANGLE_UNIT ( ) );
#1794 = CARTESIAN_POINT ( 'NONE',  ( -2.020000000000000018, -3.799999999999999822, -4.000128395706870954 ) ) ;
#1795 = ORIENTED_EDGE ( 'NONE', *, *, #4056, .F. ) ;
#1796 = PRESENTATION_STYLE_ASSIGNMENT (( #198 ) ) ;
#1797 = DIRECTION ( 'NONE',  ( -1.000000000000000000, -0.000000000000000000, -0.000000000000000000 ) ) ;
#1798 = DIRECTION ( 'NONE',  ( 0.000000000000000000, 0.000000000000000000, -1.000000000000000000 ) ) ;
#1799 =( NAMED_UNIT ( * ) PLANE_ANGLE_UNIT ( ) SI_UNIT ( $, .RADIAN. ) );
#1800 = EDGE_CURVE ( 'NONE', #3884, #4677, #2132, .T. ) ;
#1801 = UNCERTAINTY_MEASURE_WITH_UNIT (LENGTH_MEASURE( 1.000000000000000082E-05 ), #14, 'distance_accuracy_value', 'NONE');
#1802 = CARTESIAN_POINT ( 'NONE',  ( 1.819999999999999618, 3.070000000000000284, 0.1499999999999999667 ) ) ;
#1803 = DIRECTION ( 'NONE',  ( -0.000000000000000000, 1.000000000000000000, -0.000000000000000000 ) ) ;
#1804 = ORIENTED_EDGE ( 'NONE', *, *, #2141, .F. ) ;
#1805 = DIRECTION ( 'NONE',  ( -0.000000000000000000, -1.000000000000000000, -0.000000000000000000 ) ) ;
#1806 = EDGE_CURVE ( 'NONE', #286, #2597, #2495, .T. ) ;
#1807 = EDGE_CURVE ( 'NONE', #3901, #158, #4551, .T. ) ;
#1808 = EDGE_CURVE ( 'NONE', #4322, #190, #1722, .T. ) ;
#1809 = DIRECTION ( 'NONE',  ( 0.000000000000000000, -1.000000000000000000, 0.000000000000000000 ) ) ;
#1810 = COLOUR_RGB ( '',0.8941176470588234615, 0.9137254901960784048, 0.9294117647058823817 ) ;
#1811 = SURFACE_STYLE_USAGE ( .BOTH. , #4164 ) ;
#1812 = ORIENTED_EDGE ( 'NONE', *, *, #4776, .T. ) ;
#1813 = DIRECTION ( 'NONE',  ( -1.000000000000000000, -0.000000000000000000, -0.000000000000000000 ) ) ;
#1814 = DIRECTION ( 'NONE',  ( -2.168404344971008868E-16, 0.000000000000000000, -1.000000000000000000 ) ) ;
#1815 = ORIENTED_EDGE ( 'NONE', *, *, #4999, .T. ) ;
#1816 = ORIENTED_EDGE ( 'NONE', *, *, #1440, .F. ) ;
#1817 = LINE ( 'NONE', #4830, #4969 ) ;
#1818 = AXIS2_PLACEMENT_3D ( 'NONE', #884, #64, #574 ) ;
#1819 = SURFACE_SIDE_STYLE ('',( #3804 ) ) ;
#1820 = AXIS2_PLACEMENT_3D ( 'NONE', #789, #4077, #1257 ) ;
#1821 = PRESENTATION_LAYER_ASSIGNMENT (  '', '', ( #1731 ) ) ;
#1822 =( LENGTH_UNIT ( ) NAMED_UNIT ( * ) SI_UNIT ( .MILLI., .METRE. ) );
#1823 = FACE_OUTER_BOUND ( 'NONE', #4866, .T. ) ;
#1824 = VERTEX_POINT ( 'NONE', #3679 ) ;
#1825 = PLANE ( 'NONE',  #1249 ) ;
#1826 = SURFACE_SIDE_STYLE ('',( #4207 ) ) ;
#1827 = MECHANICAL_DESIGN_GEOMETRIC_PRESENTATION_REPRESENTATION (  '', ( #1731 ), #3650 ) ;
#1828 = PRESENTATION_STYLE_ASSIGNMENT (( #4267 ) ) ;
#1829 = FACE_OUTER_BOUND ( 'NONE', #1343, .T. ) ;
#1830 = AXIS2_PLACEMENT_3D ( 'NONE', #4539, #978, #1789 ) ;
#1831 = CARTESIAN_POINT ( 'NONE',  ( -2.020000000000000018, 1.719999999999999973, 2.928844164890265223 ) ) ;
#1832 = AXIS2_PLACEMENT_3D ( 'NONE', #859, #2864, #1716 ) ;
#1833 = PLANE ( 'NONE',  #1927 ) ;
#1834 = ORIENTED_EDGE ( 'NONE', *, *, #2163, .T. ) ;
#1835 = PRESENTATION_STYLE_ASSIGNMENT (( #5036 ) ) ;
#1836 =( GEOMETRIC_REPRESENTATION_CONTEXT ( 3 ) GLOBAL_UNCERTAINTY_ASSIGNED_CONTEXT ( ( #179 ) ) GLOBAL_UNIT_ASSIGNED_CONTEXT ( ( #255, #3406, #2742 ) ) REPRESENTATION_CONTEXT ( 'NONE', 'WORKASPACE' ) );
#1837 = SURFACE_SIDE_STYLE ('',( #2550 ) ) ;
#1838 = VERTEX_POINT ( 'NONE', #4923 ) ;
#1839 = DIRECTION ( 'NONE',  ( -0.000000000000000000, 1.000000000000000000, -0.000000000000000000 ) ) ;
#1840 = SURFACE_STYLE_FILL_AREA ( #306 ) ;
#1841 =( GEOMETRIC_REPRESENTATION_CONTEXT ( 3 ) GLOBAL_UNCERTAINTY_ASSIGNED_CONTEXT ( ( #4531 ) ) GLOBAL_UNIT_ASSIGNED_CONTEXT ( ( #5015, #2569, #613 ) ) REPRESENTATION_CONTEXT ( 'NONE', 'WORKASPACE' ) );
#1842 = AXIS2_PLACEMENT_3D ( 'NONE', #4132, #3774, #5010 ) ;
#1843 =( NAMED_UNIT ( * ) PLANE_ANGLE_UNIT ( ) SI_UNIT ( $, .RADIAN. ) );
#1844 = ORIENTED_EDGE ( 'NONE', *, *, #3347, .F. ) ;
#1845 = EDGE_CURVE ( 'NONE', #3251, #1094, #965, .T. ) ;
#1846 = FILL_AREA_STYLE ('',( #2725 ) ) ;
#1847 = MECHANICAL_DESIGN_GEOMETRIC_PRESENTATION_REPRESENTATION (  '', ( #3669 ), #3840 ) ;
#1848 = EDGE_LOOP ( 'NONE', ( #2540, #2042, #1402, #3139, #2640, #1154, #4794, #240 ) ) ;
#1849 = CARTESIAN_POINT ( 'NONE',  ( -0.5200000000000000178, 1.719999999999999973, -2.928844164890265223 ) ) ;
#1850 =( NAMED_UNIT ( * ) PLANE_ANGLE_UNIT ( ) SI_UNIT ( $, .RADIAN. ) );
#1851 = EDGE_LOOP ( 'NONE', ( #1792, #2471, #4656, #2301 ) ) ;
#1852 = VECTOR ( 'NONE', #3156, 1000.000000000000000 ) ;
#1853 = CARTESIAN_POINT ( 'NONE',  ( 0.5200000000000002398, 3.370000000000000107, -1.810000000000000053 ) ) ;
#1854 = LINE ( 'NONE', #244, #598 ) ;
#1855 = EDGE_CURVE ( 'NONE', #3309, #1051, #4524, .T. ) ;
#1856 = PRESENTATION_LAYER_ASSIGNMENT (  '', '', ( #4442 ) ) ;
#1857 = FILL_AREA_STYLE_COLOUR ( '', #2284 ) ;
#1858 =( NAMED_UNIT ( * ) SI_UNIT ( $, .STERADIAN. ) SOLID_ANGLE_UNIT ( ) );
#1859 = AXIS2_PLACEMENT_3D ( 'NONE', #4050, #2060, #3243 ) ;
#1860 = CARTESIAN_POINT ( 'NONE',  ( -3.274999999999999911, 1.719999999999999307, 0.000000000000000000 ) ) ;
#1861 = FILL_AREA_STYLE_COLOUR ( '', #4148 ) ;
#1862 = VECTOR ( 'NONE', #3352, 1000.000000000000000 ) ;
#1863 = ORIENTED_EDGE ( 'NONE', *, *, #4055, .T. ) ;
#1864 = MECHANICAL_DESIGN_GEOMETRIC_PRESENTATION_REPRESENTATION (  '', ( #440 ), #2203 ) ;
#1865 = UNCERTAINTY_MEASURE_WITH_UNIT (LENGTH_MEASURE( 1.000000000000000082E-05 ), #1822, 'distance_accuracy_value', 'NONE');
#1866 = PRESENTATION_LAYER_ASSIGNMENT (  '', '', ( #4201 ) ) ;
#1867 = LINE ( 'NONE', #1288, #4361 ) ;
#1868 = UNCERTAINTY_MEASURE_WITH_UNIT (LENGTH_MEASURE( 1.000000000000000082E-05 ), #322, 'distance_accuracy_value', 'NONE');
#1869 = ORIENTED_EDGE ( 'NONE', *, *, #1368, .F. ) ;
#1870 = STYLED_ITEM ( 'NONE', ( #4592 ), #2790 ) ;
#1871 = VECTOR ( 'NONE', #3185, 1000.000000000000000 ) ;
#1872 = CARTESIAN_POINT ( 'NONE',  ( -0.6699999999999997069, 3.370000000000000107, -0.8499999999999995337 ) ) ;
#1873 = COLOUR_RGB ( '',0.8941176470588234615, 0.9137254901960784048, 0.9294117647058823817 ) ;
#1874 =( LENGTH_UNIT ( ) NAMED_UNIT ( * ) SI_UNIT ( .MILLI., .METRE. ) );
#1875 = ORIENTED_EDGE ( 'NONE', *, *, #2623, .T. ) ;
#1876 = CARTESIAN_POINT ( 'NONE',  ( -0.7199999999999995293, 3.669999999999999929, -0.8499999999999999778 ) ) ;
#1877 = VERTEX_POINT ( 'NONE', #2566 ) ;
#1878 =( GEOMETRIC_REPRESENTATION_CONTEXT ( 3 ) GLOBAL_UNCERTAINTY_ASSIGNED_CONTEXT ( ( #4426 ) ) GLOBAL_UNIT_ASSIGNED_CONTEXT ( ( #5066, #4276, #670 ) ) REPRESENTATION_CONTEXT ( 'NONE', 'WORKASPACE' ) );
#1879 = ADVANCED_FACE ( 'NONE', ( #2919 ), #2963, .F. ) ;
#1880 = ORIENTED_EDGE ( 'NONE', *, *, #4817, .F. ) ;
#1881 = SURFACE_STYLE_FILL_AREA ( #4232 ) ;
#1882 = ORIENTED_EDGE ( 'NONE', *, *, #1985, .T. ) ;
#1883 =( LENGTH_UNIT ( ) NAMED_UNIT ( * ) SI_UNIT ( .MILLI., .METRE. ) );
#1884 = EDGE_CURVE ( 'NONE', #628, #1790, #1331, .T. ) ;
#1885 = FACE_OUTER_BOUND ( 'NONE', #3471, .T. ) ;
#1886 = SURFACE_STYLE_USAGE ( .BOTH. , #283 ) ;
#1887 = CARTESIAN_POINT ( 'NONE',  ( -2.935333781330272895, 3.669000000000000039, 2.457488747160203157 ) ) ;
#1888 = EDGE_LOOP ( 'NONE', ( #4991, #4700, #4052, #4332 ) ) ;
#1889 = DIRECTION ( 'NONE',  ( 0.000000000000000000, 0.000000000000000000, -1.000000000000000000 ) ) ;
#1890 = CARTESIAN_POINT ( 'NONE',  ( 3.274999999999999911, 1.719999999999999973, 2.928844164890265223 ) ) ;
#1891 = CARTESIAN_POINT ( 'NONE',  ( -2.020000000000000018, 1.385859581945312113, -4.015156503500930008 ) ) ;
#1892 = VERTEX_POINT ( 'NONE', #116 ) ;
#1893 = CARTESIAN_POINT ( 'NONE',  ( 2.020000000000000018, 3.370000000000000107, -1.810000000000000053 ) ) ;
#1894 =( NAMED_UNIT ( * ) SI_UNIT ( $, .STERADIAN. ) SOLID_ANGLE_UNIT ( ) );
#1895 = SURFACE_STYLE_USAGE ( .BOTH. , #3417 ) ;
#1896 = MECHANICAL_DESIGN_GEOMETRIC_PRESENTATION_REPRESENTATION (  '', ( #4743 ), #4246 ) ;
#1897 = DIRECTION ( 'NONE',  ( 0.000000000000000000, 0.000000000000000000, 1.000000000000000000 ) ) ;
#1898 = VERTEX_POINT ( 'NONE', #2543 ) ;
#1899 = ORIENTED_EDGE ( 'NONE', *, *, #2544, .T. ) ;
#1900 =( GEOMETRIC_REPRESENTATION_CONTEXT ( 3 ) GLOBAL_UNCERTAINTY_ASSIGNED_CONTEXT ( ( #121 ) ) GLOBAL_UNIT_ASSIGNED_CONTEXT ( ( #3993, #4813, #405 ) ) REPRESENTATION_CONTEXT ( 'NONE', 'WORKASPACE' ) );
#1901 = CARTESIAN_POINT ( 'NONE',  ( -2.935333781330272895, 3.669000000000000039, 3.026351883076923155 ) ) ;
#1902 = DIRECTION ( 'NONE',  ( 0.000000000000000000, 0.000000000000000000, -1.000000000000000000 ) ) ;
#1903 = CARTESIAN_POINT ( 'NONE',  ( 0.5200000000000002398, 3.370000000000000107, -1.810000000000000053 ) ) ;
#1904 = SURFACE_SIDE_STYLE ('',( #298 ) ) ;
#1905 = FACE_OUTER_BOUND ( 'NONE', #1006, .T. ) ;
#1906 = EDGE_CURVE ( 'NONE', #812, #1320, #3314, .T. ) ;
#1907 = EDGE_CURVE ( 'NONE', #3144, #1379, #522, .T. ) ;
#1908 = MECHANICAL_DESIGN_GEOMETRIC_PRESENTATION_REPRESENTATION (  '', ( #4414 ), #3908 ) ;
#1909 = VECTOR ( 'NONE', #3554, 1000.000000000000000 ) ;
#1910 = UNCERTAINTY_MEASURE_WITH_UNIT (LENGTH_MEASURE( 1.000000000000000082E-05 ), #2964, 'distance_accuracy_value', 'NONE');
#1911 = ORIENTED_EDGE ( 'NONE', *, *, #4922, .T. ) ;
#1912 = SURFACE_SIDE_STYLE ('',( #3437 ) ) ;
#1913 = SURFACE_STYLE_USAGE ( .BOTH. , #4300 ) ;
#1914 = ORIENTED_EDGE ( 'NONE', *, *, #2708, .F. ) ;
#1915 = COLOUR_RGB ( '',0.8941176470588234615, 0.9137254901960784048, 0.9294117647058823817 ) ;
#1916 = CARTESIAN_POINT ( 'NONE',  ( 2.020000000000000018, 1.369999999999999885, 3.665516011480168146 ) ) ;
#1917 = AXIS2_PLACEMENT_3D ( 'NONE', #3604, #2386, #1631 ) ;
#1918 = DIRECTION ( 'NONE',  ( -1.355252715606880543E-16, -1.000000000000000000, -0.000000000000000000 ) ) ;
#1919 = CARTESIAN_POINT ( 'NONE',  ( 0.7199999999999995293, 5.156606874731850532, -0.8499999999999999778 ) ) ;
#1920 = ORIENTED_EDGE ( 'NONE', *, *, #4536, .T. ) ;
#1921 = CARTESIAN_POINT ( 'NONE',  ( -2.020000000000000018, 1.369999999999999885, -3.665516011480168146 ) ) ;
#1922 = EDGE_LOOP ( 'NONE', ( #3373, #236, #2239, #398 ) ) ;
#1923 = PRESENTATION_STYLE_ASSIGNMENT (( #3058 ) ) ;
#1924 = SURFACE_SIDE_STYLE ('',( #652 ) ) ;
#1925 = STYLED_ITEM ( 'NONE', ( #1398 ), #3978 ) ;
#1926 = CYLINDRICAL_SURFACE ( 'NONE', #4262, 0.2750000000000002998 ) ;
#1927 = AXIS2_PLACEMENT_3D ( 'NONE', #3404, #3766, #147 ) ;
#1928 = PLANE ( 'NONE',  #3132 ) ;
#1929 = FILL_AREA_STYLE_COLOUR ( '', #1176 ) ;
#1930 = VECTOR ( 'NONE', #1798, 1000.000000000000000 ) ;
#1931 = ADVANCED_FACE ( 'NONE', ( #4151 ), #2125, .F. ) ;
#1932 =( NAMED_UNIT ( * ) PLANE_ANGLE_UNIT ( ) SI_UNIT ( $, .RADIAN. ) );
#1933 = COLOUR_RGB ( '',0.8941176470588234615, 0.9137254901960784048, 0.9294117647058823817 ) ;
#1934 = FACE_OUTER_BOUND ( 'NONE', #129, .T. ) ;
#1935 = VECTOR ( 'NONE', #2719, 1000.000000000000227 ) ;
#1936 = CARTESIAN_POINT ( 'NONE',  ( 0.5200000000000000178, -0.3257586221349297317, 3.665516011480168146 ) ) ;
#1937 = EDGE_CURVE ( 'NONE', #4711, #721, #3630, .T. ) ;
#1938 = ORIENTED_EDGE ( 'NONE', *, *, #4822, .T. ) ;
#1939 = SURFACE_STYLE_USAGE ( .BOTH. , #2016 ) ;
#1940 = VECTOR ( 'NONE', #2628, 1000.000000000000000 ) ;
#1941 = PRESENTATION_STYLE_ASSIGNMENT (( #3920 ) ) ;
#1942 = VERTEX_POINT ( 'NONE', #1630 ) ;
#1943 = CARTESIAN_POINT ( 'NONE',  ( 0.6699999999999997069, 3.070000000000000284, -0.8499999999999999778 ) ) ;
#1944 = AXIS2_PLACEMENT_3D ( 'NONE', #17, #1628, #2789 ) ;
#1945 = FACE_OUTER_BOUND ( 'NONE', #2335, .T. ) ;
#1946 =( NAMED_UNIT ( * ) SI_UNIT ( $, .STERADIAN. ) SOLID_ANGLE_UNIT ( ) );
#1947 = EDGE_LOOP ( 'NONE', ( #1634, #3589, #4691, #2437 ) ) ;
#1948 = COLOUR_RGB ( '',0.2980392156862745057, 0.2980392156862745057, 0.2980392156862745057 ) ;
#1949 = CARTESIAN_POINT ( 'NONE',  ( -0.5200000000000000178, 1.385859581945312113, -4.015156503500930008 ) ) ;
#1950 = PLANE ( 'NONE',  #4517 ) ;
#1951 = DIRECTION ( 'NONE',  ( 6.141068999935581617E-18, -0.04531309127232125561, 0.9989728343450317016 ) ) ;
#1952 = PRESENTATION_LAYER_ASSIGNMENT (  '', '', ( #4115 ) ) ;
#1953 =( GEOMETRIC_REPRESENTATION_CONTEXT ( 3 ) GLOBAL_UNCERTAINTY_ASSIGNED_CONTEXT ( ( #2880 ) ) GLOBAL_UNIT_ASSIGNED_CONTEXT ( ( #3391, #2582, #2223 ) ) REPRESENTATION_CONTEXT ( 'NONE', 'WORKASPACE' ) );
#1954 = FILL_AREA_STYLE ('',( #751 ) ) ;
#1955 = SURFACE_STYLE_USAGE ( .BOTH. , #4336 ) ;
#1956 = ORIENTED_EDGE ( 'NONE', *, *, #4248, .T. ) ;
#1957 =( NAMED_UNIT ( * ) SI_UNIT ( $, .STERADIAN. ) SOLID_ANGLE_UNIT ( ) );
#1958 = DIRECTION ( 'NONE',  ( 0.000000000000000000, 0.9989728343450317016, -0.04531309127232062417 ) ) ;
#1959 = LINE ( 'NONE', #2328, #592 ) ;
#1960 = UNCERTAINTY_MEASURE_WITH_UNIT (LENGTH_MEASURE( 1.000000000000000082E-05 ), #3234, 'distance_accuracy_value', 'NONE');
#1961 =( NAMED_UNIT ( * ) PLANE_ANGLE_UNIT ( ) SI_UNIT ( $, .RADIAN. ) );
#1962 = FILL_AREA_STYLE_COLOUR ( '', #3089 ) ;
#1963 = UNCERTAINTY_MEASURE_WITH_UNIT (LENGTH_MEASURE( 1.000000000000000082E-05 ), #184, 'distance_accuracy_value', 'NONE');
#1964 = SURFACE_STYLE_FILL_AREA ( #2766 ) ;
#1965 = ORIENTED_EDGE ( 'NONE', *, *, #443, .T. ) ;
#1966 = CARTESIAN_POINT ( 'NONE',  ( -0.6699999999999997069, 3.070000000000000284, -0.8499999999999995337 ) ) ;
#1967 = CARTESIAN_POINT ( 'NONE',  ( 0.5200000000000000178, -0.3257586221349295097, 3.842537907512574957 ) ) ;
#1968 = LINE ( 'NONE', #4720, #3313 ) ;
#1969 = LINE ( 'NONE', #3501, #1909 ) ;
#1970 = EDGE_CURVE ( 'NONE', #2397, #478, #3198, .T. ) ;
#1971 = EDGE_CURVE ( 'NONE', #2378, #3357, #87, .T. ) ;
#1972 = ADVANCED_FACE ( 'NONE', ( #1823 ), #195, .F. ) ;
#1973 = ORIENTED_EDGE ( 'NONE', *, *, #1224, .F. ) ;
#1974 = LINE ( 'NONE', #4431, #2350 ) ;
#1975 = PRESENTATION_STYLE_ASSIGNMENT (( #4701 ) ) ;
#1976 = ORIENTED_EDGE ( 'NONE', *, *, #691, .T. ) ;
#1977 = LINE ( 'NONE', #3561, #4463 ) ;
#1978 = LINE ( 'NONE', #3990, #1446 ) ;
#1979 = DIRECTION ( 'NONE',  ( -0.4999999999999975020, 0.8660254037844400399, 0.000000000000000000 ) ) ;
#1980 = SURFACE_STYLE_FILL_AREA ( #3109 ) ;
#1981 = VECTOR ( 'NONE', #3950, 1000.000000000000000 ) ;
#1982 = PRESENTATION_LAYER_ASSIGNMENT (  '', '', ( #4154 ) ) ;
#1983 = SURFACE_STYLE_USAGE ( .BOTH. , #2359 ) ;
#1984 = CARTESIAN_POINT ( 'NONE',  ( -2.020000000000000018, -0.3257586221349297317, 4.249871604293129046 ) ) ;
#1985 = EDGE_CURVE ( 'NONE', #2961, #2777, #1588, .T. ) ;
#1986 = EDGE_CURVE ( 'NONE', #4799, #2100, #397, .T. ) ;
#1987 = VERTEX_POINT ( 'NONE', #1563 ) ;
#1988 =( LENGTH_UNIT ( ) NAMED_UNIT ( * ) SI_UNIT ( .MILLI., .METRE. ) );
#1989 =( NAMED_UNIT ( * ) SI_UNIT ( $, .STERADIAN. ) SOLID_ANGLE_UNIT ( ) );
#1990 = PRESENTATION_LAYER_ASSIGNMENT (  '', '', ( #2736 ) ) ;
#1991 = SURFACE_STYLE_FILL_AREA ( #2872 ) ;
#1992 = DIRECTION ( 'NONE',  ( -0.000000000000000000, 0.2419218955996648157, 0.9702957262759972501 ) ) ;
#1993 = ORIENTED_EDGE ( 'NONE', *, *, #728, .F. ) ;
#1994 = COLOUR_RGB ( '',1.000000000000000000, 0.1686274509803921684, 0.1686274509803921684 ) ;
#1995 = CARTESIAN_POINT ( 'NONE',  ( -0.7199999999999995293, 3.370000000000000107, -0.8499999999999995337 ) ) ;
#1996 = ORIENTED_EDGE ( 'NONE', *, *, #998, .F. ) ;
#1997 = CARTESIAN_POINT ( 'NONE',  ( 0.5200000000000000178, 1.470000000000000195, 3.665516011480168146 ) ) ;
#1998 =( NAMED_UNIT ( * ) PLANE_ANGLE_UNIT ( ) SI_UNIT ( $, .RADIAN. ) );
#1999 = VECTOR ( 'NONE', #1084, 1000.000000000000000 ) ;
#2000 = PRESENTATION_LAYER_ASSIGNMENT (  '', '', ( #2667 ) ) ;
#2001 = ADVANCED_FACE ( 'NONE', ( #1715 ), #3615, .F. ) ;
#2002 =( NAMED_UNIT ( * ) SI_UNIT ( $, .STERADIAN. ) SOLID_ANGLE_UNIT ( ) );
#2003 = DIRECTION ( 'NONE',  ( 0.000000000000000000, 1.000000000000000000, 0.000000000000000000 ) ) ;
#2004 = DIRECTION ( 'NONE',  ( 0.000000000000000000, 0.000000000000000000, 1.000000000000000000 ) ) ;
#2005 = ORIENTED_EDGE ( 'NONE', *, *, #3596, .T. ) ;
#2006 = MECHANICAL_DESIGN_GEOMETRIC_PRESENTATION_REPRESENTATION (  '', ( #1751 ), #243 ) ;
#2007 = AXIS2_PLACEMENT_3D ( 'NONE', #3097, #4326, #5067 ) ;
#2008 = LINE ( 'NONE', #3592, #2464 ) ;
#2009 = PRESENTATION_LAYER_ASSIGNMENT (  '', '', ( #922 ) ) ;
#2010 = SURFACE_SIDE_STYLE ('',( #2433 ) ) ;
#2011 = FILL_AREA_STYLE ('',( #459 ) ) ;
#2012 = PLANE ( 'NONE',  #1339 ) ;
#2013 = UNCERTAINTY_MEASURE_WITH_UNIT (LENGTH_MEASURE( 1.000000000000000082E-05 ), #27, 'distance_accuracy_value', 'NONE');
#2014 = DIRECTION ( 'NONE',  ( 0.000000000000000000, 0.9702957262759975832, 0.2419218955996630394 ) ) ;
#2015 = COLOUR_RGB ( '',0.8941176470588234615, 0.9137254901960784048, 0.9294117647058823817 ) ;
#2016 = SURFACE_SIDE_STYLE ('',( #4735 ) ) ;
#2017 = DIRECTION ( 'NONE',  ( 1.000000000000000000, 0.000000000000000000, 0.000000000000000000 ) ) ;
#2018 = ORIENTED_EDGE ( 'NONE', *, *, #788, .F. ) ;
#2019 = SURFACE_STYLE_USAGE ( .BOTH. , #1134 ) ;
#2020 = UNCERTAINTY_MEASURE_WITH_UNIT (LENGTH_MEASURE( 1.000000000000000082E-05 ), #3617, 'distance_accuracy_value', 'NONE');
#2021 = PRESENTATION_STYLE_ASSIGNMENT (( #2049 ) ) ;
#2022 = COLOUR_RGB ( '',0.2980392156862745057, 0.2980392156862745057, 0.2980392156862745057 ) ;
#2023 = ORIENTED_EDGE ( 'NONE', *, *, #2163, .F. ) ;
#2024 = LINE ( 'NONE', #1240, #1202 ) ;
#2025 = CARTESIAN_POINT ( 'NONE',  ( 2.020000000000000018, 1.385859581945312113, 4.015156503500930008 ) ) ;
#2026 = FACE_OUTER_BOUND ( 'NONE', #3392, .T. ) ;
#2027 = VECTOR ( 'NONE', #3522, 1000.000000000000000 ) ;
#2028 = DIRECTION ( 'NONE',  ( 1.353860646563606630E-16, -0.9989728343450317016, 0.04531309127232077683 ) ) ;
#2029 = CARTESIAN_POINT ( 'NONE',  ( 2.762295526482744457, 0.1028058998981346145, -4.073355412022810818 ) ) ;
#2030 = ORIENTED_EDGE ( 'NONE', *, *, #70, .T. ) ;
#2031 = SURFACE_STYLE_USAGE ( .BOTH. , #1246 ) ;
#2032 = EDGE_CURVE ( 'NONE', #4516, #268, #3930, .T. ) ;
#2033 = AXIS2_PLACEMENT_3D ( 'NONE', #566, #4892, #4199 ) ;
#2034 = VECTOR ( 'NONE', #1701, 1000.000000000000000 ) ;
#2035 = CARTESIAN_POINT ( 'NONE',  ( -0.5200000000000002398, 3.370000000000000107, 1.809999999999999165 ) ) ;
#2036 = CARTESIAN_POINT ( 'NONE',  ( 0.5200000000000002398, 3.370000000000000107, 1.810000000000000053 ) ) ;
#2037 = LINE ( 'NONE', #4837, #3499 ) ;
#2038 = ORIENTED_EDGE ( 'NONE', *, *, #1808, .F. ) ;
#2039 = CIRCLE ( 'NONE', #1626, 0.2750000000000002998 ) ;
#2040 =( LENGTH_UNIT ( ) NAMED_UNIT ( * ) SI_UNIT ( .MILLI., .METRE. ) );
#2041 = EDGE_CURVE ( 'NONE', #3914, #2608, #2024, .T. ) ;
#2042 = ORIENTED_EDGE ( 'NONE', *, *, #4157, .T. ) ;
#2043 = EDGE_CURVE ( 'NONE', #3215, #1293, #4118, .T. ) ;
#2044 = CARTESIAN_POINT ( 'NONE',  ( -0.5200000000000000178, 1.470000000000000195, 2.866512164179471522 ) ) ;
#2045 =( LENGTH_UNIT ( ) NAMED_UNIT ( * ) SI_UNIT ( .MILLI., .METRE. ) );
#2046 = DIRECTION ( 'NONE',  ( -1.000000000000000000, -0.000000000000000000, -0.000000000000000000 ) ) ;
#2047 = VERTEX_POINT ( 'NONE', #4041 ) ;
#2048 =( NAMED_UNIT ( * ) SI_UNIT ( $, .STERADIAN. ) SOLID_ANGLE_UNIT ( ) );
#2049 = SURFACE_STYLE_USAGE ( .BOTH. , #1238 ) ;
#2050 = FACE_OUTER_BOUND ( 'NONE', #4394, .T. ) ;
#2051 = VERTEX_POINT ( 'NONE', #3122 ) ;
#2052 =( NAMED_UNIT ( * ) SI_UNIT ( $, .STERADIAN. ) SOLID_ANGLE_UNIT ( ) );
#2053 = CARTESIAN_POINT ( 'NONE',  ( -0.5200000000000000178, -3.799999999999999822, -4.000128395706870954 ) ) ;
#2054 = SURFACE_STYLE_FILL_AREA ( #369 ) ;
#2055 = LINE ( 'NONE', #1638, #585 ) ;
#2056 =( NAMED_UNIT ( * ) PLANE_ANGLE_UNIT ( ) SI_UNIT ( $, .RADIAN. ) );
#2057 = VERTEX_POINT ( 'NONE', #1995 ) ;
#2058 =( LENGTH_UNIT ( ) NAMED_UNIT ( * ) SI_UNIT ( .MILLI., .METRE. ) );
#2059 = CARTESIAN_POINT ( 'NONE',  ( -2.377847908131887955, 3.669000000000000039, 2.457488747160203157 ) ) ;
#2060 = DIRECTION ( 'NONE',  ( -0.9702957262759955848, 0.2419218955996715048, 0.000000000000000000 ) ) ;
#2061 = FILL_AREA_STYLE_COLOUR ( '', #2369 ) ;
#2062 = FILL_AREA_STYLE ('',( #4051 ) ) ;
#2063 = PLANE ( 'NONE',  #2681 ) ;
#2064 = ORIENTED_EDGE ( 'NONE', *, *, #1806, .F. ) ;
#2065 = PRESENTATION_LAYER_ASSIGNMENT (  '', '', ( #4323 ) ) ;
#2066 =( NAMED_UNIT ( * ) PLANE_ANGLE_UNIT ( ) SI_UNIT ( $, .RADIAN. ) );
#2067 = CARTESIAN_POINT ( 'NONE',  ( 0.5132890836503484211, -1.195658575280343472, -3.881996293786421859 ) ) ;
#2068 = ORIENTED_EDGE ( 'NONE', *, *, #2307, .F. ) ;
#2069 = ORIENTED_EDGE ( 'NONE', *, *, #2674, .T. ) ;
#2070 = FACE_OUTER_BOUND ( 'NONE', #324, .T. ) ;
#2071 = UNCERTAINTY_MEASURE_WITH_UNIT (LENGTH_MEASURE( 1.000000000000000082E-05 ), #722, 'distance_accuracy_value', 'NONE');
#2072 = EDGE_CURVE ( 'NONE', #4647, #1877, #1614, .T. ) ;
#2073 =( NAMED_UNIT ( * ) SI_UNIT ( $, .STERADIAN. ) SOLID_ANGLE_UNIT ( ) );
#2074 = CARTESIAN_POINT ( 'NONE',  ( -0.5200000000000000178, -0.3257586221349297317, -4.249871604293129046 ) ) ;
#2075 = UNCERTAINTY_MEASURE_WITH_UNIT (LENGTH_MEASURE( 1.000000000000000082E-05 ), #4250, 'distance_accuracy_value', 'NONE');
#2076 = LINE ( 'NONE', #74, #899 ) ;
#2077 = DIRECTION ( 'NONE',  ( 0.000000000000000000, -1.000000000000000000, 0.000000000000000000 ) ) ;
#2078 = VECTOR ( 'NONE', #3159, 1000.000000000000000 ) ;
#2079 = FILL_AREA_STYLE ('',( #3557 ) ) ;
#2080 = SURFACE_STYLE_FILL_AREA ( #5000 ) ;
#2081 = VECTOR ( 'NONE', #2454, 1000.000000000000000 ) ;
#2082 =( LENGTH_UNIT ( ) NAMED_UNIT ( * ) SI_UNIT ( .MILLI., .METRE. ) );
#2083 = UNCERTAINTY_MEASURE_WITH_UNIT (LENGTH_MEASURE( 1.000000000000000082E-05 ), #1750, 'distance_accuracy_value', 'NONE');
#2084 = ORIENTED_EDGE ( 'NONE', *, *, #2490, .F. ) ;
#2085 = DIRECTION ( 'NONE',  ( 0.000000000000000000, 0.000000000000000000, 1.000000000000000000 ) ) ;
#2086 = PRESENTATION_STYLE_ASSIGNMENT (( #1011 ) ) ;
#2087 = PLANE ( 'NONE',  #693 ) ;
#2088 = CARTESIAN_POINT ( 'NONE',  ( 2.020000000000000018, 1.719999999999999973, -3.665516011480168146 ) ) ;
#2089 = MECHANICAL_DESIGN_GEOMETRIC_PRESENTATION_REPRESENTATION (  '', ( #4678 ), #1499 ) ;
#2090 = EDGE_CURVE ( 'NONE', #303, #4717, #4744, .T. ) ;
#2091 =( NAMED_UNIT ( * ) PLANE_ANGLE_UNIT ( ) SI_UNIT ( $, .RADIAN. ) );
#2092 = VERTEX_POINT ( 'NONE', #2801 ) ;
#2093 = MECHANICAL_DESIGN_GEOMETRIC_PRESENTATION_REPRESENTATION (  '', ( #317 ), #3572 ) ;
#2094 = SURFACE_STYLE_USAGE ( .BOTH. , #3248 ) ;
#2095 = DIRECTION ( 'NONE',  ( -1.000000000000000000, 0.000000000000000000, -0.000000000000000000 ) ) ;
#2096 = STYLED_ITEM ( 'NONE', ( #928 ), #730 ) ;
#2097 =( GEOMETRIC_REPRESENTATION_CONTEXT ( 3 ) GLOBAL_UNCERTAINTY_ASSIGNED_CONTEXT ( ( #2549 ) ) GLOBAL_UNIT_ASSIGNED_CONTEXT ( ( #3641, #2056, #1161 ) ) REPRESENTATION_CONTEXT ( 'NONE', 'WORKASPACE' ) );
#2098 = VECTOR ( 'NONE', #1149, 1000.000000000000000 ) ;
#2099 = ORIENTED_EDGE ( 'NONE', *, *, #2205, .T. ) ;
#2100 = VERTEX_POINT ( 'NONE', #1582 ) ;
#2101 = EDGE_CURVE ( 'NONE', #2310, #268, #31, .T. ) ;
#2102 = CARTESIAN_POINT ( 'NONE',  ( -2.020000000000000018, 1.470000000000000417, -3.665516011480168146 ) ) ;
#2103 = APPLICATION_CONTEXT ( 'automotive_design' ) ;
#2104 =( NAMED_UNIT ( * ) SI_UNIT ( $, .STERADIAN. ) SOLID_ANGLE_UNIT ( ) );
#2105 = SURFACE_STYLE_FILL_AREA ( #3277 ) ;
#2106 = FILL_AREA_STYLE ('',( #873 ) ) ;
#2107 = MECHANICAL_DESIGN_GEOMETRIC_PRESENTATION_REPRESENTATION (  '', ( #4862 ), #2922 ) ;
#2108 = FACE_OUTER_BOUND ( 'NONE', #1443, .T. ) ;
#2109 =( NAMED_UNIT ( * ) SI_UNIT ( $, .STERADIAN. ) SOLID_ANGLE_UNIT ( ) );
#2110 = EDGE_CURVE ( 'NONE', #4593, #4545, #3153, .T. ) ;
#2111 = VECTOR ( 'NONE', #2536, 1000.000000000000227 ) ;
#2112 = CARTESIAN_POINT ( 'NONE',  ( -0.5200000000000000178, 1.719999999999999973, -2.928844164890265223 ) ) ;
#2113 = VERTEX_POINT ( 'NONE', #1165 ) ;
#2114 = AXIS2_PLACEMENT_3D ( 'NONE', #4305, #2724, #3444 ) ;
#2115 =( GEOMETRIC_REPRESENTATION_CONTEXT ( 3 ) GLOBAL_UNCERTAINTY_ASSIGNED_CONTEXT ( ( #438 ) ) GLOBAL_UNIT_ASSIGNED_CONTEXT ( ( #3674, #2384, #2760 ) ) REPRESENTATION_CONTEXT ( 'NONE', 'WORKASPACE' ) );
#2116 = PRESENTATION_STYLE_ASSIGNMENT (( #4371 ) ) ;
#2117 = FILL_AREA_STYLE_COLOUR ( '', #5032 ) ;
#2118 = COLOUR_RGB ( '',0.8941176470588234615, 0.9137254901960784048, 0.9294117647058823817 ) ;
#2119 = VECTOR ( 'NONE', #4951, 1000.000000000000000 ) ;
#2120 = ORIENTED_EDGE ( 'NONE', *, *, #3257, .F. ) ;
#2121 = UNCERTAINTY_MEASURE_WITH_UNIT (LENGTH_MEASURE( 1.000000000000000082E-05 ), #4073, 'distance_accuracy_value', 'NONE');
#2122 = PRESENTATION_STYLE_ASSIGNMENT (( #960 ) ) ;
#2123 = STYLED_ITEM ( 'NONE', ( #3622 ), #2616 ) ;
#2124 = CARTESIAN_POINT ( 'NONE',  ( 0.9949999999999999956, -3.513954197737036544, -4.237410504193240612 ) ) ;
#2125 = PLANE ( 'NONE',  #3868 ) ;
#2126 = VECTOR ( 'NONE', #4884, 1000.000000000000000 ) ;
#2127 = UNCERTAINTY_MEASURE_WITH_UNIT (LENGTH_MEASURE( 1.000000000000000082E-05 ), #389, 'distance_accuracy_value', 'NONE');
#2128 =( NAMED_UNIT ( * ) SI_UNIT ( $, .STERADIAN. ) SOLID_ANGLE_UNIT ( ) );
#2129 = DIRECTION ( 'NONE',  ( -1.355252715606880543E-16, 1.000000000000000000, 0.000000000000000000 ) ) ;
#2130 = FILL_AREA_STYLE ('',( #4847 ) ) ;
#2131 = ORIENTED_EDGE ( 'NONE', *, *, #2400, .T. ) ;
#2132 = LINE ( 'NONE', #4480, #3096 ) ;
#2133 = UNCERTAINTY_MEASURE_WITH_UNIT (LENGTH_MEASURE( 1.000000000000000082E-05 ), #490, 'distance_accuracy_value', 'NONE');
#2134 = FILL_AREA_STYLE ('',( #1420 ) ) ;
#2135 =( NAMED_UNIT ( * ) PLANE_ANGLE_UNIT ( ) SI_UNIT ( $, .RADIAN. ) );
#2136 = SURFACE_SIDE_STYLE ('',( #4111 ) ) ;
#2137 = EDGE_CURVE ( 'NONE', #1877, #5072, #4529, .T. ) ;
#2138 = ADVANCED_FACE ( 'NONE', ( #2749 ), #4407, .F. ) ;
#2139 = CARTESIAN_POINT ( 'NONE',  ( -0.5200000000000000178, 1.385859581945312113, -4.015156503500930008 ) ) ;
#2140 = ORIENTED_EDGE ( 'NONE', *, *, #2032, .F. ) ;
#2141 = EDGE_CURVE ( 'NONE', #2392, #3385, #4533, .T. ) ;
#2142 = DIRECTION ( 'NONE',  ( -0.000000000000000000, 0.9989728343450317016, 0.04531309127232062417 ) ) ;
#2143 = ORIENTED_EDGE ( 'NONE', *, *, #1807, .F. ) ;
#2144 =( NAMED_UNIT ( * ) PLANE_ANGLE_UNIT ( ) SI_UNIT ( $, .RADIAN. ) );
#2145 = CARTESIAN_POINT ( 'NONE',  ( 2.020000000000000018, -3.799999999999999822, -4.000128395706870954 ) ) ;
#2146 = ORIENTED_EDGE ( 'NONE', *, *, #329, .F. ) ;
#2147 = ADVANCED_FACE ( 'NONE', ( #100 ), #4110, .F. ) ;
#2148 = CARTESIAN_POINT ( 'NONE',  ( -0.9949999999999993294, -0.6000000000000000888, -3.854977409527656995 ) ) ;
#2149 = DIRECTION ( 'NONE',  ( 1.000000000000000000, 0.000000000000000000, 0.000000000000000000 ) ) ;
#2150 = EDGE_LOOP ( 'NONE', ( #653, #2947, #1699, #4939 ) ) ;
#2151 = PRESENTATION_STYLE_ASSIGNMENT (( #3733 ) ) ;
#2152 = ORIENTED_EDGE ( 'NONE', *, *, #2072, .F. ) ;
#2153 = LINE ( 'NONE', #2480, #696 ) ;
#2154 = DIRECTION ( 'NONE',  ( 1.000000000000000000, -0.000000000000000000, -0.000000000000000000 ) ) ;
#2155 = STYLED_ITEM ( 'NONE', ( #2333 ), #5052 ) ;
#2156 = VECTOR ( 'NONE', #3700, 1000.000000000000227 ) ;
#2157 = FACE_OUTER_BOUND ( 'NONE', #3964, .T. ) ;
#2158 = ORIENTED_EDGE ( 'NONE', *, *, #2732, .F. ) ;
#2159 = LINE ( 'NONE', #4966, #3915 ) ;
#2160 = VECTOR ( 'NONE', #1515, 1000.000000000000000 ) ;
#2161 = VERTEX_POINT ( 'NONE', #4854 ) ;
#2162 = SURFACE_SIDE_STYLE ('',( #1713 ) ) ;
#2163 = EDGE_CURVE ( 'NONE', #2716, #2224, #2153, .T. ) ;
#2164 = MANIFOLD_SOLID_BREP ( 'Cut-Extrude1', #3853 ) ;
#2165 = VERTEX_POINT ( 'NONE', #503 ) ;
#2166 = PRESENTATION_LAYER_ASSIGNMENT (  '', '', ( #1581 ) ) ;
#2167 = SURFACE_SIDE_STYLE ('',( #1668 ) ) ;
#2168 = PRESENTATION_STYLE_ASSIGNMENT (( #4975 ) ) ;
#2169 = MECHANICAL_DESIGN_GEOMETRIC_PRESENTATION_REPRESENTATION (  '', ( #3395 ), #2586 ) ;
#2170 = VECTOR ( 'NONE', #4778, 1000.000000000000000 ) ;
#2171 = LINE ( 'NONE', #3760, #4930 ) ;
#2172 = UNCERTAINTY_MEASURE_WITH_UNIT (LENGTH_MEASURE( 1.000000000000000082E-05 ), #568, 'distance_accuracy_value', 'NONE');
#2173 = VECTOR ( 'NONE', #3022, 1000.000000000000227 ) ;
#2174 = FILL_AREA_STYLE ('',( #1781 ) ) ;
#2175 = SURFACE_SIDE_STYLE ('',( #581 ) ) ;
#2176 = COLOUR_RGB ( '',0.2980392156862745057, 0.2980392156862745057, 0.2980392156862745057 ) ;
#2177 = UNCERTAINTY_MEASURE_WITH_UNIT (LENGTH_MEASURE( 1.000000000000000082E-05 ), #4048, 'distance_accuracy_value', 'NONE');
#2178 = VECTOR ( 'NONE', #3431, 1000.000000000000000 ) ;
#2179 = VERTEX_POINT ( 'NONE', #124 ) ;
#2180 = DIRECTION ( 'NONE',  ( -1.000000000000000000, 0.000000000000000000, 0.000000000000000000 ) ) ;
#2181 = VECTOR ( 'NONE', #473, 1000.000000000000000 ) ;
#2182 = FILL_AREA_STYLE_COLOUR ( '', #2626 ) ;
#2183 = PRESENTATION_LAYER_ASSIGNMENT (  '', '', ( #1095 ) ) ;
#2184 = EDGE_CURVE ( 'NONE', #2165, #2506, #4061, .T. ) ;
#2185 = DIRECTION ( 'NONE',  ( 0.000000000000000000, -2.713884735720118648E-16, -1.000000000000000000 ) ) ;
#2186 = AXIS2_PLACEMENT_3D ( 'NONE', #3225, #2046, #2519 ) ;
#2187 = ORIENTED_EDGE ( 'NONE', *, *, #3850, .T. ) ;
#2188 = DIRECTION ( 'NONE',  ( 0.000000000000000000, 0.000000000000000000, -1.000000000000000000 ) ) ;
#2189 = PRESENTATION_STYLE_ASSIGNMENT (( #982 ) ) ;
#2190 = ORIENTED_EDGE ( 'NONE', *, *, #2522, .T. ) ;
#2191 = CARTESIAN_POINT ( 'NONE',  ( 0.5199999999999995737, 3.669999999999999929, 1.810000000000000053 ) ) ;
#2192 = VECTOR ( 'NONE', #4094, 1000.000000000000000 ) ;
#2193 = DIRECTION ( 'NONE',  ( -0.000000000000000000, -0.000000000000000000, 1.000000000000000000 ) ) ;
#2194 =( LENGTH_UNIT ( ) NAMED_UNIT ( * ) SI_UNIT ( .MILLI., .METRE. ) );
#2195 = VECTOR ( 'NONE', #4976, 1000.000000000000227 ) ;
#2196 = PLANE ( 'NONE',  #3820 ) ;
#2197 = ORIENTED_EDGE ( 'NONE', *, *, #2072, .T. ) ;
#2198 = ADVANCED_FACE ( 'NONE', ( #2108 ), #3684, .T. ) ;
#2199 = DIRECTION ( 'NONE',  ( -6.141068999935583157E-18, -0.04531309127232126255, 0.9989728343450319237 ) ) ;
#2200 = ORIENTED_EDGE ( 'NONE', *, *, #3134, .F. ) ;
#2201 = FACE_OUTER_BOUND ( 'NONE', #3365, .T. ) ;
#2202 = EDGE_CURVE ( 'NONE', #2909, #3544, #3844, .T. ) ;
#2203 =( GEOMETRIC_REPRESENTATION_CONTEXT ( 3 ) GLOBAL_UNCERTAINTY_ASSIGNED_CONTEXT ( ( #4156 ) ) GLOBAL_UNIT_ASSIGNED_CONTEXT ( ( #1883, #350, #1957 ) ) REPRESENTATION_CONTEXT ( 'NONE', 'WORKASPACE' ) );
#2204 = EDGE_CURVE ( 'NONE', #1376, #1719, #3796, .T. ) ;
#2205 = EDGE_CURVE ( 'NONE', #4390, #465, #203, .T. ) ;
#2206 = FACE_OUTER_BOUND ( 'NONE', #5094, .T. ) ;
#2207 =( NAMED_UNIT ( * ) SI_UNIT ( $, .STERADIAN. ) SOLID_ANGLE_UNIT ( ) );
#2208 = STYLED_ITEM ( 'NONE', ( #547 ), #1879 ) ;
#2209 = LINE ( 'NONE', #3350, #479 ) ;
#2210 = ORIENTED_EDGE ( 'NONE', *, *, #4248, .F. ) ;
#2211 = DIRECTION ( 'NONE',  ( -0.000000000000000000, 2.713884735720118648E-16, -1.000000000000000000 ) ) ;
#2212 = SURFACE_SIDE_STYLE ('',( #1840 ) ) ;
#2213 =( NAMED_UNIT ( * ) SI_UNIT ( $, .STERADIAN. ) SOLID_ANGLE_UNIT ( ) );
#2214 = SURFACE_STYLE_FILL_AREA ( #4586 ) ;
#2215 = ORIENTED_EDGE ( 'NONE', *, *, #728, .T. ) ;
#2216 = FACE_OUTER_BOUND ( 'NONE', #4283, .T. ) ;
#2217 = DIRECTION ( 'NONE',  ( -1.000000000000000000, -0.000000000000000000, -0.000000000000000000 ) ) ;
#2218 = ORIENTED_EDGE ( 'NONE', *, *, #52, .F. ) ;
#2219 = VERTEX_POINT ( 'NONE', #1423 ) ;
#2220 =( NAMED_UNIT ( * ) SI_UNIT ( $, .STERADIAN. ) SOLID_ANGLE_UNIT ( ) );
#2221 = CARTESIAN_POINT ( 'NONE',  ( -2.935333781330272895, 3.669000000000000039, 2.457488747160203157 ) ) ;
#2222 = DIRECTION ( 'NONE',  ( -1.000000000000000000, 0.000000000000000000, 0.000000000000000000 ) ) ;
#2223 =( NAMED_UNIT ( * ) SI_UNIT ( $, .STERADIAN. ) SOLID_ANGLE_UNIT ( ) );
#2224 = VERTEX_POINT ( 'NONE', #323 ) ;
#2225 = LINE ( 'NONE', #2962, #1620 ) ;
#2226 = SURFACE_STYLE_USAGE ( .BOTH. , #4210 ) ;
#2227 = UNCERTAINTY_MEASURE_WITH_UNIT (LENGTH_MEASURE( 1.000000000000000082E-05 ), #5135, 'distance_accuracy_value', 'NONE');
#2228 = SURFACE_STYLE_USAGE ( .BOTH. , #300 ) ;
#2229 = UNCERTAINTY_MEASURE_WITH_UNIT (LENGTH_MEASURE( 1.000000000000000082E-05 ), #2712, 'distance_accuracy_value', 'NONE');
#2230 = LINE ( 'NONE', #1024, #3148 ) ;
#2231 =( NAMED_UNIT ( * ) SI_UNIT ( $, .STERADIAN. ) SOLID_ANGLE_UNIT ( ) );
#2232 = VERTEX_POINT ( 'NONE', #4731 ) ;
#2233 = CARTESIAN_POINT ( 'NONE',  ( -2.020000000000000018, 1.374531309127232204, -3.765413294914671027 ) ) ;
#2234 = PLANE ( 'NONE',  #102 ) ;
#2235 = EDGE_CURVE ( 'NONE', #3632, #628, #1151, .T. ) ;
#2236 = DIRECTION ( 'NONE',  ( 0.000000000000000000, -0.9702957262759976942, -0.2419218955996630949 ) ) ;
#2237 = MECHANICAL_DESIGN_GEOMETRIC_PRESENTATION_REPRESENTATION (  '', ( #1569 ), #2812 ) ;
#2238 = PLANE ( 'NONE',  #485 ) ;
#2239 = ORIENTED_EDGE ( 'NONE', *, *, #36, .F. ) ;
#2240 = SURFACE_STYLE_USAGE ( .BOTH. , #2603 ) ;
#2241 = LINE ( 'NONE', #4350, #2601 ) ;
#2242 = CARTESIAN_POINT ( 'NONE',  ( -0.5200000000000000178, 1.719999999999999973, 3.665516011480168146 ) ) ;
#2243 = EDGE_LOOP ( 'NONE', ( #4203, #3550, #4913, #3560, #3247, #1844, #2819, #1314 ) ) ;
#2244 =( NAMED_UNIT ( * ) SI_UNIT ( $, .STERADIAN. ) SOLID_ANGLE_UNIT ( ) );
#2245 = DIRECTION ( 'NONE',  ( 0.000000000000000000, -0.2419218955996630671, -0.9702957262759976942 ) ) ;
#2246 = CARTESIAN_POINT ( 'NONE',  ( -0.5200000000000000178, 1.374531309127232204, -3.765413294914671027 ) ) ;
#2247 =( GEOMETRIC_REPRESENTATION_CONTEXT ( 3 ) GLOBAL_UNCERTAINTY_ASSIGNED_CONTEXT ( ( #659 ) ) GLOBAL_UNIT_ASSIGNED_CONTEXT ( ( #3767, #1784, #1757 ) ) REPRESENTATION_CONTEXT ( 'NONE', 'WORKASPACE' ) );
#2248 = CARTESIAN_POINT ( 'NONE',  ( 1.270000000000000018, -3.525282470555116010, -3.987667295606982965 ) ) ;
#2249 = CARTESIAN_POINT ( 'NONE',  ( 0.6699999999999997069, 3.070000000000000284, -0.8499999999999999778 ) ) ;
#2250 = VECTOR ( 'NONE', #4721, 1000.000000000000000 ) ;
#2251 = EDGE_CURVE ( 'NONE', #4799, #561, #643, .T. ) ;
#2252 = CARTESIAN_POINT ( 'NONE',  ( 2.762295526482744457, 0.1028058998981346145, 4.073355412022810818 ) ) ;
#2253 = MECHANICAL_DESIGN_GEOMETRIC_PRESENTATION_REPRESENTATION (  '', ( #1740 ), #826 ) ;
#2254 = ORIENTED_EDGE ( 'NONE', *, *, #1297, .T. ) ;
#2255 = AXIS2_PLACEMENT_3D ( 'NONE', #4679, #5099, #3084 ) ;
#2256 = MECHANICAL_DESIGN_GEOMETRIC_PRESENTATION_REPRESENTATION (  '', ( #2830 ), #2905 ) ;
#2257 = SURFACE_STYLE_USAGE ( .BOTH. , #664 ) ;
#2258 = EDGE_LOOP ( 'NONE', ( #3873, #3539, #1190, #1211 ) ) ;
#2259 = SURFACE_SIDE_STYLE ('',( #4319 ) ) ;
#2260 = FILL_AREA_STYLE_COLOUR ( '', #2410 ) ;
#2261 = PRESENTATION_LAYER_ASSIGNMENT (  '', '', ( #4504 ) ) ;
#2262 = ORIENTED_EDGE ( 'NONE', *, *, #678, .T. ) ;
#2263 = DIRECTION ( 'NONE',  ( -0.000000000000000000, -0.000000000000000000, -1.000000000000000000 ) ) ;
#2264 = EDGE_CURVE ( 'NONE', #4066, #2092, #4644, .T. ) ;
#2265 =( NAMED_UNIT ( * ) SI_UNIT ( $, .STERADIAN. ) SOLID_ANGLE_UNIT ( ) );
#2266 = VECTOR ( 'NONE', #3303, 1000.000000000000000 ) ;
#2267 = DIRECTION ( 'NONE',  ( 0.000000000000000000, 0.000000000000000000, -1.000000000000000000 ) ) ;
#2268 = VERTEX_POINT ( 'NONE', #4580 ) ;
#2269 =( NAMED_UNIT ( * ) SI_UNIT ( $, .STERADIAN. ) SOLID_ANGLE_UNIT ( ) );
#2270 = CARTESIAN_POINT ( 'NONE',  ( 0.5200000000000000178, 1.719999999999999973, -3.665516011480168146 ) ) ;
#2271 =( GEOMETRIC_REPRESENTATION_CONTEXT ( 3 ) GLOBAL_UNCERTAINTY_ASSIGNED_CONTEXT ( ( #1550 ) ) GLOBAL_UNIT_ASSIGNED_CONTEXT ( ( #532, #2618, #2104 ) ) REPRESENTATION_CONTEXT ( 'NONE', 'WORKASPACE' ) );
#2272 = ORIENTED_EDGE ( 'NONE', *, *, #3976, .T. ) ;
#2273 = FACE_OUTER_BOUND ( 'NONE', #3905, .T. ) ;
#2274 = ORIENTED_EDGE ( 'NONE', *, *, #4204, .F. ) ;
#2275 = AXIS2_PLACEMENT_3D ( 'NONE', #191, #3361, #3386 ) ;
#2276 =( LENGTH_UNIT ( ) NAMED_UNIT ( * ) SI_UNIT ( .MILLI., .METRE. ) );
#2277 = SURFACE_SIDE_STYLE ('',( #1881 ) ) ;
#2278 = PRESENTATION_LAYER_ASSIGNMENT (  '', '', ( #4862 ) ) ;
#2279 = LINE ( 'NONE', #3516, #4781 ) ;
#2280 = DIRECTION ( 'NONE',  ( -0.2419218955996715326, 0.9702957262759955848, 0.000000000000000000 ) ) ;
#2281 = STYLED_ITEM ( 'NONE', ( #3668 ), #1554 ) ;
#2282 = PLANE ( 'NONE',  #2918 ) ;
#2283 = CARTESIAN_POINT ( 'NONE',  ( -1.545000000000000595, -0.5999999999999994227, 3.854977409527656551 ) ) ;
#2284 = COLOUR_RGB ( '',0.8941176470588234615, 0.9137254901960784048, 0.9294117647058823817 ) ;
#2285 = PRESENTATION_LAYER_ASSIGNMENT (  '', '', ( #352 ) ) ;
#2286 = ORIENTED_EDGE ( 'NONE', *, *, #2041, .F. ) ;
#2287 = LINE ( 'NONE', #1129, #3488 ) ;
#2288 = UNCERTAINTY_MEASURE_WITH_UNIT (LENGTH_MEASURE( 1.000000000000000082E-05 ), #3445, 'distance_accuracy_value', 'NONE');
#2289 = CARTESIAN_POINT ( 'NONE',  ( -2.020000000000000018, 1.470000000000000195, 2.866512164179471522 ) ) ;
#2290 = VERTEX_POINT ( 'NONE', #2233 ) ;
#2291 = VECTOR ( 'NONE', #423, 1000.000000000000227 ) ;
#2292 = LINE ( 'NONE', #2653, #4509 ) ;
#2293 = STYLED_ITEM ( 'NONE', ( #1218 ), #3010 ) ;
#2294 = CARTESIAN_POINT ( 'NONE',  ( 1.819999999999999618, 3.669999999999999929, 0.1499999999999999667 ) ) ;
#2295 = EDGE_LOOP ( 'NONE', ( #5145, #4168, #632, #84, #4447 ) ) ;
#2296 = DIRECTION ( 'NONE',  ( 0.000000000000000000, 0.000000000000000000, 1.000000000000000000 ) ) ;
#2297 = DIRECTION ( 'NONE',  ( -1.000000000000000000, -0.000000000000000000, -0.000000000000000000 ) ) ;
#2298 = ORIENTED_EDGE ( 'NONE', *, *, #699, .F. ) ;
#2299 = FACE_OUTER_BOUND ( 'NONE', #3176, .T. ) ;
#2300 = ORIENTED_EDGE ( 'NONE', *, *, #729, .F. ) ;
#2301 = ORIENTED_EDGE ( 'NONE', *, *, #2728, .T. ) ;
#2302 = EDGE_CURVE ( 'NONE', #466, #2113, #3770, .T. ) ;
#2303 = LINE ( 'NONE', #348, #576 ) ;
#2304 = EDGE_LOOP ( 'NONE', ( #4967, #651, #4876, #69 ) ) ;
#2305 = CARTESIAN_POINT ( 'NONE',  ( -1.545000000000000595, -0.5999999999999994227, -3.854977409527656551 ) ) ;
#2306 = DIRECTION ( 'NONE',  ( 0.000000000000000000, 0.000000000000000000, -1.000000000000000000 ) ) ;
#2307 = EDGE_CURVE ( 'NONE', #4297, #1892, #5007, .T. ) ;
#2308 =( NAMED_UNIT ( * ) PLANE_ANGLE_UNIT ( ) SI_UNIT ( $, .RADIAN. ) );
#2309 = DIRECTION ( 'NONE',  ( -0.000000000000000000, 0.000000000000000000, -1.000000000000000000 ) ) ;
#2310 = VERTEX_POINT ( 'NONE', #181 ) ;
#2311 = DIRECTION ( 'NONE',  ( -1.000000000000000000, 0.000000000000000000, 0.000000000000000000 ) ) ;
#2312 = ORIENTED_EDGE ( 'NONE', *, *, #2184, .F. ) ;
#2313 = PLANE ( 'NONE',  #953 ) ;
#2314 = EDGE_CURVE ( 'NONE', #5092, #805, #1178, .T. ) ;
#2315 =( NAMED_UNIT ( * ) SI_UNIT ( $, .STERADIAN. ) SOLID_ANGLE_UNIT ( ) );
#2316 = DIRECTION ( 'NONE',  ( -1.000000000000000000, 1.355252715606880543E-16, 0.000000000000000000 ) ) ;
#2317 = SURFACE_STYLE_FILL_AREA ( #5043 ) ;
#2318 = PRESENTATION_STYLE_ASSIGNMENT (( #3879 ) ) ;
#2319 = FILL_AREA_STYLE ('',( #4698 ) ) ;
#2320 = EDGE_LOOP ( 'NONE', ( #4591, #276, #2879, #1506 ) ) ;
#2321 = FILL_AREA_STYLE ('',( #1480 ) ) ;
#2322 = MECHANICAL_DESIGN_GEOMETRIC_PRESENTATION_REPRESENTATION (  '', ( #4738 ), #1900 ) ;
#2323 = SURFACE_STYLE_FILL_AREA ( #295 ) ;
#2324 = DIRECTION ( 'NONE',  ( 1.353860646563606630E-16, -0.9989728343450317016, -0.04531309127232077683 ) ) ;
#2325 = SURFACE_STYLE_FILL_AREA ( #3039 ) ;
#2326 = EDGE_CURVE ( 'NONE', #1824, #2842, #1549, .T. ) ;
#2327 = CARTESIAN_POINT ( 'NONE',  ( 2.846155835109721810, -6.552094584226054433E-18, -3.340000000000000302 ) ) ;
#2328 = CARTESIAN_POINT ( 'NONE',  ( 1.545000000000000817, 1.385859581945312113, -4.015156503500930008 ) ) ;
#2329 = VECTOR ( 'NONE', #1544, 1000.000000000000000 ) ;
#2330 = COLOUR_RGB ( '',0.8941176470588234615, 0.9137254901960784048, 0.9294117647058823817 ) ;
#2331 = ORIENTED_EDGE ( 'NONE', *, *, #1541, .T. ) ;
#2332 = DIRECTION ( 'NONE',  ( -0.000000000000000000, -0.9989728343450317016, 0.04531309127232078376 ) ) ;
#2333 = PRESENTATION_STYLE_ASSIGNMENT (( #1495 ) ) ;
#2334 = CARTESIAN_POINT ( 'NONE',  ( 1.270000000000000018, -3.513954197737035656, 4.237410504193240612 ) ) ;
#2335 = EDGE_LOOP ( 'NONE', ( #2387, #682, #4928, #2131 ) ) ;
#2336 = VECTOR ( 'NONE', #3108, 1000.000000000000000 ) ;
#2337 = PRESENTATION_LAYER_ASSIGNMENT (  '', '', ( #4590 ) ) ;
#2338 =( GEOMETRIC_REPRESENTATION_CONTEXT ( 3 ) GLOBAL_UNCERTAINTY_ASSIGNED_CONTEXT ( ( #1963 ) ) GLOBAL_UNIT_ASSIGNED_CONTEXT ( ( #184, #4223, #589 ) ) REPRESENTATION_CONTEXT ( 'NONE', 'WORKASPACE' ) );
#2339 = DIRECTION ( 'NONE',  ( -0.8660254037844400399, -0.4999999999999975020, 0.000000000000000000 ) ) ;
#2340 = SURFACE_SIDE_STYLE ('',( #1580 ) ) ;
#2341 = VERTEX_POINT ( 'NONE', #1002 ) ;
#2342 = AXIS2_PLACEMENT_3D ( 'NONE', #4588, #2633, #2188 ) ;
#2343 = ORIENTED_EDGE ( 'NONE', *, *, #2202, .F. ) ;
#2344 = COLOUR_RGB ( '',0.7921568627450980005, 0.8196078431372548767, 0.9333333333333333481 ) ;
#2345 = CARTESIAN_POINT ( 'NONE',  ( -1.270000000000000018, -3.525282470555116010, 3.987667295606982965 ) ) ;
#2346 = MECHANICAL_DESIGN_GEOMETRIC_PRESENTATION_REPRESENTATION (  '', ( #504 ), #2097 ) ;
#2347 = ORIENTED_EDGE ( 'NONE', *, *, #558, .T. ) ;
#2348 = MECHANICAL_DESIGN_GEOMETRIC_PRESENTATION_REPRESENTATION (  '', ( #2677 ), #3583 ) ;
#2349 = DIRECTION ( 'NONE',  ( 0.000000000000000000, 0.000000000000000000, 1.000000000000000000 ) ) ;
#2350 = VECTOR ( 'NONE', #368, 1000.000000000000000 ) ;
#2351 = CARTESIAN_POINT ( 'NONE',  ( -0.5200000000000000178, 1.719999999999999973, -3.665516011480168146 ) ) ;
#2352 = PRESENTATION_STYLE_ASSIGNMENT (( #3136 ) ) ;
#2353 = EDGE_CURVE ( 'NONE', #805, #4227, #4344, .T. ) ;
#2354 = VECTOR ( 'NONE', #2648, 1000.000000000000000 ) ;
#2355 = FACE_OUTER_BOUND ( 'NONE', #2403, .T. ) ;
#2356 = AXIS2_PLACEMENT_3D ( 'NONE', #3765, #468, #2568 ) ;
#2357 = CARTESIAN_POINT ( 'NONE',  ( -2.020000000000000018, 3.669999999999999929, 1.809999999999999165 ) ) ;
#2358 = ADVANCED_FACE ( 'NONE', ( #2355 ), #358, .F. ) ;
#2359 = SURFACE_SIDE_STYLE ('',( #4027 ) ) ;
#2360 = VECTOR ( 'NONE', #957, 1000.000000000000000 ) ;
#2361 = VECTOR ( 'NONE', #1805, 1000.000000000000000 ) ;
#2362 = CARTESIAN_POINT ( 'NONE',  ( -0.6699999999999997069, 3.070000000000000284, 0.8499999999999995337 ) ) ;
#2363 = EDGE_LOOP ( 'NONE', ( #3451, #24, #5063, #4833 ) ) ;
#2364 = FILL_AREA_STYLE ('',( #3971 ) ) ;
#2365 = FILL_AREA_STYLE ('',( #4741 ) ) ;
#2366 = LINE ( 'NONE', #4405, #4936 ) ;
#2367 = FILL_AREA_STYLE_COLOUR ( '', #3298 ) ;
#2368 = CARTESIAN_POINT ( 'NONE',  ( -2.020000000000000018, 1.369999999999999885, 3.665516011480168146 ) ) ;
#2369 = COLOUR_RGB ( '',1.000000000000000000, 0.1686274509803921684, 0.1686274509803921684 ) ;
#2370 = PRESENTATION_STYLE_ASSIGNMENT (( #3505 ) ) ;
#2371 = VERTEX_POINT ( 'NONE', #3968 ) ;
#2372 = LINE ( 'NONE', #77, #1852 ) ;
#2373 = SURFACE_SIDE_STYLE ('',( #3124 ) ) ;
#2374 = COLOUR_RGB ( '',1.000000000000000000, 0.1686274509803921684, 0.1686274509803921684 ) ;
#2375 = VECTOR ( 'NONE', #1215, 1000.000000000000000 ) ;
#2376 = CARTESIAN_POINT ( 'NONE',  ( 2.020000000000000018, 1.719999999999999973, 2.928844164890265223 ) ) ;
#2377 = SURFACE_STYLE_USAGE ( .BOTH. , #777 ) ;
#2378 = VERTEX_POINT ( 'NONE', #4786 ) ;
#2379 =( GEOMETRIC_REPRESENTATION_CONTEXT ( 3 ) GLOBAL_UNCERTAINTY_ASSIGNED_CONTEXT ( ( #3635 ) ) GLOBAL_UNIT_ASSIGNED_CONTEXT ( ( #1988, #3573, #416 ) ) REPRESENTATION_CONTEXT ( 'NONE', 'WORKASPACE' ) );
#2380 = LINE ( 'NONE', #431, #3613 ) ;
#2381 = CARTESIAN_POINT ( 'NONE',  ( -0.5199999999999995737, 3.669999999999999929, -1.809999999999998721 ) ) ;
#2382 = SURFACE_SIDE_STYLE ('',( #1980 ) ) ;
#2383 = SURFACE_SIDE_STYLE ('',( #2813 ) ) ;
#2384 =( NAMED_UNIT ( * ) PLANE_ANGLE_UNIT ( ) SI_UNIT ( $, .RADIAN. ) );
#2385 = ORIENTED_EDGE ( 'NONE', *, *, #1312, .F. ) ;
#2386 = DIRECTION ( 'NONE',  ( 0.4999999999999975020, 0.8660254037844400399, 0.000000000000000000 ) ) ;
#2387 = ORIENTED_EDGE ( 'NONE', *, *, #3987, .T. ) ;
#2388 = ADVANCED_FACE ( 'NONE', ( #377 ), #1204, .T. ) ;
#2389 = PRESENTATION_STYLE_ASSIGNMENT (( #2019 ) ) ;
#2390 = EDGE_CURVE ( 'NONE', #309, #4860, #4814, .T. ) ;
#2391 = FILL_AREA_STYLE_COLOUR ( '', #4191 ) ;
#2392 = VERTEX_POINT ( 'NONE', #4400 ) ;
#2393 = CARTESIAN_POINT ( 'NONE',  ( -1.869999999999999662, 3.070000000000000284, -0.8499999999999995337 ) ) ;
#2394 = SURFACE_SIDE_STYLE ('',( #3118 ) ) ;
#2395 = ORIENTED_EDGE ( 'NONE', *, *, #4106, .T. ) ;
#2396 =( NAMED_UNIT ( * ) SI_UNIT ( $, .STERADIAN. ) SOLID_ANGLE_UNIT ( ) );
#2397 = VERTEX_POINT ( 'NONE', #4898 ) ;
#2398 = PLANE ( 'NONE',  #3167 ) ;
#2399 = FILL_AREA_STYLE_COLOUR ( '', #2374 ) ;
#2400 = EDGE_CURVE ( 'NONE', #4079, #4419, #804, .T. ) ;
#2401 = CARTESIAN_POINT ( 'NONE',  ( -2.377847908131887955, 3.669000000000000039, 3.026351883076923155 ) ) ;
#2402 = PRESENTATION_STYLE_ASSIGNMENT (( #1955 ) ) ;
#2403 = EDGE_LOOP ( 'NONE', ( #3435, #1795, #202, #2751 ) ) ;
#2404 = DIRECTION ( 'NONE',  ( -0.8658027586716575685, -0.4998714557841987816, -0.02267401086559870174 ) ) ;
#2405 = COLOUR_RGB ( '',1.000000000000000000, 1.000000000000000000, 1.000000000000000000 ) ;
#2406 = LINE ( 'NONE', #2839, #516 ) ;
#2407 = CARTESIAN_POINT ( 'NONE',  ( 0.5200000000000002398, 3.669999999999999929, 1.810000000000000053 ) ) ;
#2408 = DIRECTION ( 'NONE',  ( 6.141068999935581617E-18, 0.04531309127232125561, 0.9989728343450317016 ) ) ;
#2409 = ORIENTED_EDGE ( 'NONE', *, *, #379, .T. ) ;
#2410 = COLOUR_RGB ( '',0.2980392156862745057, 0.2980392156862745057, 0.2980392156862745057 ) ;
#2411 =( GEOMETRIC_REPRESENTATION_CONTEXT ( 3 ) GLOBAL_UNCERTAINTY_ASSIGNED_CONTEXT ( ( #2699 ) ) GLOBAL_UNIT_ASSIGNED_CONTEXT ( ( #163, #3014, #4944 ) ) REPRESENTATION_CONTEXT ( 'NONE', 'WORKASPACE' ) );
#2412 = FACE_BOUND ( 'NONE', #5018, .T. ) ;
#2413 = FILL_AREA_STYLE_COLOUR ( '', #660 ) ;
#2414 = ORIENTED_EDGE ( 'NONE', *, *, #1627, .T. ) ;
#2415 = FACE_OUTER_BOUND ( 'NONE', #3323, .T. ) ;
#2416 = STYLED_ITEM ( 'NONE', ( #4903 ), #4843 ) ;
#2417 =( NAMED_UNIT ( * ) PLANE_ANGLE_UNIT ( ) SI_UNIT ( $, .RADIAN. ) );
#2418 = ORIENTED_EDGE ( 'NONE', *, *, #5143, .F. ) ;
#2419 = EDGE_CURVE ( 'NONE', #1675, #812, #3249, .T. ) ;
#2420 = FILL_AREA_STYLE ('',( #5142 ) ) ;
#2421 =( NAMED_UNIT ( * ) SI_UNIT ( $, .STERADIAN. ) SOLID_ANGLE_UNIT ( ) );
#2422 = PRESENTATION_LAYER_ASSIGNMENT (  '', '', ( #4678 ) ) ;
#2423 = VECTOR ( 'NONE', #2424, 1000.000000000000000 ) ;
#2424 = DIRECTION ( 'NONE',  ( -1.000000000000000000, -0.000000000000000000, 0.000000000000000000 ) ) ;
#2425 = LINE ( 'NONE', #3264, #900 ) ;
#2426 = DIRECTION ( 'NONE',  ( -7.885106708985478187E-16, 0.9989728343450318127, -0.04531309127232183154 ) ) ;
#2427 = ORIENTED_EDGE ( 'NONE', *, *, #4055, .F. ) ;
#2428 = ADVANCED_FACE ( 'NONE', ( #3628 ), #2844, .T. ) ;
#2429 = AXIS2_PLACEMENT_3D ( 'NONE', #3283, #3715, #3824 ) ;
#2430 =( GEOMETRIC_REPRESENTATION_CONTEXT ( 3 ) GLOBAL_UNCERTAINTY_ASSIGNED_CONTEXT ( ( #3201 ) ) GLOBAL_UNIT_ASSIGNED_CONTEXT ( ( #3410, #1474, #2678 ) ) REPRESENTATION_CONTEXT ( 'NONE', 'WORKASPACE' ) );
#2431 = LINE ( 'NONE', #3194, #1029 ) ;
#2432 = COLOUR_RGB ( '',0.8941176470588234615, 0.9137254901960784048, 0.9294117647058823817 ) ;
#2433 = SURFACE_STYLE_FILL_AREA ( #4443 ) ;
#2434 = PRESENTATION_LAYER_ASSIGNMENT (  '', '', ( #4686 ) ) ;
#2435 = CARTESIAN_POINT ( 'NONE',  ( -0.5200000000000002398, 3.370000000000000107, -1.809999999999999165 ) ) ;
#2436 =( NAMED_UNIT ( * ) SI_UNIT ( $, .STERADIAN. ) SOLID_ANGLE_UNIT ( ) );
#2437 = ORIENTED_EDGE ( 'NONE', *, *, #3125, .T. ) ;
#2439 = DIRECTION ( 'NONE',  ( 0.000000000000000000, 0.9702957262759971391, 0.2419218955996647880 ) ) ;
#2438 = VECTOR ( 'NONE', #5167, 1000.000000000000000 ) ;
#2440 = VERTEX_POINT ( 'NONE', #2124 ) ;
#2441 = STYLED_ITEM ( 'NONE', ( #3038 ), #4374 ) ;
#2442 =( NAMED_UNIT ( * ) SI_UNIT ( $, .STERADIAN. ) SOLID_ANGLE_UNIT ( ) );
#2443 = AXIS2_PLACEMENT_3D ( 'NONE', #1575, #4380, #838 ) ;
#2444 = FILL_AREA_STYLE_COLOUR ( '', #3238 ) ;
#2445 = EDGE_CURVE ( 'NONE', #1942, #3045, #1386, .T. ) ;
#2446 = ORIENTED_EDGE ( 'NONE', *, *, #4526, .F. ) ;
#2447 =( GEOMETRIC_REPRESENTATION_CONTEXT ( 3 ) GLOBAL_UNCERTAINTY_ASSIGNED_CONTEXT ( ( #757 ) ) GLOBAL_UNIT_ASSIGNED_CONTEXT ( ( #12, #1222, #2487 ) ) REPRESENTATION_CONTEXT ( 'NONE', 'WORKASPACE' ) );
#2448 = CARTESIAN_POINT ( 'NONE',  ( -0.5200000000000000178, 1.719999999999999973, -3.665516011480168146 ) ) ;
#2449 = CARTESIAN_POINT ( 'NONE',  ( -1.545000000000000595, -0.5999999999999998668, -4.249871604293129046 ) ) ;
#2450 = MANIFOLD_SOLID_BREP ( 'Cut-Extrude5', #933 ) ;
#2451 = FILL_AREA_STYLE_COLOUR ( '', #3665 ) ;
#2452 = LINE ( 'NONE', #2499, #2993 ) ;
#2453 = EDGE_CURVE ( 'NONE', #1583, #864, #2225, .T. ) ;
#2454 = DIRECTION ( 'NONE',  ( 0.000000000000000000, 0.000000000000000000, -1.000000000000000000 ) ) ;
#2455 = DIRECTION ( 'NONE',  ( -1.000000000000000000, -0.000000000000000000, 0.000000000000000000 ) ) ;
#2456 = FILL_AREA_STYLE ('',( #3616 ) ) ;
#2457 = STYLED_ITEM ( 'NONE', ( #2814 ), #2388 ) ;
#2458 = CARTESIAN_POINT ( 'NONE',  ( -2.377847908131887955, 3.669000000000000039, 2.457488747160203157 ) ) ;
#2459 = SURFACE_SIDE_STYLE ('',( #4470 ) ) ;
#2460 = ORIENTED_EDGE ( 'NONE', *, *, #636, .T. ) ;
#2461 =( GEOMETRIC_REPRESENTATION_CONTEXT ( 3 ) GLOBAL_UNCERTAINTY_ASSIGNED_CONTEXT ( ( #1910 ) ) GLOBAL_UNIT_ASSIGNED_CONTEXT ( ( #2964, #4602, #1776 ) ) REPRESENTATION_CONTEXT ( 'NONE', 'WORKASPACE' ) );
#2462 = CARTESIAN_POINT ( 'NONE',  ( -1.545000000000000151, -3.507406973840369702, -4.381750663504773158 ) ) ;
#2463 = EDGE_CURVE ( 'NONE', #1478, #561, #3394, .T. ) ;
#2464 = VECTOR ( 'NONE', #9, 1000.000000000000000 ) ;
#2465 = EDGE_CURVE ( 'NONE', #3506, #3379, #4456, .T. ) ;
#2466 = FACE_OUTER_BOUND ( 'NONE', #2258, .T. ) ;
#2467 = ORIENTED_EDGE ( 'NONE', *, *, #2453, .T. ) ;
#2468 = STYLED_ITEM ( 'NONE', ( #204 ), #3187 ) ;
#2469 = PRESENTATION_STYLE_ASSIGNMENT (( #4841 ) ) ;
#2470 = CARTESIAN_POINT ( 'NONE',  ( -0.5200000000000000178, -3.799999999999999822, 4.000128395706870954 ) ) ;
#2471 = ORIENTED_EDGE ( 'NONE', *, *, #570, .T. ) ;
#2472 = EDGE_CURVE ( 'NONE', #2047, #812, #2912, .T. ) ;
#2473 = DIRECTION ( 'NONE',  ( 1.000000000000000000, 0.000000000000000000, 0.000000000000000000 ) ) ;
#2474 = ORIENTED_EDGE ( 'NONE', *, *, #1627, .F. ) ;
#2475 = ORIENTED_EDGE ( 'NONE', *, *, #1986, .T. ) ;
#2476 = FILL_AREA_STYLE_COLOUR ( '', #1285 ) ;
#2477 = DIRECTION ( 'NONE',  ( 1.000000000000000000, 1.355252715606880543E-16, 0.000000000000000000 ) ) ;
#2478 = CARTESIAN_POINT ( 'NONE',  ( 3.274999999999999911, 3.669999999999999929, 3.339999999999999858 ) ) ;
#2479 = FILL_AREA_STYLE_COLOUR ( '', #4511 ) ;
#2480 = CARTESIAN_POINT ( 'NONE',  ( 2.020000000000000018, 1.719999999999999973, 3.665516011480168146 ) ) ;
#2481 = LINE ( 'NONE', #1217, #4097 ) ;
#2482 = LINE ( 'NONE', #4064, #949 ) ;
#2483 = CARTESIAN_POINT ( 'NONE',  ( -2.935333781330272895, 3.669000000000000039, 3.026351883076923155 ) ) ;
#2484 = FILL_AREA_STYLE ('',( #853 ) ) ;
#2485 = ORIENTED_EDGE ( 'NONE', *, *, #2522, .F. ) ;
#2486 = LINE ( 'NONE', #4068, #621 ) ;
#2487 =( NAMED_UNIT ( * ) SI_UNIT ( $, .STERADIAN. ) SOLID_ANGLE_UNIT ( ) );
#2488 = FILL_AREA_STYLE_COLOUR ( '', #842 ) ;
#2489 = VERTEX_POINT ( 'NONE', #1775 ) ;
#2490 = EDGE_CURVE ( 'NONE', #2057, #2800, #4150, .T. ) ;
#2491 = CARTESIAN_POINT ( 'NONE',  ( 2.020000000000000018, 1.719999999999999973, 2.928844164890265223 ) ) ;
#2492 =( NAMED_UNIT ( * ) PLANE_ANGLE_UNIT ( ) SI_UNIT ( $, .RADIAN. ) );
#2493 = CARTESIAN_POINT ( 'NONE',  ( 3.274999999999999911, 3.020000000000000018, -3.339999999999999858 ) ) ;
#2494 = ORIENTED_EDGE ( 'NONE', *, *, #2264, .T. ) ;
#2495 = LINE ( 'NONE', #4081, #2863 ) ;
#2496 = PRESENTATION_LAYER_ASSIGNMENT (  '', '', ( #4743 ) ) ;
#2497 = CIRCLE ( 'NONE', #740, 0.1000000000000002554 ) ;
#2498 =( LENGTH_UNIT ( ) NAMED_UNIT ( * ) SI_UNIT ( .MILLI., .METRE. ) );
#2499 = CARTESIAN_POINT ( 'NONE',  ( -2.935333781330272895, 3.669999999999999929, 2.457488747160203157 ) ) ;
#2500 = UNCERTAINTY_MEASURE_WITH_UNIT (LENGTH_MEASURE( 1.000000000000000082E-05 ), #2867, 'distance_accuracy_value', 'NONE');
#2501 =( LENGTH_UNIT ( ) NAMED_UNIT ( * ) SI_UNIT ( .MILLI., .METRE. ) );
#2502 = STYLED_ITEM ( 'NONE', ( #538 ), #4692 ) ;
#2503 = SURFACE_SIDE_STYLE ('',( #3771 ) ) ;
#2504 = VECTOR ( 'NONE', #3443, 1000.000000000000000 ) ;
#2505 = DIRECTION ( 'NONE',  ( -0.000000000000000000, -0.9702957262759976942, 0.2419218955996630949 ) ) ;
#2506 = VERTEX_POINT ( 'NONE', #2561 ) ;
#2507 =( NAMED_UNIT ( * ) PLANE_ANGLE_UNIT ( ) SI_UNIT ( $, .RADIAN. ) );
#2508 = MECHANICAL_DESIGN_GEOMETRIC_PRESENTATION_REPRESENTATION (  '', ( #1581 ), #2663 ) ;
#2509 = SURFACE_STYLE_FILL_AREA ( #2011 ) ;
#2510 = PRESENTATION_STYLE_ASSIGNMENT (( #3625 ) ) ;
#2511 = ORIENTED_EDGE ( 'NONE', *, *, #3987, .F. ) ;
#2512 = STYLED_ITEM ( 'NONE', ( #1346 ), #3892 ) ;
#2513 = DIRECTION ( 'NONE',  ( -0.2351388393128144572, 0.9430903734495692525, -0.2351388393128075460 ) ) ;
#2514 = ORIENTED_EDGE ( 'NONE', *, *, #4265, .T. ) ;
#2515 = STYLED_ITEM ( 'NONE', ( #551 ), #813 ) ;
#2516 = CIRCLE ( 'NONE', #3239, 0.2750000000000002998 ) ;
#2517 = MECHANICAL_DESIGN_GEOMETRIC_PRESENTATION_REPRESENTATION (  '', ( #922 ), #2592 ) ;
#2518 = CARTESIAN_POINT ( 'NONE',  ( 1.545000000000000817, -0.6000000000000000888, -3.854977409527656995 ) ) ;
#2519 = DIRECTION ( 'NONE',  ( 0.000000000000000000, 0.000000000000000000, -1.000000000000000000 ) ) ;
#2520 = ORIENTED_EDGE ( 'NONE', *, *, #4054, .T. ) ;
#2521 = COLOUR_RGB ( '',1.000000000000000000, 0.1686274509803921684, 0.1686274509803921684 ) ;
#2522 = EDGE_CURVE ( 'NONE', #1293, #1576, #619, .T. ) ;
#2523 = EDGE_CURVE ( 'NONE', #2761, #4297, #546, .T. ) ;
#2524 = DIRECTION ( 'NONE',  ( 1.084202172485504434E-16, 0.000000000000000000, 1.000000000000000000 ) ) ;
#2525 = PRESENTATION_LAYER_ASSIGNMENT (  '', '', ( #2758 ) ) ;
#2526 = PRESENTATION_STYLE_ASSIGNMENT (( #75 ) ) ;
#2527 = FILL_AREA_STYLE ('',( #3711 ) ) ;
#2528 = ADVANCED_FACE ( 'NONE', ( #2615 ), #633, .F. ) ;
#2529 = DIRECTION ( 'NONE',  ( 1.000000000000000000, 0.000000000000000000, -0.000000000000000000 ) ) ;
#2530 = ORIENTED_EDGE ( 'NONE', *, *, #2728, .F. ) ;
#2531 = CARTESIAN_POINT ( 'NONE',  ( -0.5200000000000000178, 1.385859581945312113, 4.015156503500930008 ) ) ;
#2532 = COLOUR_RGB ( '',0.8941176470588234615, 0.9137254901960784048, 0.9294117647058823817 ) ;
#2533 = COLOUR_RGB ( '',0.8941176470588234615, 0.9137254901960784048, 0.9294117647058823817 ) ;
#2534 = LINE ( 'NONE', #1733, #761 ) ;
#2535 = DIRECTION ( 'NONE',  ( 0.000000000000000000, -0.000000000000000000, 1.000000000000000000 ) ) ;
#2536 = DIRECTION ( 'NONE',  ( -0.000000000000000000, -0.9989728343450317016, -0.04531309127232078376 ) ) ;
#2537 = VECTOR ( 'NONE', #602, 1000.000000000000000 ) ;
#2538 = VECTOR ( 'NONE', #1035, 1000.000000000000000 ) ;
#2539 = CARTESIAN_POINT ( 'NONE',  ( -1.545000000000000595, -0.6000000000000003109, -4.105234464979931275 ) ) ;
#2540 = ORIENTED_EDGE ( 'NONE', *, *, #1593, .T. ) ;
#2541 = VECTOR ( 'NONE', #1539, 1000.000000000000000 ) ;
#2542 = ORIENTED_EDGE ( 'NONE', *, *, #2390, .F. ) ;
#2543 = CARTESIAN_POINT ( 'NONE',  ( 1.819999999999999840, 3.370000000000000107, -0.8499999999999999778 ) ) ;
#2544 = EDGE_CURVE ( 'NONE', #2777, #1729, #1066, .T. ) ;
#2545 = DIRECTION ( 'NONE',  ( -0.000000000000000000, -1.000000000000000000, -0.000000000000000000 ) ) ;
#2546 = CARTESIAN_POINT ( 'NONE',  ( 2.020000000000000018, 1.369999999999999885, -3.665516011480168146 ) ) ;
#2547 = MECHANICAL_DESIGN_GEOMETRIC_PRESENTATION_REPRESENTATION (  '', ( #3699 ), #537 ) ;
#2548 =( LENGTH_UNIT ( ) NAMED_UNIT ( * ) SI_UNIT ( .MILLI., .METRE. ) );
#2549 = UNCERTAINTY_MEASURE_WITH_UNIT (LENGTH_MEASURE( 1.000000000000000082E-05 ), #3641, 'distance_accuracy_value', 'NONE');
#2550 = SURFACE_STYLE_FILL_AREA ( #3709 ) ;
#2551 = VERTEX_POINT ( 'NONE', #3085 ) ;
#2552 = SURFACE_STYLE_FILL_AREA ( #874 ) ;
#2553 = ADVANCED_FACE ( 'NONE', ( #1124 ), #4632, .F. ) ;
#2554 = DIRECTION ( 'NONE',  ( 0.000000000000000000, 0.000000000000000000, -1.000000000000000000 ) ) ;
#2555 = FACE_OUTER_BOUND ( 'NONE', #4757, .T. ) ;
#2556 = ORIENTED_EDGE ( 'NONE', *, *, #1105, .F. ) ;
#2557 = ORIENTED_EDGE ( 'NONE', *, *, #5014, .T. ) ;
#2558 =( NAMED_UNIT ( * ) PLANE_ANGLE_UNIT ( ) SI_UNIT ( $, .RADIAN. ) );
#2559 =( NAMED_UNIT ( * ) PLANE_ANGLE_UNIT ( ) SI_UNIT ( $, .RADIAN. ) );
#2560 = ORIENTED_EDGE ( 'NONE', *, *, #2674, .F. ) ;
#2561 = CARTESIAN_POINT ( 'NONE',  ( 0.9949999999999995515, -0.5999999999999994227, -3.854977409527656551 ) ) ;
#2562 = CARTESIAN_POINT ( 'NONE',  ( -0.5200000000000000178, -0.3257586221349297317, 3.665516011480168146 ) ) ;
#2563 = LINE ( 'NONE', #199, #4879 ) ;
#2564 = SURFACE_STYLE_FILL_AREA ( #4549 ) ;
#2565 =( NAMED_UNIT ( * ) PLANE_ANGLE_UNIT ( ) SI_UNIT ( $, .RADIAN. ) );
#2566 = CARTESIAN_POINT ( 'NONE',  ( -2.020000000000000018, 1.385859581945312113, -4.015156503500930008 ) ) ;
#2567 = AXIS2_PLACEMENT_3D ( 'NONE', #357, #831, #2439 ) ;
#2568 = DIRECTION ( 'NONE',  ( 0.000000000000000000, 0.000000000000000000, 1.000000000000000000 ) ) ;
#2569 =( NAMED_UNIT ( * ) PLANE_ANGLE_UNIT ( ) SI_UNIT ( $, .RADIAN. ) );
#2570 = CARTESIAN_POINT ( 'NONE',  ( -1.545000000000000595, -0.5999999999999998668, -4.249871604293129046 ) ) ;
#2571 = VERTEX_POINT ( 'NONE', #2305 ) ;
#2572 = SURFACE_STYLE_USAGE ( .BOTH. , #972 ) ;
#2573 = DIRECTION ( 'NONE',  ( 0.000000000000000000, 0.9989728343450317016, -0.04531309127232077683 ) ) ;
#2574 = ADVANCED_FACE ( 'NONE', ( #3833 ), #247, .F. ) ;
#2575 = ORIENTED_EDGE ( 'NONE', *, *, #1265, .T. ) ;
#2576 = DIRECTION ( 'NONE',  ( -0.000000000000000000, 1.000000000000000000, -0.000000000000000000 ) ) ;
#2577 = ORIENTED_EDGE ( 'NONE', *, *, #4596, .T. ) ;
#2578 = FACE_OUTER_BOUND ( 'NONE', #744, .T. ) ;
#2579 =( GEOMETRIC_REPRESENTATION_CONTEXT ( 3 ) GLOBAL_UNCERTAINTY_ASSIGNED_CONTEXT ( ( #3141 ) ) GLOBAL_UNIT_ASSIGNED_CONTEXT ( ( #2501, #4038, #792 ) ) REPRESENTATION_CONTEXT ( 'NONE', 'WORKASPACE' ) );
#2580 = EDGE_CURVE ( 'NONE', #2602, #4090, #779, .T. ) ;
#2581 = EDGE_CURVE ( 'NONE', #2397, #2930, #2380, .T. ) ;
#2582 =( NAMED_UNIT ( * ) PLANE_ANGLE_UNIT ( ) SI_UNIT ( $, .RADIAN. ) );
#2583 = ORIENTED_EDGE ( 'NONE', *, *, #758, .T. ) ;
#2584 =( NAMED_UNIT ( * ) PLANE_ANGLE_UNIT ( ) SI_UNIT ( $, .RADIAN. ) );
#2585 = FILL_AREA_STYLE ('',( #4568 ) ) ;
#2586 =( GEOMETRIC_REPRESENTATION_CONTEXT ( 3 ) GLOBAL_UNCERTAINTY_ASSIGNED_CONTEXT ( ( #3295 ) ) GLOBAL_UNIT_ASSIGNED_CONTEXT ( ( #1469, #1072, #1418 ) ) REPRESENTATION_CONTEXT ( 'NONE', 'WORKASPACE' ) );
#2587 =( LENGTH_UNIT ( ) NAMED_UNIT ( * ) SI_UNIT ( .MILLI., .METRE. ) );
#2588 = DIRECTION ( 'NONE',  ( 0.000000000000000000, 0.000000000000000000, 1.000000000000000000 ) ) ;
#2589 = PRESENTATION_LAYER_ASSIGNMENT (  '', '', ( #755 ) ) ;
#2590 = VECTOR ( 'NONE', #127, 1000.000000000000000 ) ;
#2591 = DIRECTION ( 'NONE',  ( -0.000000000000000000, -0.9989728343450317016, -0.04531309127232078376 ) ) ;
#2592 =( GEOMETRIC_REPRESENTATION_CONTEXT ( 3 ) GLOBAL_UNCERTAINTY_ASSIGNED_CONTEXT ( ( #552 ) ) GLOBAL_UNIT_ASSIGNED_CONTEXT ( ( #4769, #4798, #3926 ) ) REPRESENTATION_CONTEXT ( 'NONE', 'WORKASPACE' ) );
#2593 = UNCERTAINTY_MEASURE_WITH_UNIT (LENGTH_MEASURE( 1.000000000000000082E-05 ), #3217, 'distance_accuracy_value', 'NONE');
#2594 = MECHANICAL_DESIGN_GEOMETRIC_PRESENTATION_REPRESENTATION (  '', ( #2840 ), #3244 ) ;
#2595 = CARTESIAN_POINT ( 'NONE',  ( -0.5200000000000000178, 1.370000000000000107, -3.665516011480168146 ) ) ;
#2596 = UNCERTAINTY_MEASURE_WITH_UNIT (LENGTH_MEASURE( 1.000000000000000082E-05 ), #2548, 'distance_accuracy_value', 'NONE');
#2597 = VERTEX_POINT ( 'NONE', #4016 ) ;
#2598 = PRESENTATION_LAYER_ASSIGNMENT (  '', '', ( #4858 ) ) ;
#2599 = DIRECTION ( 'NONE',  ( -1.000000000000000000, -0.000000000000000000, -0.000000000000000000 ) ) ;
#2600 = CARTESIAN_POINT ( 'NONE',  ( -0.5200000000000000178, 1.719999999999999973, 2.928844164890265223 ) ) ;
#2601 = VECTOR ( 'NONE', #1552, 1000.000000000000000 ) ;
#2602 = VERTEX_POINT ( 'NONE', #60 ) ;
#2603 = SURFACE_SIDE_STYLE ('',( #3742 ) ) ;
#2604 = CARTESIAN_POINT ( 'NONE',  ( 0.5200000000000002398, 3.370000000000000107, -1.810000000000000053 ) ) ;
#2605 = ORIENTED_EDGE ( 'NONE', *, *, #487, .T. ) ;
#2606 = FACE_OUTER_BOUND ( 'NONE', #5166, .T. ) ;
#2607 = FACE_OUTER_BOUND ( 'NONE', #227, .T. ) ;
#2608 = VERTEX_POINT ( 'NONE', #3162 ) ;
#2609 = LINE ( 'NONE', #986, #850 ) ;
#2610 = PLANE ( 'NONE',  #935 ) ;
#2611 = AXIS2_PLACEMENT_3D ( 'NONE', #4938, #4891, #2085 ) ;
#2612 = AXIS2_PLACEMENT_3D ( 'NONE', #1725, #1658, #1344 ) ;
#2613 = CARTESIAN_POINT ( 'NONE',  ( -9.986549746519054693, 3.020000000000000018, 3.339999999999999858 ) ) ;
#2614 = VERTEX_POINT ( 'NONE', #37 ) ;
#2615 = FACE_OUTER_BOUND ( 'NONE', #564, .T. ) ;
#2616 = ADVANCED_FACE ( 'NONE', ( #3241 ), #825, .F. ) ;
#2617 = MECHANICAL_DESIGN_GEOMETRIC_PRESENTATION_REPRESENTATION (  '', ( #2935 ), #3336 ) ;
#2618 =( NAMED_UNIT ( * ) PLANE_ANGLE_UNIT ( ) SI_UNIT ( $, .RADIAN. ) );
#2619 = PRESENTATION_LAYER_ASSIGNMENT (  '', '', ( #444 ) ) ;
#2620 =( NAMED_UNIT ( * ) PLANE_ANGLE_UNIT ( ) SI_UNIT ( $, .RADIAN. ) );
#2621 = PRESENTATION_LAYER_ASSIGNMENT (  '', '', ( #3090 ) ) ;
#2622 = PLANE ( 'NONE',  #4827 ) ;
#2623 = EDGE_CURVE ( 'NONE', #3779, #3807, #2008, .T. ) ;
#2624 =( GEOMETRIC_REPRESENTATION_CONTEXT ( 3 ) GLOBAL_UNCERTAINTY_ASSIGNED_CONTEXT ( ( #385 ) ) GLOBAL_UNIT_ASSIGNED_CONTEXT ( ( #2711, #1037, #2727 ) ) REPRESENTATION_CONTEXT ( 'NONE', 'WORKASPACE' ) );
#2625 = FILL_AREA_STYLE_COLOUR ( '', #2890 ) ;
#2626 = COLOUR_RGB ( '',1.000000000000000000, 1.000000000000000000, 1.000000000000000000 ) ;
#2627 = EDGE_LOOP ( 'NONE', ( #4579, #1104, #4197, #1114, #447, #4722, #311, #196 ) ) ;
#2628 = DIRECTION ( 'NONE',  ( -0.000000000000000000, -0.000000000000000000, -1.000000000000000000 ) ) ;
#2629 = PRESENTATION_STYLE_ASSIGNMENT (( #2652 ) ) ;
#2630 = FILL_AREA_STYLE_COLOUR ( '', #3919 ) ;
#2631 = DIRECTION ( 'NONE',  ( 1.000000000000000000, 0.000000000000000000, -0.000000000000000000 ) ) ;
#2632 = ORIENTED_EDGE ( 'NONE', *, *, #4810, .T. ) ;
#2633 = DIRECTION ( 'NONE',  ( -1.000000000000000000, -0.000000000000000000, 0.000000000000000000 ) ) ;
#2634 = LINE ( 'NONE', #5069, #1695 ) ;
#2635 = EDGE_CURVE ( 'NONE', #4545, #3506, #3130, .T. ) ;
#2636 = EDGE_LOOP ( 'NONE', ( #113, #2262, #1471, #5180 ) ) ;
#2637 = PLANE ( 'NONE',  #4877 ) ;
#2638 = CARTESIAN_POINT ( 'NONE',  ( 0.7199999999999995293, 5.156606874731850532, -0.8499999999999999778 ) ) ;
#2639 = DIRECTION ( 'NONE',  ( 0.000000000000000000, -0.000000000000000000, -1.000000000000000000 ) ) ;
#2640 = ORIENTED_EDGE ( 'NONE', *, *, #1845, .T. ) ;
#2641 = CARTESIAN_POINT ( 'NONE',  ( -0.5200000000000000178, 1.719999999999999973, 2.928844164890265223 ) ) ;
#2642 = LINE ( 'NONE', #735, #2354 ) ;
#2643 =( LENGTH_UNIT ( ) NAMED_UNIT ( * ) SI_UNIT ( .MILLI., .METRE. ) );
#2644 = CARTESIAN_POINT ( 'NONE',  ( -1.869999999999999662, 3.070000000000000284, -0.8499999999999995337 ) ) ;
#2645 = EDGE_CURVE ( 'NONE', #4742, #43, #2837, .T. ) ;
#2646 = CARTESIAN_POINT ( 'NONE',  ( -0.7199999999999996403, 3.070000000000000284, 0.1499999999999999667 ) ) ;
#2647 = VERTEX_POINT ( 'NONE', #1200 ) ;
#2648 = DIRECTION ( 'NONE',  ( -1.000000000000000000, -0.000000000000000000, -0.000000000000000000 ) ) ;
#2649 = UNCERTAINTY_MEASURE_WITH_UNIT (LENGTH_MEASURE( 1.000000000000000082E-05 ), #3610, 'distance_accuracy_value', 'NONE');
#2650 = CARTESIAN_POINT ( 'NONE',  ( 2.020000000000000018, 1.374531309127232204, 3.765413294914671027 ) ) ;
#2651 = ORIENTED_EDGE ( 'NONE', *, *, #2353, .T. ) ;
#2652 = SURFACE_STYLE_USAGE ( .BOTH. , #4612 ) ;
#2653 = CARTESIAN_POINT ( 'NONE',  ( -2.935333781330272895, 3.669000000000000039, 2.457488747160203157 ) ) ;
#2654 = VECTOR ( 'NONE', #733, 1000.000000000000000 ) ;
#2655 = CARTESIAN_POINT ( 'NONE',  ( 2.020000000000000018, -0.3257586221349297317, -3.842537907512574957 ) ) ;
#2656 = FILL_AREA_STYLE ('',( #4724 ) ) ;
#2657 = DIRECTION ( 'NONE',  ( -0.000000000000000000, -0.9989728343450317016, 0.04531309127232078376 ) ) ;
#2658 = ORIENTED_EDGE ( 'NONE', *, *, #170, .F. ) ;
#2659 = ORIENTED_EDGE ( 'NONE', *, *, #3754, .F. ) ;
#2660 = SURFACE_SIDE_STYLE ('',( #4675 ) ) ;
#2661 = SURFACE_STYLE_USAGE ( .BOTH. , #2277 ) ;
#2662 = DIRECTION ( 'NONE',  ( -0.000000000000000000, 1.000000000000000000, -0.000000000000000000 ) ) ;
#2663 =( GEOMETRIC_REPRESENTATION_CONTEXT ( 3 ) GLOBAL_UNCERTAINTY_ASSIGNED_CONTEXT ( ( #2593 ) ) GLOBAL_UNIT_ASSIGNED_CONTEXT ( ( #3217, #1306, #881 ) ) REPRESENTATION_CONTEXT ( 'NONE', 'WORKASPACE' ) );
#2664 = CARTESIAN_POINT ( 'NONE',  ( 0.6699999999999997069, 3.070000000000000284, -0.8499999999999999778 ) ) ;
#2665 = COLOUR_RGB ( '',0.8941176470588234615, 0.9137254901960784048, 0.9294117647058823817 ) ;
#2666 = FILL_AREA_STYLE_COLOUR ( '', #4789 ) ;
#2667 = STYLED_ITEM ( 'NONE', ( #680 ), #3758 ) ;
#2668 = FILL_AREA_STYLE ('',( #4690 ) ) ;
#2669 = VECTOR ( 'NONE', #1350, 1000.000000000000000 ) ;
#2670 = LINE ( 'NONE', #4320, #1067 ) ;
#2671 =( GEOMETRIC_REPRESENTATION_CONTEXT ( 3 ) GLOBAL_UNCERTAINTY_ASSIGNED_CONTEXT ( ( #3046 ) ) GLOBAL_UNIT_ASSIGNED_CONTEXT ( ( #1728, #154, #2213 ) ) REPRESENTATION_CONTEXT ( 'NONE', 'WORKASPACE' ) );
#2672 = ORIENTED_EDGE ( 'NONE', *, *, #2307, .T. ) ;
#2673 = EDGE_CURVE ( 'NONE', #2224, #334, #2431, .T. ) ;
#2674 = EDGE_CURVE ( 'NONE', #2113, #2378, #2755, .T. ) ;
#2675 = EDGE_CURVE ( 'NONE', #3722, #594, #1221, .T. ) ;
#2676 = PRESENTATION_LAYER_ASSIGNMENT (  '', '', ( #504 ) ) ;
#2677 = STYLED_ITEM ( 'NONE', ( #2352 ), #4170 ) ;
#2678 =( NAMED_UNIT ( * ) SI_UNIT ( $, .STERADIAN. ) SOLID_ANGLE_UNIT ( ) );
#2679 = FACE_OUTER_BOUND ( 'NONE', #3878, .T. ) ;
#2680 = STYLED_ITEM ( 'NONE', ( #1923 ), #1065 ) ;
#2681 = AXIS2_PLACEMENT_3D ( 'NONE', #1466, #1442, #4655 ) ;
#2682 = ORIENTED_EDGE ( 'NONE', *, *, #1172, .T. ) ;
#2683 = FILL_AREA_STYLE ('',( #4624 ) ) ;
#2684 = ORIENTED_EDGE ( 'NONE', *, *, #1592, .T. ) ;
#2685 = EDGE_CURVE ( 'NONE', #765, #1824, #2486, .T. ) ;
#2686 = VERTEX_POINT ( 'NONE', #1566 ) ;
#2687 = AXIS2_PLACEMENT_3D ( 'NONE', #1528, #2217, #1183 ) ;
#2689 = DIRECTION ( 'NONE',  ( -1.000000000000000000, 0.000000000000000000, 0.000000000000000000 ) ) ;
#2688 = COLOUR_RGB ( '',0.8941176470588234615, 0.9137254901960784048, 0.9294117647058823817 ) ;
#2690 = CARTESIAN_POINT ( 'NONE',  ( 2.020000000000000018, -0.3257586221349297317, 4.249871604293129046 ) ) ;
#2691 = FILL_AREA_STYLE_COLOUR ( '', #1994 ) ;
#2692 = VECTOR ( 'NONE', #1958, 1000.000000000000227 ) ;
#2693 = DIRECTION ( 'NONE',  ( 6.141068999935581617E-18, 0.04531309127232125561, -0.9989728343450317016 ) ) ;
#2694 = UNCERTAINTY_MEASURE_WITH_UNIT (LENGTH_MEASURE( 1.000000000000000082E-05 ), #3897, 'distance_accuracy_value', 'NONE');
#2695 = UNCERTAINTY_MEASURE_WITH_UNIT (LENGTH_MEASURE( 1.000000000000000082E-05 ), #1378, 'distance_accuracy_value', 'NONE');
#2696 = FACE_OUTER_BOUND ( 'NONE', #845, .T. ) ;
#2697 = COLOUR_RGB ( '',0.2980392156862745057, 0.2980392156862745057, 0.2980392156862745057 ) ;
#2698 = EDGE_CURVE ( 'NONE', #4140, #303, #3965, .T. ) ;
#2699 = UNCERTAINTY_MEASURE_WITH_UNIT (LENGTH_MEASURE( 1.000000000000000082E-05 ), #163, 'distance_accuracy_value', 'NONE');
#2700 = MECHANICAL_DESIGN_GEOMETRIC_PRESENTATION_REPRESENTATION (  '', ( #3179 ), #2461 ) ;
#2701 = ORIENTED_EDGE ( 'NONE', *, *, #669, .T. ) ;
#2702 = LINE ( 'NONE', #4217, #3834 ) ;
#2703 = ORIENTED_EDGE ( 'NONE', *, *, #699, .T. ) ;
#2704 = FACE_OUTER_BOUND ( 'NONE', #93, .T. ) ;
#2705 = COLOUR_RGB ( '',0.8941176470588234615, 0.9137254901960784048, 0.9294117647058823817 ) ;
#2706 = MECHANICAL_DESIGN_GEOMETRIC_PRESENTATION_REPRESENTATION (  '', ( #3870 ), #1456 ) ;
#2707 = ORIENTED_EDGE ( 'NONE', *, *, #1427, .F. ) ;
#2708 = EDGE_CURVE ( 'NONE', #5006, #3023, #1977, .T. ) ;
#2709 = ORIENTED_EDGE ( 'NONE', *, *, #2950, .T. ) ;
#2710 = DIRECTION ( 'NONE',  ( 0.000000000000000000, 0.000000000000000000, 1.000000000000000000 ) ) ;
#2711 =( LENGTH_UNIT ( ) NAMED_UNIT ( * ) SI_UNIT ( .MILLI., .METRE. ) );
#2712 =( LENGTH_UNIT ( ) NAMED_UNIT ( * ) SI_UNIT ( .MILLI., .METRE. ) );
#2713 = CARTESIAN_POINT ( 'NONE',  ( 0.5200000000000000178, -3.799999999999999822, -4.000128395706870954 ) ) ;
#2714 = DIRECTION ( 'NONE',  ( 1.353860646563606630E-16, 0.9989728343450317016, 0.04531309127232077683 ) ) ;
#2715 =( LENGTH_UNIT ( ) NAMED_UNIT ( * ) SI_UNIT ( .MILLI., .METRE. ) );
#2716 = VERTEX_POINT ( 'NONE', #4395 ) ;
#2717 = LINE ( 'NONE', #2996, #584 ) ;
#2718 = DIRECTION ( 'NONE',  ( -1.000000000000000000, 0.000000000000000000, -0.000000000000000000 ) ) ;
#2719 = DIRECTION ( 'NONE',  ( 1.353860646563606630E-16, 0.9989728343450317016, -0.04531309127232077683 ) ) ;
#2720 = ORIENTED_EDGE ( 'NONE', *, *, #1777, .F. ) ;
#2721 = FILL_AREA_STYLE_COLOUR ( '', #500 ) ;
#2722 = SURFACE_STYLE_USAGE ( .BOTH. , #2394 ) ;
#2723 = PLANE ( 'NONE',  #4252 ) ;
#2724 = DIRECTION ( 'NONE',  ( 1.000000000000000000, 0.000000000000000000, -0.000000000000000000 ) ) ;
#2725 = FILL_AREA_STYLE_COLOUR ( '', #4346 ) ;
#2726 = VERTEX_POINT ( 'NONE', #1352 ) ;
#2727 =( NAMED_UNIT ( * ) SI_UNIT ( $, .STERADIAN. ) SOLID_ANGLE_UNIT ( ) );
#2728 = EDGE_CURVE ( 'NONE', #4598, #155, #4941, .T. ) ;
#2729 = STYLED_ITEM ( 'NONE', ( #2469 ), #205 ) ;
#2730 = CARTESIAN_POINT ( 'NONE',  ( 2.020000000000000018, 3.669999999999999929, 1.810000000000000053 ) ) ;
#2731 = VECTOR ( 'NONE', #2513, 1000.000000000000000 ) ;
#2732 = EDGE_CURVE ( 'NONE', #466, #2057, #2958, .T. ) ;
#2733 = AXIS2_PLACEMENT_3D ( 'NONE', #970, #615, #920 ) ;
#2734 = CARTESIAN_POINT ( 'NONE',  ( 2.020000000000000018, 1.719999999999999973, -2.928844164890265223 ) ) ;
#2735 = CARTESIAN_POINT ( 'NONE',  ( -0.7199999999999995293, 3.669999999999999929, -0.8499999999999999778 ) ) ;
#2736 = STYLED_ITEM ( 'NONE', ( #2952 ), #4660 ) ;
#2737 = SURFACE_STYLE_FILL_AREA ( #637 ) ;
#2738 = CARTESIAN_POINT ( 'NONE',  ( 1.869999999999999662, 3.070000000000000284, -0.8499999999999999778 ) ) ;
#2739 = ORIENTED_EDGE ( 'NONE', *, *, #4894, .F. ) ;
#2740 = VECTOR ( 'NONE', #3577, 1000.000000000000000 ) ;
#2741 = ORIENTED_EDGE ( 'NONE', *, *, #5141, .T. ) ;
#2742 =( NAMED_UNIT ( * ) SI_UNIT ( $, .STERADIAN. ) SOLID_ANGLE_UNIT ( ) );
#2743 =( NAMED_UNIT ( * ) PLANE_ANGLE_UNIT ( ) SI_UNIT ( $, .RADIAN. ) );
#2744 = VERTEX_POINT ( 'NONE', #2191 ) ;
#2745 = FILL_AREA_STYLE_COLOUR ( '', #3429 ) ;
#2746 = PRESENTATION_LAYER_ASSIGNMENT (  '', '', ( #5017 ) ) ;
#2747 = FILL_AREA_STYLE_COLOUR ( '', #3073 ) ;
#2748 = ORIENTED_EDGE ( 'NONE', *, *, #1172, .F. ) ;
#2749 = FACE_OUTER_BOUND ( 'NONE', #3698, .T. ) ;
#2750 = STYLED_ITEM ( 'NONE', ( #4194 ), #749 ) ;
#2751 = ORIENTED_EDGE ( 'NONE', *, *, #4894, .T. ) ;
#2752 = PRESENTATION_LAYER_ASSIGNMENT (  '', '', ( #3579 ) ) ;
#2753 = SURFACE_STYLE_FILL_AREA ( #1169 ) ;
#2754 = ORIENTED_EDGE ( 'NONE', *, *, #3310, .F. ) ;
#2755 = LINE ( 'NONE', #4811, #185 ) ;
#2756 = PRESENTATION_LAYER_ASSIGNMENT (  '', '', ( #3929 ) ) ;
#2757 = LINE ( 'NONE', #1203, #4584 ) ;
#2758 = STYLED_ITEM ( 'NONE', ( #111 ), #1436 ) ;
#2759 = FILL_AREA_STYLE ('',( #2788 ) ) ;
#2760 =( NAMED_UNIT ( * ) SI_UNIT ( $, .STERADIAN. ) SOLID_ANGLE_UNIT ( ) );
#2761 = VERTEX_POINT ( 'NONE', #2876 ) ;
#2762 = CIRCLE ( 'NONE', #1191, 0.3500000000000004774 ) ;
#2763 = AXIS2_PLACEMENT_3D ( 'NONE', #1921, #815, #3538 ) ;
#2764 = FILL_AREA_STYLE ('',( #1290 ) ) ;
#2765 = EDGE_CURVE ( 'NONE', #1253, #2571, #2904, .T. ) ;
#2766 = FILL_AREA_STYLE ('',( #333 ) ) ;
#2767 = EDGE_LOOP ( 'NONE', ( #4773, #4, #1372, #1973, #979, #3219, #5133, #4372, #705 ) ) ;
#2768 = LINE ( 'NONE', #4382, #282 ) ;
#2769 = SURFACE_STYLE_FILL_AREA ( #4003 ) ;
#2770 = AXIS2_PLACEMENT_3D ( 'NONE', #907, #575, #4914 ) ;
#2771 = VECTOR ( 'NONE', #657, 1000.000000000000000 ) ;
#2772 = SURFACE_STYLE_FILL_AREA ( #3229 ) ;
#2773 = CARTESIAN_POINT ( 'NONE',  ( 2.020000000000000018, -0.3257586221349297317, -4.249871604293129046 ) ) ;
#2774 = SURFACE_STYLE_FILL_AREA ( #2106 ) ;
#2775 = AXIS2_PLACEMENT_3D ( 'NONE', #2059, #1662, #878 ) ;
#2776 = VECTOR ( 'NONE', #3729, 1000.000000000000000 ) ;
#2777 = VERTEX_POINT ( 'NONE', #4968 ) ;
#2778 = DIRECTION ( 'NONE',  ( -0.000000000000000000, -0.000000000000000000, 1.000000000000000000 ) ) ;
#2779 = SURFACE_SIDE_STYLE ('',( #2054 ) ) ;
#2780 = MECHANICAL_DESIGN_GEOMETRIC_PRESENTATION_REPRESENTATION (  '', ( #4795 ), #278 ) ;
#2781 = DIRECTION ( 'NONE',  ( -1.000000000000000000, 0.000000000000000000, 0.000000000000000000 ) ) ;
#2782 = DIRECTION ( 'NONE',  ( 0.000000000000000000, 0.000000000000000000, 1.000000000000000000 ) ) ;
#2783 =( NAMED_UNIT ( * ) PLANE_ANGLE_UNIT ( ) SI_UNIT ( $, .RADIAN. ) );
#2784 = ORIENTED_EDGE ( 'NONE', *, *, #3484, .T. ) ;
#2785 = DIRECTION ( 'NONE',  ( 6.141068999935581617E-18, -0.04531309127232125561, 0.9989728343450317016 ) ) ;
#2786 = DIRECTION ( 'NONE',  ( 2.168404344971008868E-16, 0.000000000000000000, 1.000000000000000000 ) ) ;
#2787 = CARTESIAN_POINT ( 'NONE',  ( -0.9949999999999999956, -3.507406973840369702, 4.381750663504773158 ) ) ;
#2788 = FILL_AREA_STYLE_COLOUR ( '', #3463 ) ;
#2789 = DIRECTION ( 'NONE',  ( 0.000000000000000000, 0.000000000000000000, -1.000000000000000000 ) ) ;
#2790 = ADVANCED_FACE ( 'NONE', ( #2607 ), #110, .F. ) ;
#2791 = UNCERTAINTY_MEASURE_WITH_UNIT (LENGTH_MEASURE( 1.000000000000000082E-05 ), #3533, 'distance_accuracy_value', 'NONE');
#2792 =( NAMED_UNIT ( * ) SI_UNIT ( $, .STERADIAN. ) SOLID_ANGLE_UNIT ( ) );
#2793 = LINE ( 'NONE', #2067, #1721 ) ;
#2794 = CARTESIAN_POINT ( 'NONE',  ( -2.020000000000000018, -0.3257586221349295097, -3.842537907512574957 ) ) ;
#2795 = ORIENTED_EDGE ( 'NONE', *, *, #3347, .T. ) ;
#2796 = FACE_OUTER_BOUND ( 'NONE', #3033, .T. ) ;
#2797 = CARTESIAN_POINT ( 'NONE',  ( -1.270000000000000018, -3.513954197737035656, -4.237410504193240612 ) ) ;
#2798 = FACE_OUTER_BOUND ( 'NONE', #4230, .T. ) ;
#2799 =( NAMED_UNIT ( * ) SI_UNIT ( $, .STERADIAN. ) SOLID_ANGLE_UNIT ( ) );
#2800 = VERTEX_POINT ( 'NONE', #985 ) ;
#2801 = CARTESIAN_POINT ( 'NONE',  ( 0.5200000000000000178, -0.3257586221349297317, 4.092794962964849681 ) ) ;
#2802 = ORIENTED_EDGE ( 'NONE', *, *, #3149, .F. ) ;
#2803 = CARTESIAN_POINT ( 'NONE',  ( 1.270000000000000018, -3.799999999999999822, -4.000128395706870954 ) ) ;
#2804 = CARTESIAN_POINT ( 'NONE',  ( -2.377847908131887955, 3.669999999999999929, 3.026351883076923155 ) ) ;
#2805 = PRODUCT_DEFINITION_CONTEXT ( 'detailed design', #2103, 'design' ) ;
#2806 = CARTESIAN_POINT ( 'NONE',  ( -3.274999999999999911, 1.719999999999999973, -3.339999999999999858 ) ) ;
#2807 = DIRECTION ( 'NONE',  ( 0.000000000000000000, 0.9989728343450317016, -0.04531309127232062417 ) ) ;
#2808 = EDGE_LOOP ( 'NONE', ( #5111, #2703, #4216, #3112 ) ) ;
#2809 = VECTOR ( 'NONE', #3702, 1000.000000000000000 ) ;
#2810 = LINE ( 'NONE', #2088, #2898 ) ;
#2811 = CARTESIAN_POINT ( 'NONE',  ( 1.819999999999999840, 3.070000000000000284, -0.8499999999999999778 ) ) ;
#2812 =( GEOMETRIC_REPRESENTATION_CONTEXT ( 3 ) GLOBAL_UNCERTAINTY_ASSIGNED_CONTEXT ( ( #225 ) ) GLOBAL_UNIT_ASSIGNED_CONTEXT ( ( #2040, #3220, #3168 ) ) REPRESENTATION_CONTEXT ( 'NONE', 'WORKASPACE' ) );
#2813 = SURFACE_STYLE_FILL_AREA ( #2759 ) ;
#2814 = PRESENTATION_STYLE_ASSIGNMENT (( #2868 ) ) ;
#2815 =( GEOMETRIC_REPRESENTATION_CONTEXT ( 3 ) GLOBAL_UNCERTAINTY_ASSIGNED_CONTEXT ( ( #4434 ) ) GLOBAL_UNIT_ASSIGNED_CONTEXT ( ( #2917, #2620, #4182 ) ) REPRESENTATION_CONTEXT ( 'NONE', 'WORKASPACE' ) );
#2816 = AXIS2_PLACEMENT_3D ( 'NONE', #1901, #5149, #1120 ) ;
#2817 =( NAMED_UNIT ( * ) PLANE_ANGLE_UNIT ( ) SI_UNIT ( $, .RADIAN. ) );
#2818 = SURFACE_SIDE_STYLE ('',( #4379 ) ) ;
#2819 = ORIENTED_EDGE ( 'NONE', *, *, #2465, .F. ) ;
#2820 = LINE ( 'NONE', #3551, #4386 ) ;
#2821 = PRESENTATION_LAYER_ASSIGNMENT (  '', '', ( #2416 ) ) ;
#2822 = CARTESIAN_POINT ( 'NONE',  ( 3.274999999999999911, 1.719999999999999973, 3.339999999999999858 ) ) ;
#2823 = SURFACE_STYLE_FILL_AREA ( #4459 ) ;
#2824 = LINE ( 'NONE', #4428, #218 ) ;
#2825 = AXIS2_PLACEMENT_3D ( 'NONE', #2145, #4144, #2983 ) ;
#2826 = ADVANCED_FACE ( 'NONE', ( #2578 ), #1325, .T. ) ;
#2827 = EDGE_CURVE ( 'NONE', #1898, #1838, #4122, .T. ) ;
#2828 = DIRECTION ( 'NONE',  ( 0.000000000000000000, 0.9989728343450317016, 0.04531309127232077683 ) ) ;
#2829 = DIRECTION ( 'NONE',  ( -1.000000000000000000, -0.000000000000000000, 0.000000000000000000 ) ) ;
#2830 = STYLED_ITEM ( 'NONE', ( #214 ), #3712 ) ;
#2831 = FACE_OUTER_BOUND ( 'NONE', #4665, .T. ) ;
#2832 = CARTESIAN_POINT ( 'NONE',  ( -1.270000000000000018, -3.525282470555116010, 3.987667295606982965 ) ) ;
#2833 = ORIENTED_EDGE ( 'NONE', *, *, #4399, .F. ) ;
#2834 = EDGE_CURVE ( 'NONE', #3492, #5092, #3304, .T. ) ;
#2835 =( GEOMETRIC_REPRESENTATION_CONTEXT ( 3 ) GLOBAL_UNCERTAINTY_ASSIGNED_CONTEXT ( ( #2791 ) ) GLOBAL_UNIT_ASSIGNED_CONTEXT ( ( #3533, #336, #2315 ) ) REPRESENTATION_CONTEXT ( 'NONE', 'WORKASPACE' ) );
#2836 = CARTESIAN_POINT ( 'NONE',  ( -2.935333781330272895, 3.669000000000000039, 2.457488747160203157 ) ) ;
#2837 = LINE ( 'NONE', #3545, #3947 ) ;
#2838 = AXIS2_PLACEMENT_3D ( 'NONE', #4303, #2316, #1918 ) ;
#2839 = CARTESIAN_POINT ( 'NONE',  ( -0.5200000000000000178, 1.374531309127232204, -3.765413294914671027 ) ) ;
#2840 = STYLED_ITEM ( 'NONE', ( #4784 ), #4221 ) ;
#2841 =( NAMED_UNIT ( * ) PLANE_ANGLE_UNIT ( ) SI_UNIT ( $, .RADIAN. ) );
#2842 = VERTEX_POINT ( 'NONE', #1115 ) ;
#2843 = SURFACE_STYLE_FILL_AREA ( #4756 ) ;
#2844 = CYLINDRICAL_SURFACE ( 'NONE', #1023, 0.2750000000000002998 ) ;
#2845 = ORIENTED_EDGE ( 'NONE', *, *, #2205, .F. ) ;
#2846 =( GEOMETRIC_REPRESENTATION_CONTEXT ( 3 ) GLOBAL_UNCERTAINTY_ASSIGNED_CONTEXT ( ( #1231 ) ) GLOBAL_UNIT_ASSIGNED_CONTEXT ( ( #3860, #2559, #5055 ) ) REPRESENTATION_CONTEXT ( 'NONE', 'WORKASPACE' ) );
#2847 = FACE_BOUND ( 'NONE', #719, .T. ) ;
#2848 = DIRECTION ( 'NONE',  ( 0.8658027586716575685, 0.4998714557841987816, 0.02267401086559878154 ) ) ;
#2849 = EDGE_CURVE ( 'NONE', #594, #2219, #4206, .T. ) ;
#2850 = SURFACE_SIDE_STYLE ('',( #3704 ) ) ;
#2851 = ORIENTED_EDGE ( 'NONE', *, *, #4987, .T. ) ;
#2852 = PLANE ( 'NONE',  #95 ) ;
#2853 = VECTOR ( 'NONE', #3363, 1000.000000000000000 ) ;
#2854 =( NAMED_UNIT ( * ) PLANE_ANGLE_UNIT ( ) SI_UNIT ( $, .RADIAN. ) );
#2855 = PRESENTATION_STYLE_ASSIGNMENT (( #1263 ) ) ;
#2856 = SURFACE_STYLE_USAGE ( .BOTH. , #3611 ) ;
#2857 = STYLED_ITEM ( 'NONE', ( #2370 ), #2138 ) ;
#2858 =( GEOMETRIC_REPRESENTATION_CONTEXT ( 3 ) GLOBAL_UNCERTAINTY_ASSIGNED_CONTEXT ( ( #3954 ) ) GLOBAL_UNIT_ASSIGNED_CONTEXT ( ( #3480, #1932, #3064 ) ) REPRESENTATION_CONTEXT ( 'NONE', 'WORKASPACE' ) );
#2859 = LINE ( 'NONE', #1639, #4247 ) ;
#2860 = EDGE_LOOP ( 'NONE', ( #809, #4577, #456, #1329 ) ) ;
#2861 = SURFACE_STYLE_FILL_AREA ( #4749 ) ;
#2862 =( GEOMETRIC_REPRESENTATION_CONTEXT ( 3 ) GLOBAL_UNCERTAINTY_ASSIGNED_CONTEXT ( ( #3206 ) ) GLOBAL_UNIT_ASSIGNED_CONTEXT ( ( #159, #2507, #510 ) ) REPRESENTATION_CONTEXT ( 'NONE', 'WORKASPACE' ) );
#2863 = VECTOR ( 'NONE', #118, 1000.000000000000000 ) ;
#2864 = DIRECTION ( 'NONE',  ( -6.141068999935583157E-18, -0.04531309127232126255, -0.9989728343450319237 ) ) ;
#2865 = ORIENTED_EDGE ( 'NONE', *, *, #4435, .T. ) ;
#2866 = CIRCLE ( 'NONE', #3343, 0.3500000000000004774 ) ;
#2867 =( LENGTH_UNIT ( ) NAMED_UNIT ( * ) SI_UNIT ( .MILLI., .METRE. ) );
#2868 = SURFACE_STYLE_USAGE ( .BOTH. , #1284 ) ;
#2869 =( NAMED_UNIT ( * ) SI_UNIT ( $, .STERADIAN. ) SOLID_ANGLE_UNIT ( ) );
#2870 = ORIENTED_EDGE ( 'NONE', *, *, #2465, .T. ) ;
#2871 = DIRECTION ( 'NONE',  ( 1.000000000000000000, 0.000000000000000000, -0.000000000000000000 ) ) ;
#2872 = FILL_AREA_STYLE ('',( #2747 ) ) ;
#2873 = SURFACE_STYLE_USAGE ( .BOTH. , #2921 ) ;
#2874 = ORIENTED_EDGE ( 'NONE', *, *, #523, .F. ) ;
#2875 = SURFACE_SIDE_STYLE ('',( #4589 ) ) ;
#2876 = CARTESIAN_POINT ( 'NONE',  ( 0.6699999999999997069, 3.370000000000000107, 0.8499999999999999778 ) ) ;
#2877 = DIRECTION ( 'NONE',  ( 0.000000000000000000, 0.000000000000000000, -1.000000000000000000 ) ) ;
#2878 = DIRECTION ( 'NONE',  ( 1.000000000000000000, 0.000000000000000000, 0.000000000000000000 ) ) ;
#2879 = ORIENTED_EDGE ( 'NONE', *, *, #2390, .T. ) ;
#2880 = UNCERTAINTY_MEASURE_WITH_UNIT (LENGTH_MEASURE( 1.000000000000000082E-05 ), #3391, 'distance_accuracy_value', 'NONE');
#2881 = ADVANCED_FACE ( 'NONE', ( #2273 ), #2637, .F. ) ;
#2882 = CARTESIAN_POINT ( 'NONE',  ( -2.507715453299420805, -1.357410230503324655, -2.161559618189709209 ) ) ;
#2883 = ADVANCED_FACE ( 'NONE', ( #4309 ), #704, .F. ) ;
#2884 = EDGE_CURVE ( 'NONE', #1987, #4945, #3449, .T. ) ;
#2885 = FACE_OUTER_BOUND ( 'NONE', #1641, .T. ) ;
#2886 = VECTOR ( 'NONE', #287, 1000.000000000000000 ) ;
#2887 = EDGE_LOOP ( 'NONE', ( #1529, #1505, #4000, #367, #2682, #3405, #4351, #591 ) ) ;
#2888 = AXIS2_PLACEMENT_3D ( 'NONE', #906, #4126, #2911 ) ;
#2889 = DIRECTION ( 'NONE',  ( -0.8658027586716575685, -0.4998714557841987816, 0.02267401086559870174 ) ) ;
#2890 = COLOUR_RGB ( '',1.000000000000000000, 0.1686274509803921684, 0.1686274509803921684 ) ;
#2891 = AXIS2_PLACEMENT_3D ( 'NONE', #4013, #428, #3214 ) ;
#2892 = PLANE ( 'NONE',  #4353 ) ;
#2893 = UNCERTAINTY_MEASURE_WITH_UNIT (LENGTH_MEASURE( 1.000000000000000082E-05 ), #376, 'distance_accuracy_value', 'NONE');
#2894 = PLANE ( 'NONE',  #2733 ) ;
#2895 = DIRECTION ( 'NONE',  ( 0.000000000000000000, -0.000000000000000000, -1.000000000000000000 ) ) ;
#2896 = STYLED_ITEM ( 'NONE', ( #3927 ), #4712 ) ;
#2897 =( LENGTH_UNIT ( ) NAMED_UNIT ( * ) SI_UNIT ( .MILLI., .METRE. ) );
#2898 = VECTOR ( 'NONE', #514, 1000.000000000000000 ) ;
#2899 = CARTESIAN_POINT ( 'NONE',  ( -0.5200000000000000178, 1.470000000000000195, 2.866512164179471522 ) ) ;
#2900 = CARTESIAN_POINT ( 'NONE',  ( 3.274999999999999911, 3.020000000000000018, 3.339999999999999858 ) ) ;
#2901 = ORIENTED_EDGE ( 'NONE', *, *, #4986, .F. ) ;
#2902 = EDGE_CURVE ( 'NONE', #927, #770, #449, .T. ) ;
#2903 = FACE_OUTER_BOUND ( 'NONE', #739, .T. ) ;
#2904 = LINE ( 'NONE', #192, #1366 ) ;
#2905 =( GEOMETRIC_REPRESENTATION_CONTEXT ( 3 ) GLOBAL_UNCERTAINTY_ASSIGNED_CONTEXT ( ( #1865 ) ) GLOBAL_UNIT_ASSIGNED_CONTEXT ( ( #1822, #3390, #1441 ) ) REPRESENTATION_CONTEXT ( 'NONE', 'WORKASPACE' ) );
#2906 = CARTESIAN_POINT ( 'NONE',  ( 2.020000000000000018, 1.470000000000000195, 3.665516011480168146 ) ) ;
#2907 = CIRCLE ( 'NONE', #2429, 0.2750000000000002998 ) ;
#2908 = CARTESIAN_POINT ( 'NONE',  ( 1.869999999999999662, 3.370000000000000107, 0.8499999999999999778 ) ) ;
#2909 = VERTEX_POINT ( 'NONE', #4726 ) ;
#2910 = MECHANICAL_DESIGN_GEOMETRIC_PRESENTATION_REPRESENTATION (  '', ( #4504 ), #2835 ) ;
#2911 = DIRECTION ( 'NONE',  ( -1.000000000000000000, 0.000000000000000000, -0.000000000000000000 ) ) ;
#2912 = LINE ( 'NONE', #216, #524 ) ;
#2913 = ORIENTED_EDGE ( 'NONE', *, *, #636, .F. ) ;
#2914 = VECTOR ( 'NONE', #2408, 1000.000000000000227 ) ;
#2915 = DIRECTION ( 'NONE',  ( 0.000000000000000000, -0.9989728343450317016, -0.04531309127232062417 ) ) ;
#2916 = PRODUCT ( 'C & K COMPONENTS SD02H0B', 'C & K COMPONENTS SD02H0B', '', ( #4953 ) ) ;
#2917 =( LENGTH_UNIT ( ) NAMED_UNIT ( * ) SI_UNIT ( .MILLI., .METRE. ) );
#2918 = AXIS2_PLACEMENT_3D ( 'NONE', #3276, #4236, #217 ) ;
#2919 = FACE_OUTER_BOUND ( 'NONE', #3985, .T. ) ;
#2920 = EDGE_CURVE ( 'NONE', #3807, #4662, #1141, .T. ) ;
#2921 = SURFACE_SIDE_STYLE ('',( #2823 ) ) ;
#2922 =( GEOMETRIC_REPRESENTATION_CONTEXT ( 3 ) GLOBAL_UNCERTAINTY_ASSIGNED_CONTEXT ( ( #2227 ) ) GLOBAL_UNIT_ASSIGNED_CONTEXT ( ( #5135, #2743, #764 ) ) REPRESENTATION_CONTEXT ( 'NONE', 'WORKASPACE' ) );
#2923 = ORIENTED_EDGE ( 'NONE', *, *, #1047, .T. ) ;
#2924 = SURFACE_STYLE_USAGE ( .BOTH. , #3233 ) ;
#2925 =( NAMED_UNIT ( * ) PLANE_ANGLE_UNIT ( ) SI_UNIT ( $, .RADIAN. ) );
#2926 =( NAMED_UNIT ( * ) PLANE_ANGLE_UNIT ( ) SI_UNIT ( $, .RADIAN. ) );
#2927 = CLOSED_SHELL ( 'NONE', ( #2428, #3712, #2881, #1012, #749, #1096, #1879, #5189, #3819, #20, #3218, #1741, #588, #4325, #886 ) ) ;
#2928 = PRESENTATION_LAYER_ASSIGNMENT (  '', '', ( #2281 ) ) ;
#2929 =( LENGTH_UNIT ( ) NAMED_UNIT ( * ) SI_UNIT ( .MILLI., .METRE. ) );
#2930 = VERTEX_POINT ( 'NONE', #211 ) ;
#2931 = CARTESIAN_POINT ( 'NONE',  ( -0.5200000000000000178, 1.470000000000000195, -3.665516011480168146 ) ) ;
#2932 = MECHANICAL_DESIGN_GEOMETRIC_PRESENTATION_REPRESENTATION (  '', ( #341 ), #3173 ) ;
#2933 = ORIENTED_EDGE ( 'NONE', *, *, #582, .T. ) ;
#2934 =( LENGTH_UNIT ( ) NAMED_UNIT ( * ) SI_UNIT ( .MILLI., .METRE. ) );
#2935 = STYLED_ITEM ( 'NONE', ( #463 ), #2428 ) ;
#2936 = COLOUR_RGB ( '',1.000000000000000000, 0.1686274509803921684, 0.1686274509803921684 ) ;
#2937 = FILL_AREA_STYLE ('',( #4993 ) ) ;
#2938 = ORIENTED_EDGE ( 'NONE', *, *, #3262, .T. ) ;
#2939 = PLANE ( 'NONE',  #2988 ) ;
#2940 = PRESENTATION_LAYER_ASSIGNMENT (  '', '', ( #22 ) ) ;
#2941 =( LENGTH_UNIT ( ) NAMED_UNIT ( * ) SI_UNIT ( .MILLI., .METRE. ) );
#2942 = VECTOR ( 'NONE', #529, 1000.000000000000000 ) ;
#2943 = APPLICATION_PROTOCOL_DEFINITION ( 'draft international standard', 'automotive_design', 1998, #2103 ) ;
#2944 = CARTESIAN_POINT ( 'NONE',  ( -9.986549746519054693, 3.020000000000000018, 3.339999999999999858 ) ) ;
#2945 =( LENGTH_UNIT ( ) NAMED_UNIT ( * ) SI_UNIT ( .MILLI., .METRE. ) );
#2946 = UNCERTAINTY_MEASURE_WITH_UNIT (LENGTH_MEASURE( 1.000000000000000082E-05 ), #1560, 'distance_accuracy_value', 'NONE');
#2947 = ORIENTED_EDGE ( 'NONE', *, *, #5140, .T. ) ;
#2948 = CARTESIAN_POINT ( 'NONE',  ( 0.9949999999999995515, -0.5999999999999998668, -4.249871604293129046 ) ) ;
#2949 = SURFACE_STYLE_USAGE ( .BOTH. , #2503 ) ;
#2950 = EDGE_CURVE ( 'NONE', #628, #1376, #1817, .T. ) ;
#2951 = EDGE_CURVE ( 'NONE', #4066, #263, #1268, .T. ) ;
#2952 = PRESENTATION_STYLE_ASSIGNMENT (( #1762 ) ) ;
#2953 = ORIENTED_EDGE ( 'NONE', *, *, #3301, .F. ) ;
#2954 = CARTESIAN_POINT ( 'NONE',  ( -0.5200000000000002398, 3.370000000000000107, -1.809999999999999165 ) ) ;
#2955 =( NAMED_UNIT ( * ) PLANE_ANGLE_UNIT ( ) SI_UNIT ( $, .RADIAN. ) );
#2956 = ORIENTED_EDGE ( 'NONE', *, *, #1632, .T. ) ;
#2957 = CARTESIAN_POINT ( 'NONE',  ( -9.986549746519054693, 3.020000000000000018, 3.339999999999999858 ) ) ;
#2958 = LINE ( 'NONE', #1769, #530 ) ;
#2959 = DIRECTION ( 'NONE',  ( -6.141068999935583157E-18, -0.04531309127232126255, 0.9989728343450319237 ) ) ;
#2960 = SURFACE_SIDE_STYLE ('',( #1383 ) ) ;
#2961 = VERTEX_POINT ( 'NONE', #795 ) ;
#2962 = CARTESIAN_POINT ( 'NONE',  ( 1.545000000000000817, 1.385859581945312113, 4.015156503500930008 ) ) ;
#2963 = PLANE ( 'NONE',  #624 ) ;
#2964 =( LENGTH_UNIT ( ) NAMED_UNIT ( * ) SI_UNIT ( .MILLI., .METRE. ) );
#2965 = SURFACE_SIDE_STYLE ('',( #2564 ) ) ;
#2966 = CARTESIAN_POINT ( 'NONE',  ( 0.5200000000000000178, 1.385859581945312113, 4.015156503500930008 ) ) ;
#2967 = SHAPE_DEFINITION_REPRESENTATION ( #3916, #1102 ) ;
#2968 = VERTEX_POINT ( 'NONE', #425 ) ;
#2969 = EDGE_CURVE ( 'NONE', #478, #4809, #3189, .T. ) ;
#2970 = ORIENTED_EDGE ( 'NONE', *, *, #4822, .F. ) ;
#2971 = CARTESIAN_POINT ( 'NONE',  ( -0.5200000000000002398, 3.669999999999999929, -1.809999999999999165 ) ) ;
#2972 = VECTOR ( 'NONE', #866, 1000.000000000000000 ) ;
#2973 = PRESENTATION_STYLE_ASSIGNMENT (( #4192 ) ) ;
#2974 =( LENGTH_UNIT ( ) NAMED_UNIT ( * ) SI_UNIT ( .MILLI., .METRE. ) );
#2975 = ORIENTED_EDGE ( 'NONE', *, *, #169, .F. ) ;
#2976 = EDGE_CURVE ( 'NONE', #2440, #3215, #1659, .T. ) ;
#2977 = FILL_AREA_STYLE_COLOUR ( '', #4264 ) ;
#2978 = MECHANICAL_DESIGN_GEOMETRIC_PRESENTATION_REPRESENTATION (  '', ( #3293 ), #1323 ) ;
#2979 = DIRECTION ( 'NONE',  ( 0.000000000000000000, 0.000000000000000000, -1.000000000000000000 ) ) ;
#2980 = ORIENTED_EDGE ( 'NONE', *, *, #3885, .F. ) ;
#2981 = FILL_AREA_STYLE ('',( #3746 ) ) ;
#2982 = ORIENTED_EDGE ( 'NONE', *, *, #5168, .T. ) ;
#2983 = DIRECTION ( 'NONE',  ( 0.000000000000000000, 0.9989728343450317016, 0.04531309127232077683 ) ) ;
#2984 = EDGE_LOOP ( 'NONE', ( #3826, #1996, #997, #593 ) ) ;
#2985 = PRESENTATION_LAYER_ASSIGNMENT (  '', '', ( #3830 ) ) ;
#2986 = CARTESIAN_POINT ( 'NONE',  ( -0.6699999999999997069, 3.070000000000000284, -0.8499999999999995337 ) ) ;
#2987 = DIRECTION ( 'NONE',  ( 0.000000000000000000, -0.9989728343450318127, -0.04531309127232183154 ) ) ;
#2988 = AXIS2_PLACEMENT_3D ( 'NONE', #4205, #4233, #3890 ) ;
#2989 = FILL_AREA_STYLE ('',( #3907 ) ) ;
#2990 = FILL_AREA_STYLE_COLOUR ( '', #1199 ) ;
#2991 = FILL_AREA_STYLE_COLOUR ( '', #4937 ) ;
#2992 = VECTOR ( 'NONE', #2576, 1000.000000000000000 ) ;
#2993 = VECTOR ( 'NONE', #73, 1000.000000000000000 ) ;
#2994 = MECHANICAL_DESIGN_GEOMETRIC_PRESENTATION_REPRESENTATION (  '', ( #1426 ), #3924 ) ;
#2995 = EDGE_CURVE ( 'NONE', #2100, #4408, #3157, .T. ) ;
#2996 = CARTESIAN_POINT ( 'NONE',  ( 0.7199999999999995293, 5.156606874731850532, -0.8499999999999999778 ) ) ;
#2997 = UNCERTAINTY_MEASURE_WITH_UNIT (LENGTH_MEASURE( 1.000000000000000082E-05 ), #1380, 'distance_accuracy_value', 'NONE');
#2998 = CARTESIAN_POINT ( 'NONE',  ( 0.7199999999999995293, 3.669999999999999929, -0.8499999999999999778 ) ) ;
#2999 = ORIENTED_EDGE ( 'NONE', *, *, #3555, .F. ) ;
#3000 =( NAMED_UNIT ( * ) PLANE_ANGLE_UNIT ( ) SI_UNIT ( $, .RADIAN. ) );
#3001 = VECTOR ( 'NONE', #4198, 1000.000000000000000 ) ;
#3002 = DIRECTION ( 'NONE',  ( -1.000000000000000000, -0.000000000000000000, -0.000000000000000000 ) ) ;
#3003 =( GEOMETRIC_REPRESENTATION_CONTEXT ( 3 ) GLOBAL_UNCERTAINTY_ASSIGNED_CONTEXT ( ( #5061 ) ) GLOBAL_UNIT_ASSIGNED_CONTEXT ( ( #2897, #2925, #896 ) ) REPRESENTATION_CONTEXT ( 'NONE', 'WORKASPACE' ) );
#3004 = CARTESIAN_POINT ( 'NONE',  ( 2.020000000000000018, 1.374531309127232204, -3.765413294914671027 ) ) ;
#3005 = ORIENTED_EDGE ( 'NONE', *, *, #5076, .F. ) ;
#3006 = CARTESIAN_POINT ( 'NONE',  ( -1.545000000000000595, -0.5999999999999998668, 4.249871604293129046 ) ) ;
#3007 =( NAMED_UNIT ( * ) SI_UNIT ( $, .STERADIAN. ) SOLID_ANGLE_UNIT ( ) );
#3008 = EDGE_LOOP ( 'NONE', ( #3169, #5157, #4826, #727, #4973, #4674, #5186, #2347 ) ) ;
#3009 = SURFACE_SIDE_STYLE ('',( #1351 ) ) ;
#3010 = ADVANCED_FACE ( 'NONE', ( #2026 ), #4775, .F. ) ;
#3011 = SURFACE_STYLE_USAGE ( .BOTH. , #3306 ) ;
#3012 = MECHANICAL_DESIGN_GEOMETRIC_PRESENTATION_REPRESENTATION (  '', ( #695 ), #3680 ) ;
#3013 = STYLED_ITEM ( 'NONE', ( #4984 ), #2358 ) ;
#3014 =( NAMED_UNIT ( * ) PLANE_ANGLE_UNIT ( ) SI_UNIT ( $, .RADIAN. ) );
#3015 = DIRECTION ( 'NONE',  ( -0.000000000000000000, 1.000000000000000000, 0.000000000000000000 ) ) ;
#3016 = MECHANICAL_DESIGN_GEOMETRIC_PRESENTATION_REPRESENTATION (  '', ( #3523 ), #4870 ) ;
#3017 = ORIENTED_EDGE ( 'NONE', *, *, #1777, .T. ) ;
#3018 = CARTESIAN_POINT ( 'NONE',  ( -0.6699999999999997069, 3.070000000000000284, -0.8499999999999995337 ) ) ;
#3019 = SURFACE_SIDE_STYLE ('',( #3088 ) ) ;
#3020 = CIRCLE ( 'NONE', #3952, 0.1000000000000002554 ) ;
#3021 = PRESENTATION_LAYER_ASSIGNMENT (  '', '', ( #2208 ) ) ;
#3022 = DIRECTION ( 'NONE',  ( -1.353860646563606630E-16, 0.9989728343450317016, 0.04531309127232062417 ) ) ;
#3023 = VERTEX_POINT ( 'NONE', #2804 ) ;
#3024 = DIRECTION ( 'NONE',  ( 0.000000000000000000, -0.9702957262759976942, -0.2419218955996630949 ) ) ;
#3025 = DIRECTION ( 'NONE',  ( -1.000000000000000000, -0.000000000000000000, 0.000000000000000000 ) ) ;
#3026 = ORIENTED_EDGE ( 'NONE', *, *, #709, .F. ) ;
#3027 = CARTESIAN_POINT ( 'NONE',  ( 1.819999999999999618, 5.156606874731850532, 0.1499999999999999667 ) ) ;
#3028 = CARTESIAN_POINT ( 'NONE',  ( 0.5200000000000000178, 1.369999999999999885, -3.665516011480168146 ) ) ;
#3029 = SURFACE_STYLE_USAGE ( .BOTH. , #5087 ) ;
#3030 = FILL_AREA_STYLE_COLOUR ( '', #5001 ) ;
#3031 = PRESENTATION_STYLE_ASSIGNMENT (( #5068 ) ) ;
#3032 = SURFACE_STYLE_FILL_AREA ( #2656 ) ;
#3033 = EDGE_LOOP ( 'NONE', ( #4605, #3070, #4897, #2143, #1434, #4491, #493, #1880 ) ) ;
#3034 = SURFACE_STYLE_USAGE ( .BOTH. , #4673 ) ;
#3035 = ORIENTED_EDGE ( 'NONE', *, *, #2314, .F. ) ;
#3036 = EDGE_LOOP ( 'NONE', ( #330, #1553, #5089, #3881 ) ) ;
#3037 = FILL_AREA_STYLE_COLOUR ( '', #3150 ) ;
#3038 = PRESENTATION_STYLE_ASSIGNMENT (( #2661 ) ) ;
#3039 = FILL_AREA_STYLE ('',( #1857 ) ) ;
#3040 = DIRECTION ( 'NONE',  ( -1.000000000000000000, 0.000000000000000000, -0.000000000000000000 ) ) ;
#3041 = CARTESIAN_POINT ( 'NONE',  ( -2.020000000000000018, -0.3257586221349297317, 3.665516011480168146 ) ) ;
#3042 = EDGE_CURVE ( 'NONE', #2842, #1892, #748, .T. ) ;
#3043 = ADVANCED_FACE ( 'NONE', ( #343 ), #1617, .F. ) ;
#3044 = LINE ( 'NONE', #1831, #806 ) ;
#3045 = VERTEX_POINT ( 'NONE', #3259 ) ;
#3046 = UNCERTAINTY_MEASURE_WITH_UNIT (LENGTH_MEASURE( 1.000000000000000082E-05 ), #1728, 'distance_accuracy_value', 'NONE');
#3047 = FILL_AREA_STYLE_COLOUR ( '', #499 ) ;
#3048 = PLANE ( 'NONE',  #3998 ) ;
#3049 = UNCERTAINTY_MEASURE_WITH_UNIT (LENGTH_MEASURE( 1.000000000000000082E-05 ), #1309, 'distance_accuracy_value', 'NONE');
#3050 = DIRECTION ( 'NONE',  ( -1.000000000000000000, -0.000000000000000000, 0.000000000000000000 ) ) ;
#3051 = EDGE_CURVE ( 'NONE', #2051, #1613, #3020, .T. ) ;
#3052 = EDGE_LOOP ( 'NONE', ( #679, #4955, #4047, #292 ) ) ;
#3053 = DIRECTION ( 'NONE',  ( -0.2351388393128144572, -0.9430903734495692525, 0.2351388393128075460 ) ) ;
#3054 = LINE ( 'NONE', #3925, #1597 ) ;
#3055 = CARTESIAN_POINT ( 'NONE',  ( 3.274999999999999911, 1.719999999999999973, 2.928844164890265223 ) ) ;
#3056 = MECHANICAL_DESIGN_GEOMETRIC_PRESENTATION_REPRESENTATION (  '', ( #810 ), #1316 ) ;
#3057 = ORIENTED_EDGE ( 'NONE', *, *, #3125, .F. ) ;
#3058 = SURFACE_STYLE_USAGE ( .BOTH. , #312 ) ;
#3059 = ORIENTED_EDGE ( 'NONE', *, *, #1855, .F. ) ;
#3060 = PLANE ( 'NONE',  #3305 ) ;
#3061 = SURFACE_SIDE_STYLE ('',( #1407 ) ) ;
#3062 = DIRECTION ( 'NONE',  ( -1.000000000000000000, 0.000000000000000000, -0.000000000000000000 ) ) ;
#3063 = EDGE_LOOP ( 'NONE', ( #2556, #3578, #4734, #2874 ) ) ;
#3064 =( NAMED_UNIT ( * ) SI_UNIT ( $, .STERADIAN. ) SOLID_ANGLE_UNIT ( ) );
#3065 = MECHANICAL_DESIGN_GEOMETRIC_PRESENTATION_REPRESENTATION (  '', ( #901 ), #3481 ) ;
#3066 = DIRECTION ( 'NONE',  ( 0.000000000000000000, 0.000000000000000000, 1.000000000000000000 ) ) ;
#3067 =( NAMED_UNIT ( * ) PLANE_ANGLE_UNIT ( ) SI_UNIT ( $, .RADIAN. ) );
#3068 = MECHANICAL_DESIGN_GEOMETRIC_PRESENTATION_REPRESENTATION (  '', ( #753 ), #3569 ) ;
#3069 = MECHANICAL_DESIGN_GEOMETRIC_PRESENTATION_REPRESENTATION (  '', ( #2512 ), #2338 ) ;
#3070 = ORIENTED_EDGE ( 'NONE', *, *, #1632, .F. ) ;
#3071 = FACE_OUTER_BOUND ( 'NONE', #677, .T. ) ;
#3072 = CARTESIAN_POINT ( 'NONE',  ( 3.274999999999999911, 1.719999999999999973, 3.339999999999999858 ) ) ;
#3073 = COLOUR_RGB ( '',0.8941176470588234615, 0.9137254901960784048, 0.9294117647058823817 ) ;
#3074 = ORIENTED_EDGE ( 'NONE', *, *, #3780, .F. ) ;
#3075 = DIRECTION ( 'NONE',  ( 1.577021341797095637E-15, -0.9989728343450318127, -0.04531309127232183154 ) ) ;
#3076 = ORIENTED_EDGE ( 'NONE', *, *, #4075, .T. ) ;
#3077 = SURFACE_SIDE_STYLE ('',( #700 ) ) ;
#3078 = PRESENTATION_LAYER_ASSIGNMENT (  '', '', ( #2441 ) ) ;
#3079 = ORIENTED_EDGE ( 'NONE', *, *, #885, .F. ) ;
#3080 = DIRECTION ( 'NONE',  ( -1.000000000000000000, 0.000000000000000000, 0.000000000000000000 ) ) ;
#3081 = CIRCLE ( 'NONE', #1185, 0.2750000000000002998 ) ;
#3082 = CARTESIAN_POINT ( 'NONE',  ( -0.6699999999999997069, 3.370000000000000107, -0.8499999999999995337 ) ) ;
#3084 = DIRECTION ( 'NONE',  ( 0.000000000000000000, 0.9989728343450318127, -0.04531309127232183154 ) ) ;
#3083 = VECTOR ( 'NONE', #4594, 1000.000000000000000 ) ;
#3085 = CARTESIAN_POINT ( 'NONE',  ( 0.5200000000000000178, 1.374531309127232204, -3.765413294914671027 ) ) ;
#3086 = EDGE_CURVE ( 'NONE', #1719, #2909, #78, .T. ) ;
#3087 = SURFACE_STYLE_FILL_AREA ( #3599 ) ;
#3088 = SURFACE_STYLE_FILL_AREA ( #4978 ) ;
#3089 = COLOUR_RGB ( '',1.000000000000000000, 1.000000000000000000, 1.000000000000000000 ) ;
#3090 = STYLED_ITEM ( 'NONE', ( #1519 ), #3491 ) ;
#3091 = ORIENTED_EDGE ( 'NONE', *, *, #2472, .F. ) ;
#3092 = CARTESIAN_POINT ( 'NONE',  ( -0.9949999999999999956, -3.799999999999999822, 4.000128395706870954 ) ) ;
#3093 = ORIENTED_EDGE ( 'NONE', *, *, #3532, .T. ) ;
#3094 = EDGE_CURVE ( 'NONE', #1379, #1121, #4483, .T. ) ;
#3095 =( GEOMETRIC_REPRESENTATION_CONTEXT ( 3 ) GLOBAL_UNCERTAINTY_ASSIGNED_CONTEXT ( ( #2177 ) ) GLOBAL_UNIT_ASSIGNED_CONTEXT ( ( #4048, #1278, #4472 ) ) REPRESENTATION_CONTEXT ( 'NONE', 'WORKASPACE' ) );
#3096 = VECTOR ( 'NONE', #2591, 1000.000000000000227 ) ;
#3097 = CARTESIAN_POINT ( 'NONE',  ( -1.270000000000000018, -3.525282470555116010, 3.987667295606982965 ) ) ;
#3098 = DIRECTION ( 'NONE',  ( 0.000000000000000000, 0.000000000000000000, -1.000000000000000000 ) ) ;
#3099 = DIRECTION ( 'NONE',  ( 1.000000000000000000, 0.000000000000000000, -0.000000000000000000 ) ) ;
#3100 = ADVANCED_FACE ( 'NONE', ( #4556 ), #3737, .F. ) ;
#3101 = EDGE_CURVE ( 'NONE', #2968, #2371, #4112, .T. ) ;
#3102 = ORIENTED_EDGE ( 'NONE', *, *, #638, .T. ) ;
#3103 = DIRECTION ( 'NONE',  ( 1.577021341797095637E-15, -0.9989728343450318127, -0.04531309127232183154 ) ) ;
#3104 = LINE ( 'NONE', #4335, #5019 ) ;
#3105 = LINE ( 'NONE', #3082, #2160 ) ;
#3106 = SURFACE_STYLE_USAGE ( .BOTH. , #1545 ) ;
#3107 = FILL_AREA_STYLE_COLOUR ( '', #4291 ) ;
#3108 = DIRECTION ( 'NONE',  ( -0.000000000000000000, 1.000000000000000000, -0.000000000000000000 ) ) ;
#3109 = FILL_AREA_STYLE ('',( #1548 ) ) ;
#3110 = LINE ( 'NONE', #4730, #4908 ) ;
#3111 = PRESENTATION_STYLE_ASSIGNMENT (( #2572 ) ) ;
#3112 = ORIENTED_EDGE ( 'NONE', *, *, #2581, .F. ) ;
#3113 =( LENGTH_UNIT ( ) NAMED_UNIT ( * ) SI_UNIT ( .MILLI., .METRE. ) );
#3114 = ADVANCED_FACE ( 'NONE', ( #1684 ), #3324, .F. ) ;
#3115 = CARTESIAN_POINT ( 'NONE',  ( -2.020000000000000018, 1.719999999999999973, 2.928844164890265223 ) ) ;
#3116 = VERTEX_POINT ( 'NONE', #875 ) ;
#3117 = CYLINDRICAL_SURFACE ( 'NONE', #319, 0.2750000000000002998 ) ;
#3118 = SURFACE_STYLE_FILL_AREA ( #3553 ) ;
#3119 =( LENGTH_UNIT ( ) NAMED_UNIT ( * ) SI_UNIT ( .MILLI., .METRE. ) );
#3120 = ORIENTED_EDGE ( 'NONE', *, *, #4147, .F. ) ;
#3121 = SURFACE_STYLE_USAGE ( .BOTH. , #3077 ) ;
#3122 = CARTESIAN_POINT ( 'NONE',  ( -0.5200000000000000178, 1.470000000000000195, -3.665516011480168146 ) ) ;
#3123 = ORIENTED_EDGE ( 'NONE', *, *, #4527, .F. ) ;
#3124 = SURFACE_STYLE_FILL_AREA ( #3212 ) ;
#3125 = EDGE_CURVE ( 'NONE', #3857, #4623, #2482, .T. ) ;
#3126 = PRESENTATION_STYLE_ASSIGNMENT (( #706 ) ) ;
#3127 = DIRECTION ( 'NONE',  ( -0.000000000000000000, -0.9989728343450317016, -0.04531309127232078376 ) ) ;
#3128 = EDGE_LOOP ( 'NONE', ( #4934, #2414, #2933, #736, #2120 ) ) ;
#3129 = CIRCLE ( 'NONE', #1818, 0.2750000000000002998 ) ;
#3130 = LINE ( 'NONE', #4835, #4039 ) ;
#3131 = MECHANICAL_DESIGN_GEOMETRIC_PRESENTATION_REPRESENTATION (  '', ( #4834 ), #987 ) ;
#3132 = AXIS2_PLACEMENT_3D ( 'NONE', #3191, #1219, #3619 ) ;
#3133 = DIRECTION ( 'NONE',  ( -0.000000000000000000, -0.000000000000000000, 1.000000000000000000 ) ) ;
#3134 = EDGE_CURVE ( 'NONE', #4008, #3914, #2039, .T. ) ;
#3135 = FILL_AREA_STYLE_COLOUR ( '', #4342 ) ;
#3136 = SURFACE_STYLE_USAGE ( .BOTH. , #3520 ) ;
#3137 = VECTOR ( 'NONE', #3467, 1000.000000000000227 ) ;
#3138 = SURFACE_STYLE_USAGE ( .BOTH. , #1571 ) ;
#3139 = ORIENTED_EDGE ( 'NONE', *, *, #4429, .T. ) ;
#3140 = CIRCLE ( 'NONE', #905, 0.2750000000000002998 ) ;
#3141 = UNCERTAINTY_MEASURE_WITH_UNIT (LENGTH_MEASURE( 1.000000000000000082E-05 ), #2501, 'distance_accuracy_value', 'NONE');
#3142 = FILL_AREA_STYLE ('',( #2444 ) ) ;
#3143 = CARTESIAN_POINT ( 'NONE',  ( -1.819999999999999840, 5.156606874731850532, -0.8499999999999999778 ) ) ;
#3144 = VERTEX_POINT ( 'NONE', #3899 ) ;
#3145 = COLOUR_RGB ( '',0.8941176470588234615, 0.9137254901960784048, 0.9294117647058823817 ) ;
#3146 =( LENGTH_UNIT ( ) NAMED_UNIT ( * ) SI_UNIT ( .MILLI., .METRE. ) );
#3147 = SURFACE_SIDE_STYLE ('',( #1577 ) ) ;
#3148 = VECTOR ( 'NONE', #3024, 999.9999999999998863 ) ;
#3149 = EDGE_CURVE ( 'NONE', #2614, #553, #1106, .T. ) ;
#3150 = COLOUR_RGB ( '',0.8941176470588234615, 0.9137254901960784048, 0.9294117647058823817 ) ;
#3151 = PLANE ( 'NONE',  #3759 ) ;
#3152 = SURFACE_STYLE_USAGE ( .BOTH. , #2340 ) ;
#3153 = LINE ( 'NONE', #4828, #2291 ) ;
#3154 = PRESENTATION_LAYER_ASSIGNMENT (  '', '', ( #2515 ) ) ;
#3155 = ORIENTED_EDGE ( 'NONE', *, *, #1985, .F. ) ;
#3156 = DIRECTION ( 'NONE',  ( -0.000000000000000000, 2.713884735720118648E-16, -1.000000000000000000 ) ) ;
#3157 = LINE ( 'NONE', #4333, #3270 ) ;
#3158 = MECHANICAL_DESIGN_GEOMETRIC_PRESENTATION_REPRESENTATION (  '', ( #4931 ), #2671 ) ;
#3159 = DIRECTION ( 'NONE',  ( 0.000000000000000000, 0.000000000000000000, -1.000000000000000000 ) ) ;
#3160 = VERTEX_POINT ( 'NONE', #1498 ) ;
#3161 = CIRCLE ( 'NONE', #4178, 0.1000000000000002554 ) ;
#3162 = CARTESIAN_POINT ( 'NONE',  ( 0.9949999999999999956, -3.525282470555116898, 3.987667295606982965 ) ) ;
#3163 = EDGE_CURVE ( 'NONE', #1786, #805, #3441, .T. ) ;
#3164 =( GEOMETRIC_REPRESENTATION_CONTEXT ( 3 ) GLOBAL_UNCERTAINTY_ASSIGNED_CONTEXT ( ( #488 ) ) GLOBAL_UNIT_ASSIGNED_CONTEXT ( ( #1087, #1507, #2244 ) ) REPRESENTATION_CONTEXT ( 'NONE', 'WORKASPACE' ) );
#3165 = CARTESIAN_POINT ( 'NONE',  ( 0.5200000000000002398, 3.370000000000000107, 1.810000000000000053 ) ) ;
#3166 = LINE ( 'NONE', #2787, #2914 ) ;
#3167 = AXIS2_PLACEMENT_3D ( 'NONE', #1706, #505, #2554 ) ;
#3168 =( NAMED_UNIT ( * ) SI_UNIT ( $, .STERADIAN. ) SOLID_ANGLE_UNIT ( ) );
#3169 = ORIENTED_EDGE ( 'NONE', *, *, #3422, .T. ) ;
#3170 = EDGE_CURVE ( 'NONE', #694, #3309, #2866, .T. ) ;
#3171 = CLOSED_SHELL ( 'NONE', ( #3656, #4067, #1646, #3287, #2883, #3657, #1208, #1708, #2147, #2001, #3187, #45, #4692, #603, #839 ) ) ;
#3172 = PRESENTATION_LAYER_ASSIGNMENT (  '', '', ( #1098 ) ) ;
#3173 =( GEOMETRIC_REPRESENTATION_CONTEXT ( 3 ) GLOBAL_UNCERTAINTY_ASSIGNED_CONTEXT ( ( #2075 ) ) GLOBAL_UNIT_ASSIGNED_CONTEXT ( ( #4250, #1083, #372 ) ) REPRESENTATION_CONTEXT ( 'NONE', 'WORKASPACE' ) );
#3174 = PRESENTATION_LAYER_ASSIGNMENT (  '', '', ( #3425 ) ) ;
#3175 = FILL_AREA_STYLE ('',( #2413 ) ) ;
#3176 = EDGE_LOOP ( 'NONE', ( #2851, #3725, #5120, #421 ) ) ;
#3177 =( LENGTH_UNIT ( ) NAMED_UNIT ( * ) SI_UNIT ( .MILLI., .METRE. ) );
#3178 = STYLED_ITEM ( 'NONE', ( #4657 ), #2574 ) ;
#3179 = STYLED_ITEM ( 'NONE', ( #5028 ), #3490 ) ;
#3180 =( LENGTH_UNIT ( ) NAMED_UNIT ( * ) SI_UNIT ( .MILLI., .METRE. ) );
#3181 = FILL_AREA_STYLE ('',( #3973 ) ) ;
#3182 = SURFACE_STYLE_FILL_AREA ( #3683 ) ;
#3183 = COLOUR_RGB ( '',0.8941176470588234615, 0.9137254901960784048, 0.9294117647058823817 ) ;
#3184 = VECTOR ( 'NONE', #1360, 1000.000000000000000 ) ;
#3185 = DIRECTION ( 'NONE',  ( -1.000000000000000000, -0.000000000000000000, -0.000000000000000000 ) ) ;
#3186 = ORIENTED_EDGE ( 'NONE', *, *, #4136, .T. ) ;
#3187 = ADVANCED_FACE ( 'NONE', ( #3846 ), #2234, .T. ) ;
#3188 = PLANE ( 'NONE',  #4604 ) ;
#3189 = LINE ( 'NONE', #1585, #4631 ) ;
#3190 = AXIS2_PLACEMENT_3D ( 'NONE', #1373, #4467, #2573 ) ;
#3191 = CARTESIAN_POINT ( 'NONE',  ( -9.986549746519054693, 3.020000000000000018, -3.339999999999999858 ) ) ;
#3192 = ORIENTED_EDGE ( 'NONE', *, *, #1907, .F. ) ;
#3193 = COLOUR_RGB ( '',0.8941176470588234615, 0.9137254901960784048, 0.9294117647058823817 ) ;
#3194 = CARTESIAN_POINT ( 'NONE',  ( 0.5200000000000000178, 1.719999999999999973, 2.928844164890265223 ) ) ;
#3195 = LINE ( 'NONE', #4415, #2192 ) ;
#3196 = DIRECTION ( 'NONE',  ( 0.000000000000000000, 0.04531309127232079070, 0.9989728343450319237 ) ) ;
#3197 = UNCERTAINTY_MEASURE_WITH_UNIT (LENGTH_MEASURE( 1.000000000000000082E-05 ), #406, 'distance_accuracy_value', 'NONE');
#3198 = LINE ( 'NONE', #4816, #2195 ) ;
#3199 = EDGE_CURVE ( 'NONE', #4100, #2968, #4645, .T. ) ;
#3200 = ADVANCED_FACE ( 'NONE', ( #2704 ), #2313, .F. ) ;
#3201 = UNCERTAINTY_MEASURE_WITH_UNIT (LENGTH_MEASURE( 1.000000000000000082E-05 ), #3410, 'distance_accuracy_value', 'NONE');
#3202 = EDGE_CURVE ( 'NONE', #1729, #4419, #2768, .T. ) ;
#3203 = FILL_AREA_STYLE ('',( #1155 ) ) ;
#3204 = VERTEX_POINT ( 'NONE', #3205 ) ;
#3205 = CARTESIAN_POINT ( 'NONE',  ( -2.377847908131887955, 3.669999999999999929, 2.457488747160203157 ) ) ;
#3206 = UNCERTAINTY_MEASURE_WITH_UNIT (LENGTH_MEASURE( 1.000000000000000082E-05 ), #159, 'distance_accuracy_value', 'NONE');
#3207 = EDGE_CURVE ( 'NONE', #694, #3274, #2820, .T. ) ;
#3208 =( NAMED_UNIT ( * ) PLANE_ANGLE_UNIT ( ) SI_UNIT ( $, .RADIAN. ) );
#3209 = DIRECTION ( 'NONE',  ( -0.8660254037844400399, -0.4999999999999975020, 0.000000000000000000 ) ) ;
#3210 = CARTESIAN_POINT ( 'NONE',  ( 1.270000000000000018, -3.525282470555116010, 3.987667295606982965 ) ) ;
#3211 = CARTESIAN_POINT ( 'NONE',  ( 2.020000000000000018, 1.369999999999999885, -3.665516011480168146 ) ) ;
#3212 = FILL_AREA_STYLE ('',( #2399 ) ) ;
#3213 = CARTESIAN_POINT ( 'NONE',  ( -0.5200000000000000178, 1.374531309127232204, 3.765413294914671027 ) ) ;
#3214 = DIRECTION ( 'NONE',  ( 0.000000000000000000, 0.000000000000000000, 1.000000000000000000 ) ) ;
#3215 = VERTEX_POINT ( 'NONE', #448 ) ;
#3216 = MECHANICAL_DESIGN_GEOMETRIC_PRESENTATION_REPRESENTATION (  '', ( #732 ), #128 ) ;
#3217 =( LENGTH_UNIT ( ) NAMED_UNIT ( * ) SI_UNIT ( .MILLI., .METRE. ) );
#3218 = ADVANCED_FACE ( 'NONE', ( #2796 ), #1555, .T. ) ;
#3219 = ORIENTED_EDGE ( 'NONE', *, *, #1265, .F. ) ;
#3220 =( NAMED_UNIT ( * ) PLANE_ANGLE_UNIT ( ) SI_UNIT ( $, .RADIAN. ) );
#3221 = SURFACE_SIDE_STYLE ('',( #4842 ) ) ;
#3222 = ORIENTED_EDGE ( 'NONE', *, *, #3101, .T. ) ;
#3223 = PRESENTATION_STYLE_ASSIGNMENT (( #1983 ) ) ;
#3224 = CARTESIAN_POINT ( 'NONE',  ( 0.7199999999999996403, 3.669999999999999929, 0.1499999999999999667 ) ) ;
#3225 = CARTESIAN_POINT ( 'NONE',  ( 2.020000000000000018, 1.369999999999999885, 3.665516011480168146 ) ) ;
#3226 = EDGE_LOOP ( 'NONE', ( #1158, #944, #2741, #2475 ) ) ;
#3227 = SURFACE_SIDE_STYLE ('',( #4849 ) ) ;
#3228 = LINE ( 'NONE', #871, #4868 ) ;
#3229 = FILL_AREA_STYLE ('',( #2451 ) ) ;
#3230 = SURFACE_STYLE_FILL_AREA ( #1656 ) ;
#3231 = DIRECTION ( 'NONE',  ( 0.000000000000000000, -0.04531309127232063111, -0.9989728343450318127 ) ) ;
#3232 = ORIENTED_EDGE ( 'NONE', *, *, #165, .F. ) ;
#3233 = SURFACE_SIDE_STYLE ('',( #895 ) ) ;
#3234 =( LENGTH_UNIT ( ) NAMED_UNIT ( * ) SI_UNIT ( .MILLI., .METRE. ) );
#3235 = FILL_AREA_STYLE_COLOUR ( '', #1500 ) ;
#3236 = LINE ( 'NONE', #2806, #4667 ) ;
#3237 = ORIENTED_EDGE ( 'NONE', *, *, #2326, .F. ) ;
#3238 = COLOUR_RGB ( '',0.7921568627450980005, 0.8196078431372548767, 0.9333333333333333481 ) ;
#3239 = AXIS2_PLACEMENT_3D ( 'NONE', #1557, #768, #3075 ) ;
#3240 = CARTESIAN_POINT ( 'NONE',  ( 0.6699999999999997069, 3.070000000000000284, -0.8499999999999999778 ) ) ;
#3241 = FACE_OUTER_BOUND ( 'NONE', #3407, .T. ) ;
#3242 = AXIS2_PLACEMENT_3D ( 'NONE', #2773, #3876, #2339 ) ;
#3243 = DIRECTION ( 'NONE',  ( -0.2419218955996715048, -0.9702957262759955848, 0.000000000000000000 ) ) ;
#3244 =( GEOMETRIC_REPRESENTATION_CONTEXT ( 3 ) GLOBAL_UNCERTAINTY_ASSIGNED_CONTEXT ( ( #4271 ) ) GLOBAL_UNIT_ASSIGNED_CONTEXT ( ( #2715, #320, #756 ) ) REPRESENTATION_CONTEXT ( 'NONE', 'WORKASPACE' ) );
#3245 =( LENGTH_UNIT ( ) NAMED_UNIT ( * ) SI_UNIT ( .MILLI., .METRE. ) );
#3246 = FACE_OUTER_BOUND ( 'NONE', #3889, .T. ) ;
#3247 = ORIENTED_EDGE ( 'NONE', *, *, #3163, .F. ) ;
#3248 = SURFACE_SIDE_STYLE ('',( #1357 ) ) ;
#3249 = LINE ( 'NONE', #2470, #4785 ) ;
#3250 = AXIS2_PLACEMENT_3D ( 'NONE', #3143, #649, #1814 ) ;
#3251 = VERTEX_POINT ( 'NONE', #2448 ) ;
#3252 = EDGE_LOOP ( 'NONE', ( #2795, #3886, #2748, #1629 ) ) ;
#3253 = LINE ( 'NONE', #2944, #2942 ) ;
#3254 = UNCERTAINTY_MEASURE_WITH_UNIT (LENGTH_MEASURE( 1.000000000000000082E-05 ), #3880, 'distance_accuracy_value', 'NONE');
#3255 = FACE_OUTER_BOUND ( 'NONE', #2320, .T. ) ;
#3256 = CARTESIAN_POINT ( 'NONE',  ( -0.5200000000000000178, 1.719999999999999973, 2.928844164890265223 ) ) ;
#3257 = EDGE_CURVE ( 'NONE', #2686, #1478, #841, .T. ) ;
#3258 = LINE ( 'NONE', #794, #3504 ) ;
#3259 = CARTESIAN_POINT ( 'NONE',  ( -0.9949999999999999956, -3.513954197737036544, -4.237410504193240612 ) ) ;
#3260 = AXIS2_PLACEMENT_3D ( 'NONE', #3455, #4337, #2349 ) ;
#3261 = DIRECTION ( 'NONE',  ( -0.000000000000000000, -0.9702957262759976942, 0.2419218955996630949 ) ) ;
#3262 = EDGE_CURVE ( 'NONE', #3512, #2744, #3922, .T. ) ;
#3263 = ADVANCED_FACE ( 'NONE', ( #2415 ), #4718, .F. ) ;
#3264 = CARTESIAN_POINT ( 'NONE',  ( 1.545000000000000595, -0.5999999999999998668, -4.249871604293129046 ) ) ;
#3265 = ORIENTED_EDGE ( 'NONE', *, *, #107, .F. ) ;
#3266 = EDGE_CURVE ( 'NONE', #366, #2800, #5138, .T. ) ;
#3267 = AXIS2_PLACEMENT_3D ( 'NONE', #1788, #973, #587 ) ;
#3268 = MECHANICAL_DESIGN_GEOMETRIC_PRESENTATION_REPRESENTATION (  '', ( #5122 ), #1953 ) ;
#3269 = VERTEX_POINT ( 'NONE', #467 ) ;
#3270 = VECTOR ( 'NONE', #2829, 1000.000000000000000 ) ;
#3271 = LINE ( 'NONE', #2882, #2731 ) ;
#3272 = CARTESIAN_POINT ( 'NONE',  ( 2.020000000000000018, 1.470000000000000195, 2.866512164179471522 ) ) ;
#3273 = SURFACE_STYLE_FILL_AREA ( #173 ) ;
#3274 = VERTEX_POINT ( 'NONE', #50 ) ;
#3275 = ORIENTED_EDGE ( 'NONE', *, *, #718, .F. ) ;
#3276 = CARTESIAN_POINT ( 'NONE',  ( 2.020000000000000018, 1.470000000000000417, 3.665516011480168146 ) ) ;
#3277 = FILL_AREA_STYLE ('',( #470 ) ) ;
#3278 =( NAMED_UNIT ( * ) PLANE_ANGLE_UNIT ( ) SI_UNIT ( $, .RADIAN. ) );
#3279 = DIRECTION ( 'NONE',  ( 0.000000000000000000, -0.04531309127232063111, 0.9989728343450318127 ) ) ;
#3280 = FILL_AREA_STYLE_COLOUR ( '', #1174 ) ;
#3281 = CARTESIAN_POINT ( 'NONE',  ( 2.020000000000000018, 1.385859581945312113, -4.015156503500930008 ) ) ;
#3282 = EDGE_LOOP ( 'NONE', ( #5070, #793, #1875, #642 ) ) ;
#3283 = CARTESIAN_POINT ( 'NONE',  ( -1.270000000000000018, -3.513954197737035656, 4.237410504193240612 ) ) ;
#3284 = DIRECTION ( 'NONE',  ( 0.000000000000000000, -0.000000000000000000, 1.000000000000000000 ) ) ;
#3285 = CARTESIAN_POINT ( 'NONE',  ( -0.5200000000000000178, 1.369999999999999885, 3.665516011480168146 ) ) ;
#3286 = ORIENTED_EDGE ( 'NONE', *, *, #3340, .T. ) ;
#3287 = ADVANCED_FACE ( 'NONE', ( #3633 ), #2852, .F. ) ;
#3288 =( NAMED_UNIT ( * ) PLANE_ANGLE_UNIT ( ) SI_UNIT ( $, .RADIAN. ) );
#3289 =( NAMED_UNIT ( * ) PLANE_ANGLE_UNIT ( ) SI_UNIT ( $, .RADIAN. ) );
#3290 = LINE ( 'NONE', #4523, #3424 ) ;
#3291 = FACE_OUTER_BOUND ( 'NONE', #288, .T. ) ;
#3292 = MECHANICAL_DESIGN_GEOMETRIC_PRESENTATION_REPRESENTATION (  '', ( #3814 ), #5162 ) ;
#3293 = STYLED_ITEM ( 'NONE', ( #3784 ), #4377 ) ;
#3294 =( NAMED_UNIT ( * ) SI_UNIT ( $, .STERADIAN. ) SOLID_ANGLE_UNIT ( ) );
#3295 = UNCERTAINTY_MEASURE_WITH_UNIT (LENGTH_MEASURE( 1.000000000000000082E-05 ), #1469, 'distance_accuracy_value', 'NONE');
#3296 = PRESENTATION_STYLE_ASSIGNMENT (( #1342 ) ) ;
#3297 = VERTEX_POINT ( 'NONE', #1504 ) ;
#3298 = COLOUR_RGB ( '',0.8941176470588234615, 0.9137254901960784048, 0.9294117647058823817 ) ;
#3299 = PRESENTATION_STYLE_ASSIGNMENT (( #555 ) ) ;
#3300 = DIRECTION ( 'NONE',  ( 0.000000000000000000, 0.000000000000000000, -1.000000000000000000 ) ) ;
#3301 = EDGE_CURVE ( 'NONE', #3204, #3297, #675, .T. ) ;
#3302 = EDGE_LOOP ( 'NONE', ( #2651, #3931, #4146, #233 ) ) ;
#3303 = DIRECTION ( 'NONE',  ( 0.000000000000000000, 0.000000000000000000, 1.000000000000000000 ) ) ;
#3304 = LINE ( 'NONE', #1508, #1286 ) ;
#3305 = AXIS2_PLACEMENT_3D ( 'NONE', #1243, #2781, #6 ) ;
#3306 = SURFACE_SIDE_STYLE ('',( #630 ) ) ;
#3307 = LINE ( 'NONE', #631, #1663 ) ;
#3308 = MECHANICAL_DESIGN_GEOMETRIC_PRESENTATION_REPRESENTATION (  '', ( #755 ), #4680 ) ;
#3309 = VERTEX_POINT ( 'NONE', #2242 ) ;
#3310 = EDGE_CURVE ( 'NONE', #3718, #3823, #3825, .T. ) ;
#3311 = DIRECTION ( 'NONE',  ( 0.000000000000000000, 0.000000000000000000, -1.000000000000000000 ) ) ;
#3312 = SURFACE_STYLE_USAGE ( .BOTH. , #990 ) ;
#3313 = VECTOR ( 'NONE', #1135, 1000.000000000000000 ) ;
#3314 = LINE ( 'NONE', #2562, #3184 ) ;
#3315 = CARTESIAN_POINT ( 'NONE',  ( 1.545000000000000817, -0.5999999999999998668, -4.105234464979930387 ) ) ;
#3316 = STYLED_ITEM ( 'NONE', ( #1059 ), #1064 ) ;
#3317 = SURFACE_STYLE_FILL_AREA ( #525 ) ;
#3318 = VECTOR ( 'NONE', #1408, 1000.000000000000000 ) ;
#3319 = CARTESIAN_POINT ( 'NONE',  ( 3.274999999999999911, 3.020000000000000018, 3.339999999999999858 ) ) ;
#3320 =( NAMED_UNIT ( * ) PLANE_ANGLE_UNIT ( ) SI_UNIT ( $, .RADIAN. ) );
#3321 = AXIS2_PLACEMENT_3D ( 'NONE', #101, #3279, #4904 ) ;
#3322 = CARTESIAN_POINT ( 'NONE',  ( 0.6699999999999997069, 3.070000000000000284, 0.8499999999999999778 ) ) ;
#3323 = EDGE_LOOP ( 'NONE', ( #1015, #2300, #623, #3487 ) ) ;
#3324 = PLANE ( 'NONE',  #3190 ) ;
#3325 = COLOUR_RGB ( '',0.8941176470588234615, 0.9137254901960784048, 0.9294117647058823817 ) ;
#3326 = PRESENTATION_LAYER_ASSIGNMENT (  '', '', ( #769 ) ) ;
#3327 = SURFACE_STYLE_FILL_AREA ( #925 ) ;
#3328 = ORIENTED_EDGE ( 'NONE', *, *, #3086, .F. ) ;
#3329 = EDGE_CURVE ( 'NONE', #1739, #263, #5091, .T. ) ;
#3330 =( GEOMETRIC_REPRESENTATION_CONTEXT ( 3 ) GLOBAL_UNCERTAINTY_ASSIGNED_CONTEXT ( ( #4053 ) ) GLOBAL_UNIT_ASSIGNED_CONTEXT ( ( #5039, #3000, #1395 ) ) REPRESENTATION_CONTEXT ( 'NONE', 'WORKASPACE' ) );
#3331 = FILL_AREA_STYLE ('',( #1765 ) ) ;
#3332 = ORIENTED_EDGE ( 'NONE', *, *, #3593, .F. ) ;
#3333 = DIRECTION ( 'NONE',  ( 1.000000000000000000, -0.000000000000000000, -0.000000000000000000 ) ) ;
#3334 = DIRECTION ( 'NONE',  ( 0.2351388393128144572, -0.9430903734495692525, -0.2351388393128075460 ) ) ;
#3335 = DIRECTION ( 'NONE',  ( 0.000000000000000000, 0.9702957262759975832, -0.2419218955996630394 ) ) ;
#3336 =( GEOMETRIC_REPRESENTATION_CONTEXT ( 3 ) GLOBAL_UNCERTAINTY_ASSIGNED_CONTEXT ( ( #2121 ) ) GLOBAL_UNIT_ASSIGNED_CONTEXT ( ( #4073, #3342, #3757 ) ) REPRESENTATION_CONTEXT ( 'NONE', 'WORKASPACE' ) );
#3337 = PRESENTATION_LAYER_ASSIGNMENT (  '', '', ( #1623 ) ) ;
#3338 = PLANE ( 'NONE',  #1574 ) ;
#3339 = ORIENTED_EDGE ( 'NONE', *, *, #2110, .F. ) ;
#3340 = EDGE_CURVE ( 'NONE', #4288, #2232, #3446, .T. ) ;
#3341 = MECHANICAL_DESIGN_GEOMETRIC_PRESENTATION_REPRESENTATION (  '', ( #22 ), #2862 ) ;
#3342 =( NAMED_UNIT ( * ) PLANE_ANGLE_UNIT ( ) SI_UNIT ( $, .RADIAN. ) );
#3343 = AXIS2_PLACEMENT_3D ( 'NONE', #3817, #3002, #1077 ) ;
#3344 = DIRECTION ( 'NONE',  ( 0.000000000000000000, 0.000000000000000000, 1.000000000000000000 ) ) ;
#3345 = PLANE ( 'NONE',  #785 ) ;
#3346 = EDGE_CURVE ( 'NONE', #4742, #1478, #4670, .T. ) ;
#3347 = EDGE_CURVE ( 'NONE', #3379, #1786, #2634, .T. ) ;
#3348 = CARTESIAN_POINT ( 'NONE',  ( -1.545000000000000817, 1.385859581945311891, -4.015156503500930008 ) ) ;
#3349 = UNCERTAINTY_MEASURE_WITH_UNIT (LENGTH_MEASURE( 1.000000000000000082E-05 ), #5161, 'distance_accuracy_value', 'NONE');
#3350 = CARTESIAN_POINT ( 'NONE',  ( 0.6699999999999997069, 3.370000000000000107, -0.8499999999999999778 ) ) ;
#3351 = ORIENTED_EDGE ( 'NONE', *, *, #4106, .F. ) ;
#3352 = DIRECTION ( 'NONE',  ( -0.000000000000000000, -0.000000000000000000, -1.000000000000000000 ) ) ;
#3353 = SURFACE_SIDE_STYLE ('',( #152 ) ) ;
#3354 = ADVANCED_FACE ( 'NONE', ( #3800 ), #4990, .F. ) ;
#3355 = SURFACE_STYLE_FILL_AREA ( #4557 ) ;
#3356 = FILL_AREA_STYLE ('',( #1375 ) ) ;
#3357 = VERTEX_POINT ( 'NONE', #1432 ) ;
#3358 = SURFACE_SIDE_STYLE ('',( #188 ) ) ;
#3359 = SURFACE_SIDE_STYLE ('',( #1085 ) ) ;
#3360 = ORIENTED_EDGE ( 'NONE', *, *, #4971, .F. ) ;
#3361 = DIRECTION ( 'NONE',  ( -0.000000000000000000, 1.000000000000000000, 2.713884735720118648E-16 ) ) ;
#3362 = FILL_AREA_STYLE_COLOUR ( '', #3432 ) ;
#3363 = DIRECTION ( 'NONE',  ( -1.000000000000000000, 0.000000000000000000, 0.000000000000000000 ) ) ;
#3364 = LINE ( 'NONE', #1039, #3318 ) ;
#3365 = EDGE_LOOP ( 'NONE', ( #2982, #4848, #4643, #4316 ) ) ;
#3366 =( LENGTH_UNIT ( ) NAMED_UNIT ( * ) SI_UNIT ( .MILLI., .METRE. ) );
#3367 = CARTESIAN_POINT ( 'NONE',  ( -2.377847908131887955, 3.669999999999999929, 2.457488747160203157 ) ) ;
#3368 = LINE ( 'NONE', #1447, #325 ) ;
#3369 = AXIS2_PLACEMENT_3D ( 'NONE', #4023, #1601, #41 ) ;
#3370 = CARTESIAN_POINT ( 'NONE',  ( -0.5200000000000000178, -0.3257586221349297317, 3.842537907512574957 ) ) ;
#3371 = FILL_AREA_STYLE_COLOUR ( '', #4503 ) ;
#3372 =( LENGTH_UNIT ( ) NAMED_UNIT ( * ) SI_UNIT ( .MILLI., .METRE. ) );
#3373 = ORIENTED_EDGE ( 'NONE', *, *, #945, .T. ) ;
#3374 = DIRECTION ( 'NONE',  ( 0.000000000000000000, 0.000000000000000000, 1.000000000000000000 ) ) ;
#3375 = EDGE_CURVE ( 'NONE', #3861, #4066, #4226, .T. ) ;
#3376 = PRESENTATION_LAYER_ASSIGNMENT (  '', '', ( #2155 ) ) ;
#3377 = DIRECTION ( 'NONE',  ( 0.000000000000000000, -0.000000000000000000, -1.000000000000000000 ) ) ;
#3378 = PLANE ( 'NONE',  #1830 ) ;
#3379 = VERTEX_POINT ( 'NONE', #2270 ) ;
#3380 = CYLINDRICAL_SURFACE ( 'NONE', #2342, 0.1000000000000002554 ) ;
#3381 = MECHANICAL_DESIGN_GEOMETRIC_PRESENTATION_REPRESENTATION (  '', ( #2441 ), #2411 ) ;
#3382 = LINE ( 'NONE', #3092, #1935 ) ;
#3383 = DIRECTION ( 'NONE',  ( 1.000000000000000000, 0.000000000000000000, -0.000000000000000000 ) ) ;
#3384 = ORIENTED_EDGE ( 'NONE', *, *, #1274, .F. ) ;
#3385 = VERTEX_POINT ( 'NONE', #4253 ) ;
#3386 = DIRECTION ( 'NONE',  ( 0.000000000000000000, -2.713884735720118648E-16, 1.000000000000000000 ) ) ;
#3387 = SURFACE_STYLE_FILL_AREA ( #2683 ) ;
#3388 = COLOUR_RGB ( '',0.8941176470588234615, 0.9137254901960784048, 0.9294117647058823817 ) ;
#3389 = FILL_AREA_STYLE ('',( #2117 ) ) ;
#3390 =( NAMED_UNIT ( * ) PLANE_ANGLE_UNIT ( ) SI_UNIT ( $, .RADIAN. ) );
#3391 =( LENGTH_UNIT ( ) NAMED_UNIT ( * ) SI_UNIT ( .MILLI., .METRE. ) );
#3392 = EDGE_LOOP ( 'NONE', ( #1061, #3812, #2427, #2701 ) ) ;
#3393 = MECHANICAL_DESIGN_GEOMETRIC_PRESENTATION_REPRESENTATION (  '', ( #3090 ), #668 ) ;
#3394 = LINE ( 'NONE', #115, #3687 ) ;
#3395 = STYLED_ITEM ( 'NONE', ( #1524 ), #498 ) ;
#3396 = DIRECTION ( 'NONE',  ( -0.000000000000000000, 0.000000000000000000, -1.000000000000000000 ) ) ;
#3397 = CARTESIAN_POINT ( 'NONE',  ( -0.9949999999999995515, -0.5999999999999998668, -4.249871604293129046 ) ) ;
#3399 = DIRECTION ( 'NONE',  ( 0.000000000000000000, 0.000000000000000000, 1.000000000000000000 ) ) ;
#3398 = MECHANICAL_DESIGN_GEOMETRIC_PRESENTATION_REPRESENTATION (  '', ( #4590 ), #4349 ) ;
#3400 = PRESENTATION_LAYER_ASSIGNMENT (  '', '', ( #1426 ) ) ;
#3401 = AXIS2_PLACEMENT_3D ( 'NONE', #1621, #2004, #4808 ) ;
#3402 = UNCERTAINTY_MEASURE_WITH_UNIT (LENGTH_MEASURE( 1.000000000000000082E-05 ), #2929, 'distance_accuracy_value', 'NONE');
#3403 = VECTOR ( 'NONE', #4341, 1000.000000000000000 ) ;
#3404 = CARTESIAN_POINT ( 'NONE',  ( 0.000000000000000000, 3.370000000000000107, 0.000000000000000000 ) ) ;
#3405 = ORIENTED_EDGE ( 'NONE', *, *, #2834, .T. ) ;
#3406 =( NAMED_UNIT ( * ) PLANE_ANGLE_UNIT ( ) SI_UNIT ( $, .RADIAN. ) );
#3407 = EDGE_LOOP ( 'NONE', ( #5106, #2739, #1691, #4819 ) ) ;
#3408 = DIRECTION ( 'NONE',  ( 0.000000000000000000, 0.000000000000000000, 1.000000000000000000 ) ) ;
#3409 = MECHANICAL_DESIGN_GEOMETRIC_PRESENTATION_REPRESENTATION (  '', ( #2 ), #1181 ) ;
#3410 =( LENGTH_UNIT ( ) NAMED_UNIT ( * ) SI_UNIT ( .MILLI., .METRE. ) );
#3411 = VECTOR ( 'NONE', #1132, 1000.000000000000000 ) ;
#3412 = FACE_OUTER_BOUND ( 'NONE', #840, .T. ) ;
#3413 = FILL_AREA_STYLE_COLOUR ( '', #2532 ) ;
#3414 = CARTESIAN_POINT ( 'NONE',  ( -1.545000000000000595, -0.6000000000000003109, 4.105234464979931275 ) ) ;
#3415 = DIRECTION ( 'NONE',  ( 0.8658027586716575685, 0.4998714557841987816, -0.02267401086559878154 ) ) ;
#3416 = ORIENTED_EDGE ( 'NONE', *, *, #1594, .T. ) ;
#3417 = SURFACE_SIDE_STYLE ('',( #3882 ) ) ;
#3418 = EDGE_LOOP ( 'NONE', ( #4424, #3957, #2923, #3351 ) ) ;
#3419 = STYLED_ITEM ( 'NONE', ( #880 ), #1565 ) ;
#3420 = ORIENTED_EDGE ( 'NONE', *, *, #4817, .T. ) ;
#3421 = ADVANCED_FACE ( 'NONE', ( #3852 ), #963, .F. ) ;
#3422 = EDGE_CURVE ( 'NONE', #4322, #4809, #1467, .T. ) ;
#3423 = SURFACE_SIDE_STYLE ('',( #4628 ) ) ;
#3424 = VECTOR ( 'NONE', #3344, 1000.000000000000000 ) ;
#3425 = STYLED_ITEM ( 'NONE', ( #454 ), #2164 ) ;
#3426 = DIRECTION ( 'NONE',  ( -1.000000000000000000, -0.000000000000000000, 0.000000000000000000 ) ) ;
#3427 = SURFACE_SIDE_STYLE ('',( #2325 ) ) ;
#3428 =( GEOMETRIC_REPRESENTATION_CONTEXT ( 3 ) GLOBAL_UNCERTAINTY_ASSIGNED_CONTEXT ( ( #4384 ) ) GLOBAL_UNIT_ASSIGNED_CONTEXT ( ( #2643, #711, #1042 ) ) REPRESENTATION_CONTEXT ( 'NONE', 'WORKASPACE' ) );
#3429 = COLOUR_RGB ( '',1.000000000000000000, 0.1686274509803921684, 0.1686274509803921684 ) ;
#3430 = EDGE_CURVE ( 'NONE', #2179, #4390, #1068, .T. ) ;
#3431 = DIRECTION ( 'NONE',  ( -0.000000000000000000, -1.000000000000000000, -0.000000000000000000 ) ) ;
#3432 = COLOUR_RGB ( '',1.000000000000000000, 0.1686274509803921684, 0.1686274509803921684 ) ;
#3433 = PRESENTATION_LAYER_ASSIGNMENT (  '', '', ( #4040 ) ) ;
#3434 = PRESENTATION_STYLE_ASSIGNMENT (( #2228 ) ) ;
#3435 = ORIENTED_EDGE ( 'NONE', *, *, #3301, .T. ) ;
#3436 = CARTESIAN_POINT ( 'NONE',  ( 1.270000000000000018, -3.788671727181919469, -4.249871604293129046 ) ) ;
#3437 = SURFACE_STYLE_FILL_AREA ( #3459 ) ;
#3438 =( NAMED_UNIT ( * ) SI_UNIT ( $, .STERADIAN. ) SOLID_ANGLE_UNIT ( ) );
#3439 = COLOUR_RGB ( '',0.8941176470588234615, 0.9137254901960784048, 0.9294117647058823817 ) ;
#3440 = ORIENTED_EDGE ( 'NONE', *, *, #2041, .T. ) ;
#3441 = LINE ( 'NONE', #1052, #359 ) ;
#3442 = EDGE_CURVE ( 'NONE', #1892, #1898, #2563, .T. ) ;
#3443 = DIRECTION ( 'NONE',  ( 0.000000000000000000, 1.000000000000000000, 0.000000000000000000 ) ) ;
#3444 = DIRECTION ( 'NONE',  ( 0.000000000000000000, 0.000000000000000000, 1.000000000000000000 ) ) ;
#3445 =( LENGTH_UNIT ( ) NAMED_UNIT ( * ) SI_UNIT ( .MILLI., .METRE. ) );
#3446 = LINE ( 'NONE', #4280, #4034 ) ;
#3447 = VERTEX_POINT ( 'NONE', #3315 ) ;
#3448 = DIRECTION ( 'NONE',  ( 0.000000000000000000, 0.000000000000000000, 1.000000000000000000 ) ) ;
#3449 = LINE ( 'NONE', #5071, #4044 ) ;
#3450 = ORIENTED_EDGE ( 'NONE', *, *, #4214, .T. ) ;
#3451 = ORIENTED_EDGE ( 'NONE', *, *, #3202, .T. ) ;
#3452 = FILL_AREA_STYLE ('',( #4172 ) ) ;
#3453 =( NAMED_UNIT ( * ) PLANE_ANGLE_UNIT ( ) SI_UNIT ( $, .RADIAN. ) );
#3454 = ORIENTED_EDGE ( 'NONE', *, *, #2732, .T. ) ;
#3455 = CARTESIAN_POINT ( 'NONE',  ( 3.274999999999999911, 0.000000000000000000, 0.000000000000000000 ) ) ;
#3456 = PLANE ( 'NONE',  #5093 ) ;
#3457 = DIRECTION ( 'NONE',  ( -1.000000000000000000, 0.000000000000000000, -0.000000000000000000 ) ) ;
#3458 = UNCERTAINTY_MEASURE_WITH_UNIT (LENGTH_MEASURE( 1.000000000000000082E-05 ), #3245, 'distance_accuracy_value', 'NONE');
#3459 = FILL_AREA_STYLE ('',( #3371 ) ) ;
#3460 = CARTESIAN_POINT ( 'NONE',  ( -2.935333781330272895, 3.669999999999999929, 3.026351883076923155 ) ) ;
#3461 = SURFACE_STYLE_FILL_AREA ( #5012 ) ;
#3462 = ORIENTED_EDGE ( 'NONE', *, *, #4211, .F. ) ;
#3463 = COLOUR_RGB ( '',0.2980392156862745057, 0.2980392156862745057, 0.2980392156862745057 ) ;
#3464 = DIRECTION ( 'NONE',  ( 0.000000000000000000, -0.04531309127232063111, -0.9989728343450319237 ) ) ;
#3465 = CARTESIAN_POINT ( 'NONE',  ( -0.5200000000000002398, 3.370000000000000107, -1.809999999999999165 ) ) ;
#3466 = CARTESIAN_POINT ( 'NONE',  ( 1.545000000000000151, -3.513954197737036544, 4.237410504193240612 ) ) ;
#3467 = DIRECTION ( 'NONE',  ( -0.000000000000000000, 0.9989728343450317016, 0.04531309127232062417 ) ) ;
#3468 = CARTESIAN_POINT ( 'NONE',  ( -0.6699999999999997069, 3.370000000000000107, -0.8499999999999995337 ) ) ;
#3469 = LINE ( 'NONE', #1503, #4088 ) ;
#3470 = CARTESIAN_POINT ( 'NONE',  ( 0.9949999999999995515, -0.5999999999999998668, 4.249871604293129046 ) ) ;
#3471 = EDGE_LOOP ( 'NONE', ( #1698, #429, #1461, #2938 ) ) ;
#3472 = EDGE_CURVE ( 'NONE', #3023, #3204, #4152, .T. ) ;
#3473 = DIRECTION ( 'NONE',  ( -0.000000000000000000, 0.04531309127232063111, -0.9989728343450319237 ) ) ;
#3474 = ORIENTED_EDGE ( 'NONE', *, *, #1593, .F. ) ;
#3475 = ORIENTED_EDGE ( 'NONE', *, *, #1440, .T. ) ;
#3476 = VECTOR ( 'NONE', #1313, 1000.000000000000000 ) ;
#3477 = VECTOR ( 'NONE', #3127, 1000.000000000000227 ) ;
#3478 = FILL_AREA_STYLE_COLOUR ( '', #4425 ) ;
#3479 = LINE ( 'NONE', #2713, #3477 ) ;
#3480 =( LENGTH_UNIT ( ) NAMED_UNIT ( * ) SI_UNIT ( .MILLI., .METRE. ) );
#3481 =( GEOMETRIC_REPRESENTATION_CONTEXT ( 3 ) GLOBAL_UNCERTAINTY_ASSIGNED_CONTEXT ( ( #5154 ) ) GLOBAL_UNIT_ASSIGNED_CONTEXT ( ( #3119, #1162, #4355 ) ) REPRESENTATION_CONTEXT ( 'NONE', 'WORKASPACE' ) );
#3482 = LINE ( 'NONE', #4658, #2692 ) ;
#3483 = SURFACE_SIDE_STYLE ('',( #5102 ) ) ;
#3484 = EDGE_CURVE ( 'NONE', #1379, #1583, #577, .T. ) ;
#3485 = CIRCLE ( 'NONE', #399, 0.2750000000000002998 ) ;
#3486 = CARTESIAN_POINT ( 'NONE',  ( -1.270000000000000018, -3.525282470555116010, -3.987667295606982965 ) ) ;
#3487 = ORIENTED_EDGE ( 'NONE', *, *, #1112, .T. ) ;
#3488 = VECTOR ( 'NONE', #3813, 1000.000000000000000 ) ;
#3489 = PRESENTATION_LAYER_ASSIGNMENT (  '', '', ( #2512 ) ) ;
#3490 = ADVANCED_FACE ( 'NONE', ( #4995 ), #4569, .F. ) ;
#3491 = ADVANCED_FACE ( 'NONE', ( #2201 ), #3789, .F. ) ;
#3492 = VERTEX_POINT ( 'NONE', #2734 ) ;
#3493 = CARTESIAN_POINT ( 'NONE',  ( 0.7199999999999996403, 5.156606874731850532, 0.1499999999999999667 ) ) ;
#3494 = COLOUR_RGB ( '',1.000000000000000000, 0.1686274509803921684, 0.1686274509803921684 ) ;
#3495 = DIRECTION ( 'NONE',  ( 0.000000000000000000, 0.000000000000000000, -1.000000000000000000 ) ) ;
#3496 = VECTOR ( 'NONE', #1296, 1000.000000000000000 ) ;
#3497 = ORIENTED_EDGE ( 'NONE', *, *, #5078, .T. ) ;
#3498 = STYLED_ITEM ( 'NONE', ( #2021 ), #886 ) ;
#3499 = VECTOR ( 'NONE', #544, 1000.000000000000000 ) ;
#3500 = PRESENTATION_STYLE_ASSIGNMENT (( #2722 ) ) ;
#3501 = CARTESIAN_POINT ( 'NONE',  ( -1.869999999999999662, 3.370000000000000107, -0.8499999999999995337 ) ) ;
#3502 = ORIENTED_EDGE ( 'NONE', *, *, #1530, .T. ) ;
#3503 = DIRECTION ( 'NONE',  ( -1.000000000000000000, 0.000000000000000000, -0.000000000000000000 ) ) ;
#3504 = VECTOR ( 'NONE', #2778, 1000.000000000000000 ) ;
#3505 = SURFACE_STYLE_USAGE ( .BOTH. , #772 ) ;
#3506 = VERTEX_POINT ( 'NONE', #4315 ) ;
#3507 = PRESENTATION_STYLE_ASSIGNMENT (( #1463 ) ) ;
#3508 = ORIENTED_EDGE ( 'NONE', *, *, #280, .T. ) ;
#3509 = MECHANICAL_DESIGN_GEOMETRIC_PRESENTATION_REPRESENTATION (  '', ( #1681 ), #3003 ) ;
#3510 = FILL_AREA_STYLE_COLOUR ( '', #5165 ) ;
#3511 = FILL_AREA_STYLE ('',( #1929 ) ) ;
#3512 = VERTEX_POINT ( 'NONE', #3165 ) ;
#3513 = MECHANICAL_DESIGN_GEOMETRIC_PRESENTATION_REPRESENTATION (  '', ( #3515 ), #4261 ) ;
#3514 = PRESENTATION_LAYER_ASSIGNMENT (  '', '', ( #4186 ) ) ;
#3515 = STYLED_ITEM ( 'NONE', ( #2122 ), #354 ) ;
#3516 = CARTESIAN_POINT ( 'NONE',  ( 3.151132541734830816, -1.844843703379108524, -3.911443125522801267 ) ) ;
#3517 = VECTOR ( 'NONE', #1839, 1000.000000000000000 ) ;
#3518 = CARTESIAN_POINT ( 'NONE',  ( 1.869999999999999662, 3.070000000000000284, 0.8499999999999999778 ) ) ;
#3519 = COLOUR_RGB ( '',1.000000000000000000, 1.000000000000000000, 1.000000000000000000 ) ;
#3520 = SURFACE_SIDE_STYLE ('',( #3087 ) ) ;
#3521 =( NAMED_UNIT ( * ) SI_UNIT ( $, .STERADIAN. ) SOLID_ANGLE_UNIT ( ) );
#3522 = DIRECTION ( 'NONE',  ( -1.000000000000000000, -0.000000000000000000, -0.000000000000000000 ) ) ;
#3523 = STYLED_ITEM ( 'NONE', ( #2168 ), #2450 ) ;
#3524 = UNCERTAINTY_MEASURE_WITH_UNIT (LENGTH_MEASURE( 1.000000000000000082E-05 ), #3180, 'distance_accuracy_value', 'NONE');
#3525 = VECTOR ( 'NONE', #363, 1000.000000000000000 ) ;
#3526 = ORIENTED_EDGE ( 'NONE', *, *, #1368, .T. ) ;
#3527 = PRESENTATION_STYLE_ASSIGNMENT (( #1939 ) ) ;
#3528 = PLANE ( 'NONE',  #1235 ) ;
#3529 = ORIENTED_EDGE ( 'NONE', *, *, #2235, .T. ) ;
#3530 = DIRECTION ( 'NONE',  ( -1.000000000000000000, 0.000000000000000000, 0.000000000000000000 ) ) ;
#3531 =( GEOMETRIC_REPRESENTATION_CONTEXT ( 3 ) GLOBAL_UNCERTAINTY_ASSIGNED_CONTEXT ( ( #4269 ) ) GLOBAL_UNIT_ASSIGNED_CONTEXT ( ( #4950, #3288, #909 ) ) REPRESENTATION_CONTEXT ( 'NONE', 'WORKASPACE' ) );
#3532 = EDGE_CURVE ( 'NONE', #1824, #4297, #4369, .T. ) ;
#3533 =( LENGTH_UNIT ( ) NAMED_UNIT ( * ) SI_UNIT ( .MILLI., .METRE. ) );
#3534 = FACE_OUTER_BOUND ( 'NONE', #4532, .T. ) ;
#3535 = MECHANICAL_DESIGN_GEOMETRIC_PRESENTATION_REPRESENTATION (  '', ( #1547 ), #4298 ) ;
#3536 = LINE ( 'NONE', #4327, #1415 ) ;
#3537 = SURFACE_SIDE_STYLE ('',( #3032 ) ) ;
#3538 = DIRECTION ( 'NONE',  ( 0.000000000000000000, 0.000000000000000000, 1.000000000000000000 ) ) ;
#3539 = ORIENTED_EDGE ( 'NONE', *, *, #1147, .T. ) ;
#3540 = CARTESIAN_POINT ( 'NONE',  ( 1.545000000000000151, -3.799999999999999822, 4.000128395706870954 ) ) ;
#3541 = CARTESIAN_POINT ( 'NONE',  ( 3.274999999999999911, 3.020000000000000018, -3.339999999999999858 ) ) ;
#3542 = EDGE_CURVE ( 'NONE', #4640, #2397, #3485, .T. ) ;
#3543 = DIRECTION ( 'NONE',  ( -6.141068999935583157E-18, -0.04531309127232126255, -0.9989728343450319237 ) ) ;
#3544 = VERTEX_POINT ( 'NONE', #2381 ) ;
#3545 = CARTESIAN_POINT ( 'NONE',  ( 0.6699999999999997069, 3.070000000000000284, -0.8499999999999999778 ) ) ;
#3546 = FACE_OUTER_BOUND ( 'NONE', #35, .T. ) ;
#3547 = DIRECTION ( 'NONE',  ( -1.000000000000000000, 0.000000000000000000, 0.000000000000000000 ) ) ;
#3548 = ADVANCED_FACE ( 'NONE', ( #1934 ), #5073, .F. ) ;
#3549 =( NAMED_UNIT ( * ) SI_UNIT ( $, .STERADIAN. ) SOLID_ANGLE_UNIT ( ) );
#3550 = ORIENTED_EDGE ( 'NONE', *, *, #4476, .F. ) ;
#3551 = CARTESIAN_POINT ( 'NONE',  ( -0.5200000000000000178, 1.385859581945312113, 4.015156503500930008 ) ) ;
#3552 = SURFACE_STYLE_USAGE ( .BOTH. , #1262 ) ;
#3553 = FILL_AREA_STYLE ('',( #5116 ) ) ;
#3554 = DIRECTION ( 'NONE',  ( 0.000000000000000000, 0.000000000000000000, 1.000000000000000000 ) ) ;
#3555 = EDGE_CURVE ( 'NONE', #2113, #286, #2757, .T. ) ;
#3556 = ORIENTED_EDGE ( 'NONE', *, *, #2580, .T. ) ;
#3557 = FILL_AREA_STYLE_COLOUR ( '', #688 ) ;
#3558 = SURFACE_STYLE_FILL_AREA ( #3933 ) ;
#3559 =( LENGTH_UNIT ( ) NAMED_UNIT ( * ) SI_UNIT ( .MILLI., .METRE. ) );
#3560 = ORIENTED_EDGE ( 'NONE', *, *, #2353, .F. ) ;
#3561 = CARTESIAN_POINT ( 'NONE',  ( -2.935333781330272895, 3.669999999999999929, 3.026351883076923155 ) ) ;
#3562 = AXIS2_PLACEMENT_3D ( 'NONE', #1984, #4029, #1647 ) ;
#3563 = VECTOR ( 'NONE', #105, 1000.000000000000000 ) ;
#3564 = SURFACE_STYLE_FILL_AREA ( #1279 ) ;
#3565 = DIRECTION ( 'NONE',  ( 0.000000000000000000, -0.04531309127232063111, -0.9989728343450319237 ) ) ;
#3566 = DIRECTION ( 'NONE',  ( 0.000000000000000000, 0.000000000000000000, 1.000000000000000000 ) ) ;
#3567 = FILL_AREA_STYLE_COLOUR ( '', #2533 ) ;
#3568 = LINE ( 'NONE', #5184, #814 ) ;
#3569 =( GEOMETRIC_REPRESENTATION_CONTEXT ( 3 ) GLOBAL_UNCERTAINTY_ASSIGNED_CONTEXT ( ( #2288 ) ) GLOBAL_UNIT_ASSIGNED_CONTEXT ( ( #3445, #4648, #771 ) ) REPRESENTATION_CONTEXT ( 'NONE', 'WORKASPACE' ) );
#3570 = ORIENTED_EDGE ( 'NONE', *, *, #1971, .F. ) ;
#3571 = ORIENTED_EDGE ( 'NONE', *, *, #3542, .T. ) ;
#3572 =( GEOMETRIC_REPRESENTATION_CONTEXT ( 3 ) GLOBAL_UNCERTAINTY_ASSIGNED_CONTEXT ( ( #2229 ) ) GLOBAL_UNIT_ASSIGNED_CONTEXT ( ( #2712, #346, #1587 ) ) REPRESENTATION_CONTEXT ( 'NONE', 'WORKASPACE' ) );
#3573 =( NAMED_UNIT ( * ) PLANE_ANGLE_UNIT ( ) SI_UNIT ( $, .RADIAN. ) );
#3574 = VECTOR ( 'NONE', #2236, 999.9999999999998863 ) ;
#3575 =( LENGTH_UNIT ( ) NAMED_UNIT ( * ) SI_UNIT ( .MILLI., .METRE. ) );
#3576 = DIRECTION ( 'NONE',  ( 0.000000000000000000, -0.000000000000000000, 1.000000000000000000 ) ) ;
#3577 = DIRECTION ( 'NONE',  ( 0.000000000000000000, 2.713884735720118648E-16, 1.000000000000000000 ) ) ;
#3578 = ORIENTED_EDGE ( 'NONE', *, *, #1971, .T. ) ;
#3579 = STYLED_ITEM ( 'NONE', ( #253 ), #816 ) ;
#3580 = ORIENTED_EDGE ( 'NONE', *, *, #2969, .T. ) ;
#3581 = SURFACE_STYLE_FILL_AREA ( #2456 ) ;
#3582 = PRESENTATION_STYLE_ASSIGNMENT (( #4392 ) ) ;
#3583 =( GEOMETRIC_REPRESENTATION_CONTEXT ( 3 ) GLOBAL_UNCERTAINTY_ASSIGNED_CONTEXT ( ( #1801 ) ) GLOBAL_UNIT_ASSIGNED_CONTEXT ( ( #14, #5130, #4370 ) ) REPRESENTATION_CONTEXT ( 'NONE', 'WORKASPACE' ) );
#3584 = CARTESIAN_POINT ( 'NONE',  ( 0.5200000000000002398, 3.669999999999999929, -1.810000000000000053 ) ) ;
#3585 = CARTESIAN_POINT ( 'NONE',  ( 1.819999999999999840, 3.669999999999999929, -0.8499999999999999778 ) ) ;
#3586 = COLOUR_RGB ( '',1.000000000000000000, 0.1686274509803921684, 0.1686274509803921684 ) ;
#3587 = LINE ( 'NONE', #1319, #1412 ) ;
#3588 = CARTESIAN_POINT ( 'NONE',  ( 0.5200000000000000178, 1.385859581945312113, 4.015156503500930008 ) ) ;
#3589 = ORIENTED_EDGE ( 'NONE', *, *, #1937, .F. ) ;
#3590 = STYLED_ITEM ( 'NONE', ( #1250 ), #4311 ) ;
#3591 = PRODUCT_RELATED_PRODUCT_CATEGORY ( 'part', '', ( #2916 ) ) ;
#3592 = CARTESIAN_POINT ( 'NONE',  ( -2.377847908131887955, 3.669000000000000039, 2.457488747160203157 ) ) ;
#3593 = EDGE_CURVE ( 'NONE', #2744, #4390, #4397, .T. ) ;
#3594 = VECTOR ( 'NONE', #4037, 1000.000000000000000 ) ;
#3595 = ADVANCED_FACE ( 'NONE', ( #1885 ), #3456, .F. ) ;
#3596 = EDGE_CURVE ( 'NONE', #2608, #1166, #3140, .T. ) ;
#3597 = SURFACE_STYLE_USAGE ( .BOTH. , #2010 ) ;
#3598 =( LENGTH_UNIT ( ) NAMED_UNIT ( * ) SI_UNIT ( .MILLI., .METRE. ) );
#3599 = FILL_AREA_STYLE ('',( #4755 ) ) ;
#3600 = ORIENTED_EDGE ( 'NONE', *, *, #3484, .F. ) ;
#3601 = CARTESIAN_POINT ( 'NONE',  ( -0.5200000000000000178, 1.470000000000000195, 2.866512164179471522 ) ) ;
#3602 = EDGE_CURVE ( 'NONE', #2571, #594, #4019, .T. ) ;
#3603 =( GEOMETRIC_REPRESENTATION_CONTEXT ( 3 ) GLOBAL_UNCERTAINTY_ASSIGNED_CONTEXT ( ( #2172 ) ) GLOBAL_UNIT_ASSIGNED_CONTEXT ( ( #568, #3749, #232 ) ) REPRESENTATION_CONTEXT ( 'NONE', 'WORKASPACE' ) );
#3604 = CARTESIAN_POINT ( 'NONE',  ( -2.020000000000000018, -0.3257586221349297317, -4.249871604293129046 ) ) ;
#3605 = EDGE_LOOP ( 'NONE', ( #2870, #4318, #3265, #3935 ) ) ;
#3606 = PRESENTATION_STYLE_ASSIGNMENT (( #791 ) ) ;
#3607 = SURFACE_SIDE_STYLE ('',( #2769 ) ) ;
#3608 =( GEOMETRIC_REPRESENTATION_CONTEXT ( 3 ) GLOBAL_UNCERTAINTY_ASSIGNED_CONTEXT ( ( #3197 ) ) GLOBAL_UNIT_ASSIGNED_CONTEXT ( ( #406, #2492, #1694 ) ) REPRESENTATION_CONTEXT ( 'NONE', 'WORKASPACE' ) );
#3609 = STYLED_ITEM ( 'NONE', ( #1828 ), #3421 ) ;
#3610 =( LENGTH_UNIT ( ) NAMED_UNIT ( * ) SI_UNIT ( .MILLI., .METRE. ) );
#3611 = SURFACE_SIDE_STYLE ('',( #3182 ) ) ;
#3612 = ORIENTED_EDGE ( 'NONE', *, *, #2137, .T. ) ;
#3613 = VECTOR ( 'NONE', #3988, 1000.000000000000227 ) ;
#3614 = COLOUR_RGB ( '',0.8941176470588234615, 0.9137254901960784048, 0.9294117647058823817 ) ;
#3615 = PLANE ( 'NONE',  #4633 ) ;
#3616 = FILL_AREA_STYLE_COLOUR ( '', #1933 ) ;
#3617 =( LENGTH_UNIT ( ) NAMED_UNIT ( * ) SI_UNIT ( .MILLI., .METRE. ) );
#3618 = AXIS2_PLACEMENT_3D ( 'NONE', #3883, #3473, #3103 ) ;
#3619 = DIRECTION ( 'NONE',  ( -1.000000000000000000, 0.000000000000000000, -0.000000000000000000 ) ) ;
#3620 =( NAMED_UNIT ( * ) SI_UNIT ( $, .STERADIAN. ) SOLID_ANGLE_UNIT ( ) );
#3621 = ORIENTED_EDGE ( 'NONE', *, *, #4018, .T. ) ;
#3622 = PRESENTATION_STYLE_ASSIGNMENT (( #2031 ) ) ;
#3623 = FACE_OUTER_BOUND ( 'NONE', #4130, .T. ) ;
#3624 =( NAMED_UNIT ( * ) PLANE_ANGLE_UNIT ( ) SI_UNIT ( $, .RADIAN. ) );
#3625 = SURFACE_STYLE_USAGE ( .BOTH. , #482 ) ;
#3626 = ORIENTED_EDGE ( 'NONE', *, *, #4987, .F. ) ;
#3627 = EDGE_CURVE ( 'NONE', #4219, #3379, #2810, .T. ) ;
#3628 = FACE_OUTER_BOUND ( 'NONE', #3909, .T. ) ;
#3629 = ORIENTED_EDGE ( 'NONE', *, *, #3170, .F. ) ;
#3630 = LINE ( 'NONE', #3601, #4965 ) ;
#3631 = SURFACE_SIDE_STYLE ('',( #4477 ) ) ;
#3632 = VERTEX_POINT ( 'NONE', #2435 ) ;
#3633 = FACE_OUTER_BOUND ( 'NONE', #3302, .T. ) ;
#3634 = FACE_OUTER_BOUND ( 'NONE', #959, .T. ) ;
#3635 = UNCERTAINTY_MEASURE_WITH_UNIT (LENGTH_MEASURE( 1.000000000000000082E-05 ), #1988, 'distance_accuracy_value', 'NONE');
#3636 = PRESENTATION_STYLE_ASSIGNMENT (( #4006 ) ) ;
#3637 = FACE_OUTER_BOUND ( 'NONE', #1546, .T. ) ;
#3638 = ORIENTED_EDGE ( 'NONE', *, *, #4971, .T. ) ;
#3639 = LINE ( 'NONE', #3213, #2423 ) ;
#3640 = CARTESIAN_POINT ( 'NONE',  ( -3.274999999999999911, 1.719999999999999973, 2.928844164890265223 ) ) ;
#3641 =( LENGTH_UNIT ( ) NAMED_UNIT ( * ) SI_UNIT ( .MILLI., .METRE. ) );
#3642 = ORIENTED_EDGE ( 'NONE', *, *, #3149, .T. ) ;
#3643 = DIRECTION ( 'NONE',  ( 0.000000000000000000, 0.000000000000000000, -1.000000000000000000 ) ) ;
#3644 = PRESENTATION_LAYER_ASSIGNMENT (  '', '', ( #2729 ) ) ;
#3645 =( NAMED_UNIT ( * ) PLANE_ANGLE_UNIT ( ) SI_UNIT ( $, .RADIAN. ) );
#3646 = VERTEX_POINT ( 'NONE', #2906 ) ;
#3647 = FILL_AREA_STYLE ('',( #486 ) ) ;
#3648 = COLOUR_RGB ( '',0.8941176470588234615, 0.9137254901960784048, 0.9294117647058823817 ) ;
#3649 = ADVANCED_FACE ( 'NONE', ( #4416 ), #1248, .T. ) ;
#3650 =( GEOMETRIC_REPRESENTATION_CONTEXT ( 3 ) GLOBAL_UNCERTAINTY_ASSIGNED_CONTEXT ( ( #4421 ) ) GLOBAL_UNIT_ASSIGNED_CONTEXT ( ( #3559, #4411, #4807 ) ) REPRESENTATION_CONTEXT ( 'NONE', 'WORKASPACE' ) );
#3651 = DIRECTION ( 'NONE',  ( -0.000000000000000000, 1.000000000000000000, 0.000000000000000000 ) ) ;
#3652 = ORIENTED_EDGE ( 'NONE', *, *, #172, .T. ) ;
#3653 = ORIENTED_EDGE ( 'NONE', *, *, #4922, .F. ) ;
#3654 =( GEOMETRIC_REPRESENTATION_CONTEXT ( 3 ) GLOBAL_UNCERTAINTY_ASSIGNED_CONTEXT ( ( #715 ) ) GLOBAL_UNIT_ASSIGNED_CONTEXT ( ( #2974, #1843, #590 ) ) REPRESENTATION_CONTEXT ( 'NONE', 'WORKASPACE' ) );
#3655 = PLANE ( 'NONE',  #4449 ) ;
#3656 = ADVANCED_FACE ( 'NONE', ( #2466 ), #401, .T. ) ;
#3657 = ADVANCED_FACE ( 'NONE', ( #571 ), #1406, .F. ) ;
#3658 = SURFACE_SIDE_STYLE ('',( #3955 ) ) ;
#3659 =( NAMED_UNIT ( * ) SI_UNIT ( $, .STERADIAN. ) SOLID_ANGLE_UNIT ( ) );
#3660 = DIRECTION ( 'NONE',  ( -6.141068999935581617E-18, -0.04531309127232125561, 0.9989728343450317016 ) ) ;
#3661 = PRESENTATION_LAYER_ASSIGNMENT (  '', '', ( #2830 ) ) ;
#3662 = CARTESIAN_POINT ( 'NONE',  ( -0.5200000000000000178, 1.470000000000000195, -2.866512164179471522 ) ) ;
#3663 =( LENGTH_UNIT ( ) NAMED_UNIT ( * ) SI_UNIT ( .MILLI., .METRE. ) );
#3664 = ORIENTED_EDGE ( 'NONE', *, *, #302, .F. ) ;
#3665 = COLOUR_RGB ( '',1.000000000000000000, 0.1686274509803921684, 0.1686274509803921684 ) ;
#3666 = SURFACE_SIDE_STYLE ('',( #1304 ) ) ;
#3667 = MECHANICAL_DESIGN_GEOMETRIC_PRESENTATION_REPRESENTATION (  '', ( #3498 ), #1600 ) ;
#3668 = PRESENTATION_STYLE_ASSIGNMENT (( #4893 ) ) ;
#3669 = STYLED_ITEM ( 'NONE', ( #5060 ), #4103 ) ;
#3670 = SURFACE_SIDE_STYLE ('',( #4895 ) ) ;
#3671 =( LENGTH_UNIT ( ) NAMED_UNIT ( * ) SI_UNIT ( .MILLI., .METRE. ) );
#3672 = VERTEX_POINT ( 'NONE', #4202 ) ;
#3673 = AXIS2_PLACEMENT_3D ( 'NONE', #2957, #3694, #109 ) ;
#3674 =( LENGTH_UNIT ( ) NAMED_UNIT ( * ) SI_UNIT ( .MILLI., .METRE. ) );
#3675 = AXIS2_PLACEMENT_3D ( 'NONE', #3716, #4138, #563 ) ;
#3676 = ORIENTED_EDGE ( 'NONE', *, *, #2581, .T. ) ;
#3677 = EDGE_LOOP ( 'NONE', ( #3450, #3869, #3508, #2460, #2632, #1128, #123, #3339, #2577 ) ) ;
#3678 = VECTOR ( 'NONE', #3940, 1000.000000000000000 ) ;
#3679 = CARTESIAN_POINT ( 'NONE',  ( 1.869999999999999662, 3.070000000000000284, 0.8499999999999999778 ) ) ;
#3680 =( GEOMETRIC_REPRESENTATION_CONTEXT ( 3 ) GLOBAL_UNCERTAINTY_ASSIGNED_CONTEXT ( ( #2133 ) ) GLOBAL_UNIT_ASSIGNED_CONTEXT ( ( #490, #549, #4899 ) ) REPRESENTATION_CONTEXT ( 'NONE', 'WORKASPACE' ) );
#3681 = VECTOR ( 'NONE', #3547, 1000.000000000000000 ) ;
#3682 = CARTESIAN_POINT ( 'NONE',  ( -9.986549746519054693, 3.669999999999999929, 3.339999999999999858 ) ) ;
#3683 = FILL_AREA_STYLE ('',( #4825 ) ) ;
#3684 = PLANE ( 'NONE',  #4286 ) ;
#3685 = EDGE_CURVE ( 'NONE', #3544, #1790, #3307, .T. ) ;
#3686 = CARTESIAN_POINT ( 'NONE',  ( 3.274999999999999911, 0.000000000000000000, -2.500000000000000000 ) ) ;
#3687 = VECTOR ( 'NONE', #1411, 1000.000000000000000 ) ;
#3688 = AXIS2_PLACEMENT_3D ( 'NONE', #3781, #931, #2535 ) ;
#3689 = DIRECTION ( 'NONE',  ( -0.000000000000000000, -0.000000000000000000, 1.000000000000000000 ) ) ;
#3690 = ORIENTED_EDGE ( 'NONE', *, *, #4157, .F. ) ;
#3691 =( GEOMETRIC_REPRESENTATION_CONTEXT ( 3 ) GLOBAL_UNCERTAINTY_ASSIGNED_CONTEXT ( ( #4788 ) ) GLOBAL_UNIT_ASSIGNED_CONTEXT ( ( #2587, #1413, #1858 ) ) REPRESENTATION_CONTEXT ( 'NONE', 'WORKASPACE' ) );
#3692 = CARTESIAN_POINT ( 'NONE',  ( 0.5200000000000000178, 1.385859581945312113, -4.015156503500930008 ) ) ;
#3693 =( LENGTH_UNIT ( ) NAMED_UNIT ( * ) SI_UNIT ( .MILLI., .METRE. ) );
#3694 = DIRECTION ( 'NONE',  ( 0.000000000000000000, 0.000000000000000000, 1.000000000000000000 ) ) ;
#3695 = DIRECTION ( 'NONE',  ( 0.000000000000000000, 1.000000000000000000, 0.000000000000000000 ) ) ;
#3696 = CARTESIAN_POINT ( 'NONE',  ( 1.270000000000000018, -3.525282470555116010, 3.987667295606982965 ) ) ;
#3697 = SURFACE_STYLE_FILL_AREA ( #4865 ) ;
#3698 = EDGE_LOOP ( 'NONE', ( #515, #5185, #3652, #2286 ) ) ;
#3699 = STYLED_ITEM ( 'NONE', ( #2629 ), #3200 ) ;
#3700 = DIRECTION ( 'NONE',  ( -6.141068999935581617E-18, -0.04531309127232125561, -0.9989728343450317016 ) ) ;
#3701 = DIRECTION ( 'NONE',  ( 6.141068999935581617E-18, 0.04531309127232125561, -0.9989728343450317016 ) ) ;
#3702 = DIRECTION ( 'NONE',  ( -0.000000000000000000, 1.000000000000000000, -0.000000000000000000 ) ) ;
#3703 = LINE ( 'NONE', #3319, #4367 ) ;
#3704 = SURFACE_STYLE_FILL_AREA ( #2130 ) ;
#3705 = EDGE_CURVE ( 'NONE', #3492, #1786, #4124, .T. ) ;
#3706 = SURFACE_STYLE_FILL_AREA ( #2174 ) ;
#3707 = CARTESIAN_POINT ( 'NONE',  ( -1.869999999999999662, 3.070000000000000284, -0.8499999999999995337 ) ) ;
#3708 =( NAMED_UNIT ( * ) SI_UNIT ( $, .STERADIAN. ) SOLID_ANGLE_UNIT ( ) );
#3709 = FILL_AREA_STYLE ('',( #4982 ) ) ;
#3710 = ORIENTED_EDGE ( 'NONE', *, *, #4214, .F. ) ;
#3711 = FILL_AREA_STYLE_COLOUR ( '', #2015 ) ;
#3712 = ADVANCED_FACE ( 'NONE', ( #3750 ), #1771, .T. ) ;
#3713 = SURFACE_SIDE_STYLE ('',( #2214 ) ) ;
#3714 = ORIENTED_EDGE ( 'NONE', *, *, #3094, .F. ) ;
#3715 = DIRECTION ( 'NONE',  ( 0.000000000000000000, -0.04531309127232063111, -0.9989728343450319237 ) ) ;
#3716 = CARTESIAN_POINT ( 'NONE',  ( 0.5200000000000000178, -0.3257586221349297317, 4.249871604293129046 ) ) ;
#3717 = FILL_AREA_STYLE ('',( #108 ) ) ;
#3718 = VERTEX_POINT ( 'NONE', #1853 ) ;
#3719 = FILL_AREA_STYLE_COLOUR ( '', #2521 ) ;
#3720 = CARTESIAN_POINT ( 'NONE',  ( 1.819999999999999840, 5.156606874731850532, -0.8499999999999999778 ) ) ;
#3721 = ADVANCED_FACE ( 'NONE', ( #1512 ), #1119, .F. ) ;
#3722 = VERTEX_POINT ( 'NONE', #3962 ) ;
#3723 = CARTESIAN_POINT ( 'NONE',  ( -2.020000000000000018, 1.369999999999999885, 3.665516011480168146 ) ) ;
#3724 =( NAMED_UNIT ( * ) SI_UNIT ( $, .STERADIAN. ) SOLID_ANGLE_UNIT ( ) );
#3725 = ORIENTED_EDGE ( 'NONE', *, *, #2204, .F. ) ;
#3726 = CYLINDRICAL_SURFACE ( 'NONE', #51, 0.3500000000000004774 ) ;
#3727 = VECTOR ( 'NONE', #2017, 1000.000000000000000 ) ;
#3728 = DIRECTION ( 'NONE',  ( 0.000000000000000000, 0.9989728343450317016, -0.04531309127232077683 ) ) ;
#3729 = DIRECTION ( 'NONE',  ( -1.000000000000000000, -0.000000000000000000, 0.000000000000000000 ) ) ;
#3730 = VECTOR ( 'NONE', #2505, 999.9999999999998863 ) ;
#3731 = DIRECTION ( 'NONE',  ( 0.000000000000000000, 0.000000000000000000, 1.000000000000000000 ) ) ;
#3732 = UNCERTAINTY_MEASURE_WITH_UNIT (LENGTH_MEASURE( 1.000000000000000082E-05 ), #2058, 'distance_accuracy_value', 'NONE');
#3733 = SURFACE_STYLE_USAGE ( .BOTH. , #534 ) ;
#3734 = ORIENTED_EDGE ( 'NONE', *, *, #4399, .T. ) ;
#3735 = FILL_AREA_STYLE ('',( #1298 ) ) ;
#3736 = MECHANICAL_DESIGN_GEOMETRIC_PRESENTATION_REPRESENTATION (  '', ( #2736 ), #4082 ) ;
#3737 = PLANE ( 'NONE',  #3267 ) ;
#3738 = ADVANCED_FACE ( 'NONE', ( #4284 ), #1926, .T. ) ;
#3739 = LINE ( 'NONE', #1428, #2590 ) ;
#3740 = FILL_AREA_STYLE ('',( #1399 ) ) ;
#3741 = ORIENTED_EDGE ( 'NONE', *, *, #5076, .T. ) ;
#3742 = SURFACE_STYLE_FILL_AREA ( #648 ) ;
#3743 = PLANE ( 'NONE',  #3250 ) ;
#3744 = ORIENTED_EDGE ( 'NONE', *, *, #229, .T. ) ;
#3745 = PRESENTATION_STYLE_ASSIGNMENT (( #4121 ) ) ;
#3746 = FILL_AREA_STYLE_COLOUR ( '', #1782 ) ;
#3747 = MECHANICAL_DESIGN_GEOMETRIC_PRESENTATION_REPRESENTATION (  '', ( #1748 ), #1000 ) ;
#3748 = LINE ( 'NONE', #193, #3856 ) ;
#3749 =( NAMED_UNIT ( * ) PLANE_ANGLE_UNIT ( ) SI_UNIT ( $, .RADIAN. ) );
#3750 = FACE_OUTER_BOUND ( 'NONE', #1400, .T. ) ;
#3751 = VECTOR ( 'NONE', #1362, 1000.000000000000227 ) ;
#3752 = ORIENTED_EDGE ( 'NONE', *, *, #669, .F. ) ;
#3753 =( GEOMETRIC_REPRESENTATION_CONTEXT ( 3 ) GLOBAL_UNCERTAINTY_ASSIGNED_CONTEXT ( ( #1071 ) ) GLOBAL_UNIT_ASSIGNED_CONTEXT ( ( #3575, #4427, #4036 ) ) REPRESENTATION_CONTEXT ( 'NONE', 'WORKASPACE' ) );
#3754 = EDGE_CURVE ( 'NONE', #2602, #4647, #3104, .T. ) ;
#3755 = FILL_AREA_STYLE_COLOUR ( '', #3325 ) ;
#3756 =( NAMED_UNIT ( * ) SI_UNIT ( $, .STERADIAN. ) SOLID_ANGLE_UNIT ( ) );
#3757 =( NAMED_UNIT ( * ) SI_UNIT ( $, .STERADIAN. ) SOLID_ANGLE_UNIT ( ) );
#3758 = ADVANCED_FACE ( 'NONE', ( #1062 ), #3060, .F. ) ;
#3759 = AXIS2_PLACEMENT_3D ( 'NONE', #2074, #451, #3209 ) ;
#3760 = CARTESIAN_POINT ( 'NONE',  ( -0.5200000000000002398, 3.370000000000000107, 1.809999999999999165 ) ) ;
#3761 = COLOUR_RGB ( '',0.8941176470588234615, 0.9137254901960784048, 0.9294117647058823817 ) ;
#3762 = DIRECTION ( 'NONE',  ( 1.000000000000000000, 0.000000000000000000, 0.000000000000000000 ) ) ;
#3763 = MECHANICAL_DESIGN_GEOMETRIC_PRESENTATION_REPRESENTATION (  '', ( #3590 ), #4272 ) ;
#3764 = PRESENTATION_LAYER_ASSIGNMENT (  '', '', ( #692 ) ) ;
#3765 = CARTESIAN_POINT ( 'NONE',  ( 2.020000000000000018, 1.369999999999999885, -3.665516011480168146 ) ) ;
#3766 = DIRECTION ( 'NONE',  ( 0.000000000000000000, -1.000000000000000000, 0.000000000000000000 ) ) ;
#3767 =( LENGTH_UNIT ( ) NAMED_UNIT ( * ) SI_UNIT ( .MILLI., .METRE. ) );
#3768 = VECTOR ( 'NONE', #2545, 1000.000000000000000 ) ;
#3769 = EDGE_LOOP ( 'NONE', ( #1899, #437, #4543, #1882 ) ) ;
#3770 = LINE ( 'NONE', #228, #4190 ) ;
#3771 = SURFACE_STYLE_FILL_AREA ( #474 ) ;
#3772 =( GEOMETRIC_REPRESENTATION_CONTEXT ( 3 ) GLOBAL_UNCERTAINTY_ASSIGNED_CONTEXT ( ( #4637 ) ) GLOBAL_UNIT_ASSIGNED_CONTEXT ( ( #891, #3320, #2207 ) ) REPRESENTATION_CONTEXT ( 'NONE', 'WORKASPACE' ) );
#3773 = MECHANICAL_DESIGN_GEOMETRIC_PRESENTATION_REPRESENTATION (  '', ( #769 ), #1527 ) ;
#3774 = DIRECTION ( 'NONE',  ( 0.000000000000000000, 0.04531309127232079070, 0.9989728343450319237 ) ) ;
#3775 = ORIENTED_EDGE ( 'NONE', *, *, #550, .T. ) ;
#3776 = FACE_OUTER_BOUND ( 'NONE', #4225, .T. ) ;
#3777 = STYLED_ITEM ( 'NONE', ( #2526 ), #2147 ) ;
#3778 = EDGE_CURVE ( 'NONE', #1094, #890, #4045, .T. ) ;
#3779 = VERTEX_POINT ( 'NONE', #2401 ) ;
#3780 = EDGE_CURVE ( 'NONE', #305, #2489, #33, .T. ) ;
#3781 = CARTESIAN_POINT ( 'NONE',  ( 0.000000000000000000, 3.070000000000000284, 0.000000000000000000 ) ) ;
#3782 = VECTOR ( 'NONE', #4765, 1000.000000000000000 ) ;
#3783 = FILL_AREA_STYLE_COLOUR ( '', #1915 ) ;
#3784 = PRESENTATION_STYLE_ASSIGNMENT (( #4564 ) ) ;
#3785 = EDGE_LOOP ( 'NONE', ( #955, #2038, #1558, #2980, #4983, #3091, #2385, #1649, #4875 ) ) ;
#3786 = CARTESIAN_POINT ( 'NONE',  ( -0.9949999999999999956, -3.507406973840369702, -4.381750663504773158 ) ) ;
#3787 =( GEOMETRIC_REPRESENTATION_CONTEXT ( 3 ) GLOBAL_UNCERTAINTY_ASSIGNED_CONTEXT ( ( #607 ) ) GLOBAL_UNIT_ASSIGNED_CONTEXT ( ( #3146, #1472, #2442 ) ) REPRESENTATION_CONTEXT ( 'NONE', 'WORKASPACE' ) );
#3788 = SURFACE_SIDE_STYLE ('',( #605 ) ) ;
#3789 = PLANE ( 'NONE',  #1076 ) ;
#3790 = PRESENTATION_LAYER_ASSIGNMENT (  '', '', ( #1547 ) ) ;
#3791 = CARTESIAN_POINT ( 'NONE',  ( -0.9949999999999995515, -0.5999999999999998668, 4.249871604293129046 ) ) ;
#3792 = SURFACE_SIDE_STYLE ('',( #3273 ) ) ;
#3793 = UNCERTAINTY_MEASURE_WITH_UNIT (LENGTH_MEASURE( 1.000000000000000082E-05 ), #3598, 'distance_accuracy_value', 'NONE');
#3794 = LINE ( 'NONE', #226, #4074 ) ;
#3795 = ORIENTED_EDGE ( 'NONE', *, *, #4035, .F. ) ;
#3796 = LINE ( 'NONE', #4244, #3517 ) ;
#3797 = SURFACE_STYLE_USAGE ( .BOTH. , #2212 ) ;
#3798 = ORIENTED_EDGE ( 'NONE', *, *, #3170, .T. ) ;
#3799 = DIRECTION ( 'NONE',  ( 1.577021341797095637E-15, -0.9989728343450318127, 0.04531309127232183154 ) ) ;
#3800 = FACE_OUTER_BOUND ( 'NONE', #5065, .T. ) ;
#3801 = ORIENTED_EDGE ( 'NONE', *, *, #4525, .F. ) ;
#3802 = DIRECTION ( 'NONE',  ( -1.000000000000000000, -0.000000000000000000, -0.000000000000000000 ) ) ;
#3803 = LINE ( 'NONE', #213, #3768 ) ;
#3804 = SURFACE_STYLE_FILL_AREA ( #3389 ) ;
#3805 =( NAMED_UNIT ( * ) SI_UNIT ( $, .STERADIAN. ) SOLID_ANGLE_UNIT ( ) );
#3806 = CARTESIAN_POINT ( 'NONE',  ( -0.5200000000000002398, 3.370000000000000107, 1.809999999999999165 ) ) ;
#3807 = VERTEX_POINT ( 'NONE', #2458 ) ;
#3808 = DIRECTION ( 'NONE',  ( -0.000000000000000000, -0.04531309127232079070, 0.9989728343450319237 ) ) ;
#3809 = DIRECTION ( 'NONE',  ( 0.000000000000000000, 0.000000000000000000, -1.000000000000000000 ) ) ;
#3810 =( GEOMETRIC_REPRESENTATION_CONTEXT ( 3 ) GLOBAL_UNCERTAINTY_ASSIGNED_CONTEXT ( ( #1868 ) ) GLOBAL_UNIT_ASSIGNED_CONTEXT ( ( #322, #3067, #1416 ) ) REPRESENTATION_CONTEXT ( 'NONE', 'WORKASPACE' ) );
#3811 =( LENGTH_UNIT ( ) NAMED_UNIT ( * ) SI_UNIT ( .MILLI., .METRE. ) );
#3812 = ORIENTED_EDGE ( 'NONE', *, *, #726, .F. ) ;
#3813 = DIRECTION ( 'NONE',  ( 0.2351388393128144572, 0.9430903734495692525, 0.2351388393128075460 ) ) ;
#3814 = STYLED_ITEM ( 'NONE', ( #1774 ), #297 ) ;
#3815 = ORIENTED_EDGE ( 'NONE', *, *, #4751, .F. ) ;
#3816 = CARTESIAN_POINT ( 'NONE',  ( 2.020000000000000018, 3.669999999999999929, -1.810000000000000053 ) ) ;
#3817 = CARTESIAN_POINT ( 'NONE',  ( -0.5200000000000000178, 1.369999999999999885, 3.665516011480168146 ) ) ;
#3818 = EDGE_CURVE ( 'NONE', #890, #2051, #4886, .T. ) ;
#3819 = ADVANCED_FACE ( 'NONE', ( #58 ), #507, .F. ) ;
#3820 = AXIS2_PLACEMENT_3D ( 'NONE', #5170, #3062, #707 ) ;
#3821 = FACE_OUTER_BOUND ( 'NONE', #2627, .T. ) ;
#3822 = SURFACE_STYLE_FILL_AREA ( #3740 ) ;
#3823 = VERTEX_POINT ( 'NONE', #3584 ) ;
#3824 = DIRECTION ( 'NONE',  ( 1.577021341797095637E-15, -0.9989728343450318127, 0.04531309127232183154 ) ) ;
#3825 = LINE ( 'NONE', #2604, #2538 ) ;
#3826 = ORIENTED_EDGE ( 'NONE', *, *, #4792, .T. ) ;
#3827 = DIRECTION ( 'NONE',  ( -1.000000000000000000, 0.000000000000000000, 0.000000000000000000 ) ) ;
#3828 = FILL_AREA_STYLE_COLOUR ( '', #3183 ) ;
#3829 = ORIENTED_EDGE ( 'NONE', *, *, #2490, .T. ) ;
#3830 = STYLED_ITEM ( 'NONE', ( #4514 ), #3656 ) ;
#3831 = DIRECTION ( 'NONE',  ( 0.000000000000000000, -0.9989728343450318127, -0.04531309127232183154 ) ) ;
#3832 =( NAMED_UNIT ( * ) SI_UNIT ( $, .STERADIAN. ) SOLID_ANGLE_UNIT ( ) );
#3833 = FACE_OUTER_BOUND ( 'NONE', #4058, .T. ) ;
#3834 = VECTOR ( 'NONE', #2332, 1000.000000000000227 ) ;
#3835 = SURFACE_STYLE_FILL_AREA ( #1017 ) ;
#3836 = SURFACE_STYLE_FILL_AREA ( #4268 ) ;
#3837 = LINE ( 'NONE', #220, #4994 ) ;
#3838 = VECTOR ( 'NONE', #954, 1000.000000000000000 ) ;
#3839 = UNCERTAINTY_MEASURE_WITH_UNIT (LENGTH_MEASURE( 1.000000000000000082E-05 ), #3942, 'distance_accuracy_value', 'NONE');
#3840 =( GEOMETRIC_REPRESENTATION_CONTEXT ( 3 ) GLOBAL_UNCERTAINTY_ASSIGNED_CONTEXT ( ( #5110 ) ) GLOBAL_UNIT_ASSIGNED_CONTEXT ( ( #3867, #686, #4659 ) ) REPRESENTATION_CONTEXT ( 'NONE', 'WORKASPACE' ) );
#3841 = FACE_BOUND ( 'NONE', #378, .T. ) ;
#3842 = FILL_AREA_STYLE ('',( #2260 ) ) ;
#3843 = ORIENTED_EDGE ( 'NONE', *, *, #570, .F. ) ;
#3844 = LINE ( 'NONE', #2971, #1940 ) ;
#3845 =( GEOMETRIC_REPRESENTATION_CONTEXT ( 3 ) GLOBAL_UNCERTAINTY_ASSIGNED_CONTEXT ( ( #5004 ) ) GLOBAL_UNIT_ASSIGNED_CONTEXT ( ( #2934, #1768, #2220 ) ) REPRESENTATION_CONTEXT ( 'NONE', 'WORKASPACE' ) );
#3846 = FACE_OUTER_BOUND ( 'NONE', #2243, .T. ) ;
#3847 = LINE ( 'NONE', #741, #5101 ) ;
#3848 =( GEOMETRIC_REPRESENTATION_CONTEXT ( 3 ) GLOBAL_UNCERTAINTY_ASSIGNED_CONTEXT ( ( #1489 ) ) GLOBAL_UNIT_ASSIGNED_CONTEXT ( ( #3693, #929, #131 ) ) REPRESENTATION_CONTEXT ( 'NONE', 'WORKASPACE' ) );
#3849 = CARTESIAN_POINT ( 'NONE',  ( -3.275000000000000355, 3.020000000000000018, -3.339999999999999858 ) ) ;
#3850 = EDGE_CURVE ( 'NONE', #2647, #5006, #4804, .T. ) ;
#3851 = LINE ( 'NONE', #264, #67 ) ;
#3852 = FACE_OUTER_BOUND ( 'NONE', #1772, .T. ) ;
#3853 = CLOSED_SHELL ( 'NONE', ( #4843, #1554, #816, #3043, #5052, #851, #271, #273, #2528, #2198, #3490, #1565 ) ) ;
#3854 = ORIENTED_EDGE ( 'NONE', *, *, #1744, .T. ) ;
#3855 = CARTESIAN_POINT ( 'NONE',  ( 3.274999999999999911, 0.000000000000000000, 0.000000000000000000 ) ) ;
#3856 = VECTOR ( 'NONE', #2193, 1000.000000000000000 ) ;
#3857 = VERTEX_POINT ( 'NONE', #1300 ) ;
#3858 = MECHANICAL_DESIGN_GEOMETRIC_PRESENTATION_REPRESENTATION (  '', ( #4107 ), #4528 ) ;
#3859 = VECTOR ( 'NONE', #4611, 1000.000000000000000 ) ;
#3860 =( LENGTH_UNIT ( ) NAMED_UNIT ( * ) SI_UNIT ( .MILLI., .METRE. ) );
#3861 = VERTEX_POINT ( 'NONE', #820 ) ;
#3862 = EDGE_CURVE ( 'NONE', #190, #2930, #2055, .T. ) ;
#3863 = VECTOR ( 'NONE', #2149, 1000.000000000000000 ) ;
#3864 = PRESENTATION_LAYER_ASSIGNMENT (  '', '', ( #3179 ) ) ;
#3865 = LINE ( 'NONE', #2351, #3678 ) ;
#3866 = SURFACE_SIDE_STYLE ('',( #3835 ) ) ;
#3867 =( LENGTH_UNIT ( ) NAMED_UNIT ( * ) SI_UNIT ( .MILLI., .METRE. ) );
#3868 = AXIS2_PLACEMENT_3D ( 'NONE', #2044, #408, #2014 ) ;
#3869 = ORIENTED_EDGE ( 'NONE', *, *, #2902, .T. ) ;
#3870 = STYLED_ITEM ( 'NONE', ( #1315 ), #3100 ) ;
#3871 = ORIENTED_EDGE ( 'NONE', *, *, #3207, .F. ) ;
#3872 = LINE ( 'NONE', #4642, #2886 ) ;
#3873 = ORIENTED_EDGE ( 'NONE', *, *, #280, .F. ) ;
#3874 = CARTESIAN_POINT ( 'NONE',  ( 2.869866746384043932, 0.09509927085580943684, -2.523710911274321234 ) ) ;
#3875 = DIRECTION ( 'NONE',  ( -0.000000000000000000, 1.000000000000000000, -0.000000000000000000 ) ) ;
#3876 = DIRECTION ( 'NONE',  ( -0.4999999999999975020, 0.8660254037844400399, 0.000000000000000000 ) ) ;
#3877 = DIRECTION ( 'NONE',  ( -1.084202172485504434E-16, 0.000000000000000000, -1.000000000000000000 ) ) ;
#3878 = EDGE_LOOP ( 'NONE', ( #2099, #1718, #2210, #1482 ) ) ;
#3879 = SURFACE_STYLE_USAGE ( .BOTH. , #3537 ) ;
#3880 =( LENGTH_UNIT ( ) NAMED_UNIT ( * ) SI_UNIT ( .MILLI., .METRE. ) );
#3881 = ORIENTED_EDGE ( 'NONE', *, *, #980, .T. ) ;
#3882 = SURFACE_STYLE_FILL_AREA ( #984 ) ;
#3883 = CARTESIAN_POINT ( 'NONE',  ( 1.270000000000000018, -3.513954197737035656, -4.237410504193240612 ) ) ;
#3884 = VERTEX_POINT ( 'NONE', #4065 ) ;
#3885 = EDGE_CURVE ( 'NONE', #1675, #4165, #3639, .T. ) ;
#3886 = ORIENTED_EDGE ( 'NONE', *, *, #3705, .F. ) ;
#3887 = DIRECTION ( 'NONE',  ( -1.000000000000000000, 0.000000000000000000, -1.084202172485504434E-16 ) ) ;
#3888 = DIRECTION ( 'NONE',  ( -0.000000000000000000, -1.000000000000000000, -0.000000000000000000 ) ) ;
#3889 = EDGE_LOOP ( 'NONE', ( #1036, #3871, #3798, #1422 ) ) ;
#3890 = DIRECTION ( 'NONE',  ( 0.000000000000000000, 0.000000000000000000, 1.000000000000000000 ) ) ;
#3891 = EDGE_CURVE ( 'NONE', #2614, #2961, #4012, .T. ) ;
#3892 = ADVANCED_FACE ( 'NONE', ( #4433 ), #1660, .F. ) ;
#3893 = FILL_AREA_STYLE ('',( #2691 ) ) ;
#3894 = LINE ( 'NONE', #662, #2654 ) ;
#3895 = EDGE_LOOP ( 'NONE', ( #2720, #5013, #393, #2140 ) ) ;
#3896 = ORIENTED_EDGE ( 'NONE', *, *, #4810, .F. ) ;
#3897 =( LENGTH_UNIT ( ) NAMED_UNIT ( * ) SI_UNIT ( .MILLI., .METRE. ) );
#3898 = ORIENTED_EDGE ( 'NONE', *, *, #4753, .T. ) ;
#3899 = CARTESIAN_POINT ( 'NONE',  ( 2.020000000000000018, -0.3257586221349297317, 3.842537907512574957 ) ) ;
#3900 = CARTESIAN_POINT ( 'NONE',  ( -1.869999999999999662, 3.370000000000000107, 0.8499999999999995337 ) ) ;
#3901 = VERTEX_POINT ( 'NONE', #645 ) ;
#3902 = STYLED_ITEM ( 'NONE', ( #3296 ), #4915 ) ;
#3903 =( NAMED_UNIT ( * ) PLANE_ANGLE_UNIT ( ) SI_UNIT ( $, .RADIAN. ) );
#3904 = ORIENTED_EDGE ( 'NONE', *, *, #275, .T. ) ;
#3905 = EDGE_LOOP ( 'NONE', ( #716, #5084, #778, #1137 ) ) ;
#3906 = CARTESIAN_POINT ( 'NONE',  ( -1.270000000000000018, -3.525282470555116010, -3.987667295606982965 ) ) ;
#3907 = FILL_AREA_STYLE_COLOUR ( '', #1118 ) ;
#3908 =( GEOMETRIC_REPRESENTATION_CONTEXT ( 3 ) GLOBAL_UNCERTAINTY_ASSIGNED_CONTEXT ( ( #5002 ) ) GLOBAL_UNIT_ASSIGNED_CONTEXT ( ( #3663, #477, #4485 ) ) REPRESENTATION_CONTEXT ( 'NONE', 'WORKASPACE' ) );
#3909 = EDGE_LOOP ( 'NONE', ( #4964, #958, #747, #1001 ) ) ;
#3910 =( NAMED_UNIT ( * ) PLANE_ANGLE_UNIT ( ) SI_UNIT ( $, .RADIAN. ) );
#3911 =( GEOMETRIC_REPRESENTATION_CONTEXT ( 3 ) GLOBAL_UNCERTAINTY_ASSIGNED_CONTEXT ( ( #3793 ) ) GLOBAL_UNIT_ASSIGNED_CONTEXT ( ( #3598, #1353, #242 ) ) REPRESENTATION_CONTEXT ( 'NONE', 'WORKASPACE' ) );
#3912 = ORIENTED_EDGE ( 'NONE', *, *, #582, .F. ) ;
#3913 = AXIS2_PLACEMENT_3D ( 'NONE', #2112, #103, #852 ) ;
#3914 = VERTEX_POINT ( 'NONE', #559 ) ;
#3915 = VECTOR ( 'NONE', #4137, 1000.000000000000000 ) ;
#3916 = PRODUCT_DEFINITION_SHAPE ( 'NONE', 'NONE',  #975 ) ;
#3917 = DIRECTION ( 'NONE',  ( 0.000000000000000000, -0.9702957262759976942, -0.2419218955996630949 ) ) ;
#3918 = EDGE_CURVE ( 'NONE', #2161, #155, #4537, .T. ) ;
#3919 = COLOUR_RGB ( '',0.8941176470588234615, 0.9137254901960784048, 0.9294117647058823817 ) ;
#3920 = SURFACE_STYLE_USAGE ( .BOTH. , #738 ) ;
#3921 = ORIENTED_EDGE ( 'NONE', *, *, #1530, .F. ) ;
#3922 = LINE ( 'NONE', #4739, #3782 ) ;
#3923 = PRESENTATION_LAYER_ASSIGNMENT (  '', '', ( #4177 ) ) ;
#3924 =( GEOMETRIC_REPRESENTATION_CONTEXT ( 3 ) GLOBAL_UNCERTAINTY_ASSIGNED_CONTEXT ( ( #1492 ) ) GLOBAL_UNIT_ASSIGNED_CONTEXT ( ( #2498, #2854, #4060 ) ) REPRESENTATION_CONTEXT ( 'NONE', 'WORKASPACE' ) );
#3925 = CARTESIAN_POINT ( 'NONE',  ( -3.274999999999999911, 1.719999999999999973, 2.928844164890265223 ) ) ;
#3926 =( NAMED_UNIT ( * ) SI_UNIT ( $, .STERADIAN. ) SOLID_ANGLE_UNIT ( ) );
#3927 = PRESENTATION_STYLE_ASSIGNMENT (( #4224 ) ) ;
#3928 = ORIENTED_EDGE ( 'NONE', *, *, #2708, .T. ) ;
#3929 = STYLED_ITEM ( 'NONE', ( #2855 ), #1012 ) ;
#3930 = LINE ( 'NONE', #4009, #2541 ) ;
#3931 = ORIENTED_EDGE ( 'NONE', *, *, #4885, .F. ) ;
#3932 = CARTESIAN_POINT ( 'NONE',  ( 1.869999999999999662, 3.070000000000000284, -0.8499999999999999778 ) ) ;
#3933 = FILL_AREA_STYLE ('',( #4746 ) ) ;
#3934 = PLANE ( 'NONE',  #2816 ) ;
#3935 = ORIENTED_EDGE ( 'NONE', *, *, #2635, .T. ) ;
#3936 = EDGE_CURVE ( 'NONE', #3951, #4711, #4505, .T. ) ;
#3937 = EDGE_CURVE ( 'NONE', #1166, #2268, #1089, .T. ) ;
#3938 = MECHANICAL_DESIGN_GEOMETRIC_PRESENTATION_REPRESENTATION (  '', ( #2758 ), #3603 ) ;
#3939 = FILL_AREA_STYLE ('',( #3107 ) ) ;
#3940 = DIRECTION ( 'NONE',  ( -1.000000000000000000, -0.000000000000000000, -0.000000000000000000 ) ) ;
#3941 = AXIS2_PLACEMENT_3D ( 'NONE', #4882, #2077, #2895 ) ;
#3942 =( LENGTH_UNIT ( ) NAMED_UNIT ( * ) SI_UNIT ( .MILLI., .METRE. ) );
#3943 = CARTESIAN_POINT ( 'NONE',  ( 2.020000000000000018, 1.370000000000000107, 3.665516011480168146 ) ) ;
#3944 = PLANE ( 'NONE',  #2567 ) ;
#3945 = AXIS2_PLACEMENT_3D ( 'NONE', #4519, #3808, #4127 ) ;
#3946 = CARTESIAN_POINT ( 'NONE',  ( -3.274999999999999911, 0.000000000000000000, 0.000000000000000000 ) ) ;
#3947 = VECTOR ( 'NONE', #4441, 1000.000000000000000 ) ;
#3948 = UNCERTAINTY_MEASURE_WITH_UNIT (LENGTH_MEASURE( 1.000000000000000082E-05 ), #4682, 'distance_accuracy_value', 'NONE');
#3949 =( GEOMETRIC_REPRESENTATION_CONTEXT ( 3 ) GLOBAL_UNCERTAINTY_ASSIGNED_CONTEXT ( ( #2071 ) ) GLOBAL_UNIT_ASSIGNED_CONTEXT ( ( #722, #4307, #3007 ) ) REPRESENTATION_CONTEXT ( 'NONE', 'WORKASPACE' ) );
#3950 = DIRECTION ( 'NONE',  ( 0.000000000000000000, 0.000000000000000000, 1.000000000000000000 ) ) ;
#3951 = VERTEX_POINT ( 'NONE', #2600 ) ;
#3952 = AXIS2_PLACEMENT_3D ( 'NONE', #4131, #556, #3300 ) ;
#3953 = MECHANICAL_DESIGN_GEOMETRIC_PRESENTATION_REPRESENTATION (  '', ( #1287 ), #3787 ) ;
#3954 = UNCERTAINTY_MEASURE_WITH_UNIT (LENGTH_MEASURE( 1.000000000000000082E-05 ), #3480, 'distance_accuracy_value', 'NONE');
#3955 = SURFACE_STYLE_FILL_AREA ( #2365 ) ;
#3956 =( NAMED_UNIT ( * ) PLANE_ANGLE_UNIT ( ) SI_UNIT ( $, .RADIAN. ) );
#3957 = ORIENTED_EDGE ( 'NONE', *, *, #1806, .T. ) ;
#3958 =( LENGTH_UNIT ( ) NAMED_UNIT ( * ) SI_UNIT ( .MILLI., .METRE. ) );
#3959 = ORIENTED_EDGE ( 'NONE', *, *, #3532, .F. ) ;
#3960 = SURFACE_SIDE_STYLE ('',( #3581 ) ) ;
#3961 =( NAMED_UNIT ( * ) PLANE_ANGLE_UNIT ( ) SI_UNIT ( $, .RADIAN. ) );
#3962 = CARTESIAN_POINT ( 'NONE',  ( -1.545000000000000151, -3.513954197737036544, -4.237410504193240612 ) ) ;
#3963 = PRESENTATION_STYLE_ASSIGNMENT (( #2377 ) ) ;
#3964 = EDGE_LOOP ( 'NONE', ( #2583, #3896, #59, #4401 ) ) ;
#3965 = LINE ( 'NONE', #4366, #1117 ) ;
#3966 =( NAMED_UNIT ( * ) SI_UNIT ( $, .STERADIAN. ) SOLID_ANGLE_UNIT ( ) );
#3967 = PRESENTATION_STYLE_ASSIGNMENT (( #5178 ) ) ;
#3968 = CARTESIAN_POINT ( 'NONE',  ( -2.846155835109721810, -7.036592212525626360E-16, -2.500000000000001332 ) ) ;
#3969 = PRESENTATION_STYLE_ASSIGNMENT (( #47 ) ) ;
#3970 = ORIENTED_EDGE ( 'NONE', *, *, #1653, .F. ) ;
#3971 = FILL_AREA_STYLE_COLOUR ( '', #3439 ) ;
#3972 = DIRECTION ( 'NONE',  ( -1.000000000000000000, 0.000000000000000000, 0.000000000000000000 ) ) ;
#3973 = FILL_AREA_STYLE_COLOUR ( '', #1431 ) ;
#3974 = FACE_OUTER_BOUND ( 'NONE', #2150, .T. ) ;
#3975 = ORIENTED_EDGE ( 'NONE', *, *, #4147, .T. ) ;
#3976 = EDGE_CURVE ( 'NONE', #3672, #3718, #3739, .T. ) ;
#3977 = ADVANCED_FACE ( 'NONE', ( #3821 ), #4932, .F. ) ;
#3978 = ADVANCED_FACE ( 'NONE', ( #2555 ), #4615, .T. ) ;
#3979 = VERTEX_POINT ( 'NONE', #4277 ) ;
#3980 = CARTESIAN_POINT ( 'NONE',  ( 0.6699999999999997069, 3.070000000000000284, -0.8499999999999999778 ) ) ;
#3981 = DIRECTION ( 'NONE',  ( -0.000000000000000000, 0.000000000000000000, -1.000000000000000000 ) ) ;
#3982 = SURFACE_SIDE_STYLE ('',( #4484 ) ) ;
#3983 = CARTESIAN_POINT ( 'NONE',  ( 3.274999999999999911, 3.020000000000000018, -3.339999999999999858 ) ) ;
#3984 = CARTESIAN_POINT ( 'NONE',  ( 1.819999999999999840, 5.156606874731850532, -0.8499999999999999778 ) ) ;
#3985 = EDGE_LOOP ( 'NONE', ( #3526, #509, #3854, #4622, #3286, #3420, #2152, #2659, #3556 ) ) ;
#3986 = VECTOR ( 'NONE', #3917, 999.9999999999998863 ) ;
#3987 = EDGE_CURVE ( 'NONE', #4419, #4598, #3054, .T. ) ;
#3988 = DIRECTION ( 'NONE',  ( 6.141068999935581617E-18, -0.04531309127232125561, -0.9989728343450317016 ) ) ;
#3989 = PRESENTATION_LAYER_ASSIGNMENT (  '', '', ( #3293 ) ) ;
#3990 = CARTESIAN_POINT ( 'NONE',  ( 0.5200000000000002398, 3.669999999999999929, -1.810000000000000053 ) ) ;
#3991 = DIRECTION ( 'NONE',  ( -0.000000000000000000, 0.000000000000000000, 1.000000000000000000 ) ) ;
#3992 = UNCERTAINTY_MEASURE_WITH_UNIT (LENGTH_MEASURE( 1.000000000000000082E-05 ), #3811, 'distance_accuracy_value', 'NONE');
#3993 =( LENGTH_UNIT ( ) NAMED_UNIT ( * ) SI_UNIT ( .MILLI., .METRE. ) );
#3994 = CARTESIAN_POINT ( 'NONE',  ( -2.935333781330272895, 3.669000000000000039, 2.457488747160203157 ) ) ;
#3995 = ORIENTED_EDGE ( 'NONE', *, *, #2326, .T. ) ;
#3996 =( GEOMETRIC_REPRESENTATION_CONTEXT ( 3 ) GLOBAL_UNCERTAINTY_ASSIGNED_CONTEXT ( ( #3948 ) ) GLOBAL_UNIT_ASSIGNED_CONTEXT ( ( #4682, #2308, #3966 ) ) REPRESENTATION_CONTEXT ( 'NONE', 'WORKASPACE' ) );
#3997 = FILL_AREA_STYLE_COLOUR ( '', #3494 ) ;
#3998 = AXIS2_PLACEMENT_3D ( 'NONE', #3493, #640, #1494 ) ;
#3999 = EDGE_CURVE ( 'NONE', #3045, #519, #2516, .T. ) ;
#4000 = ORIENTED_EDGE ( 'NONE', *, *, #2110, .T. ) ;
#4001 =( GEOMETRIC_REPRESENTATION_CONTEXT ( 3 ) GLOBAL_UNCERTAINTY_ASSIGNED_CONTEXT ( ( #807 ) ) GLOBAL_UNIT_ASSIGNED_CONTEXT ( ( #4312, #5095, #5124 ) ) REPRESENTATION_CONTEXT ( 'NONE', 'WORKASPACE' ) );
#4002 = DIRECTION ( 'NONE',  ( -1.000000000000000000, -0.000000000000000000, 0.000000000000000000 ) ) ;
#4003 = FILL_AREA_STYLE ('',( #2391 ) ) ;
#4004 = PRESENTATION_LAYER_ASSIGNMENT (  '', '', ( #2750 ) ) ;
#4005 = UNCERTAINTY_MEASURE_WITH_UNIT (LENGTH_MEASURE( 1.000000000000000082E-05 ), #4162, 'distance_accuracy_value', 'NONE');
#4006 = SURFACE_STYLE_USAGE ( .BOTH. , #3658 ) ;
#4007 = CARTESIAN_POINT ( 'NONE',  ( -1.869999999999999662, 3.070000000000000284, 0.8499999999999995337 ) ) ;
#4008 = VERTEX_POINT ( 'NONE', #1081 ) ;
#4009 = CARTESIAN_POINT ( 'NONE',  ( 3.274999999999999911, 3.020000000000000018, 3.339999999999999858 ) ) ;
#4010 = DIRECTION ( 'NONE',  ( 0.000000000000000000, 0.04531309127232078376, -0.9989728343450318127 ) ) ;
#4011 = VECTOR ( 'NONE', #436, 1000.000000000000000 ) ;
#4012 = LINE ( 'NONE', #427, #149 ) ;
#4013 = CARTESIAN_POINT ( 'NONE',  ( -0.5200000000000000178, 1.370000000000000107, 3.665516011480168146 ) ) ;
#4014 = ORIENTED_EDGE ( 'NONE', *, *, #2580, .F. ) ;
#4015 = PRESENTATION_LAYER_ASSIGNMENT (  '', '', ( #3590 ) ) ;
#4016 = CARTESIAN_POINT ( 'NONE',  ( -1.819999999999999618, 3.070000000000000284, 0.1499999999999999667 ) ) ;
#4017 =( GEOMETRIC_REPRESENTATION_CONTEXT ( 3 ) GLOBAL_UNCERTAINTY_ASSIGNED_CONTEXT ( ( #2695 ) ) GLOBAL_UNIT_ASSIGNED_CONTEXT ( ( #1378, #2955, #189 ) ) REPRESENTATION_CONTEXT ( 'NONE', 'WORKASPACE' ) );
#4018 = EDGE_CURVE ( 'NONE', #2392, #3160, #5041, .T. ) ;
#4019 = LINE ( 'NONE', #827, #4163 ) ;
#4020 = DIRECTION ( 'NONE',  ( -1.000000000000000000, -0.000000000000000000, 0.000000000000000000 ) ) ;
#4021 = EDGE_LOOP ( 'NONE', ( #1564, #3959, #4187, #1043 ) ) ;
#4022 = AXIS2_PLACEMENT_3D ( 'NONE', #4625, #1770, #3335 ) ;
#4023 = CARTESIAN_POINT ( 'NONE',  ( -0.5200000000000000178, 1.370000000000000107, 3.665516011480168146 ) ) ;
#4024 = DIRECTION ( 'NONE',  ( -0.000000000000000000, -0.9989728343450317016, 0.04531309127232078376 ) ) ;
#4025 = ORIENTED_EDGE ( 'NONE', *, *, #3442, .F. ) ;
#4026 = AXIS2_PLACEMENT_3D ( 'NONE', #2449, #2477, #5159 ) ;
#4027 = SURFACE_STYLE_FILL_AREA ( #3142 ) ;
#4028 = PRESENTATION_LAYER_ASSIGNMENT (  '', '', ( #3013 ) ) ;
#4029 = DIRECTION ( 'NONE',  ( 0.4999999999999975020, 0.8660254037844400399, 0.000000000000000000 ) ) ;
#4030 = ORIENTED_EDGE ( 'NONE', *, *, #1112, .F. ) ;
#4031 = DIRECTION ( 'NONE',  ( -0.000000000000000000, -1.000000000000000000, -0.000000000000000000 ) ) ;
#4032 = DIRECTION ( 'NONE',  ( 0.000000000000000000, -0.9989728343450318127, -0.04531309127232183154 ) ) ;
#4033 = MECHANICAL_DESIGN_GEOMETRIC_PRESENTATION_REPRESENTATION (  '', ( #3178 ), #2858 ) ;
#4034 = VECTOR ( 'NONE', #4196, 1000.000000000000000 ) ;
#4035 = EDGE_CURVE ( 'NONE', #616, #2224, #917, .T. ) ;
#4036 =( NAMED_UNIT ( * ) SI_UNIT ( $, .STERADIAN. ) SOLID_ANGLE_UNIT ( ) );
#4037 = DIRECTION ( 'NONE',  ( -0.000000000000000000, 1.000000000000000000, -0.000000000000000000 ) ) ;
#4038 =( NAMED_UNIT ( * ) PLANE_ANGLE_UNIT ( ) SI_UNIT ( $, .RADIAN. ) );
#4039 = VECTOR ( 'NONE', #1624, 1000.000000000000000 ) ;
#4040 = STYLED_ITEM ( 'NONE', ( #4617 ), #2001 ) ;
#4041 = CARTESIAN_POINT ( 'NONE',  ( -0.9949999999999993294, -0.6000000000000000888, 3.854977409527656995 ) ) ;
#4042 = CARTESIAN_POINT ( 'NONE',  ( 1.270000000000000018, -3.799999999999999822, 4.000128395706870954 ) ) ;
#4043 = DIRECTION ( 'NONE',  ( 0.000000000000000000, 0.000000000000000000, 1.000000000000000000 ) ) ;
#4044 = VECTOR ( 'NONE', #1481, 1000.000000000000227 ) ;
#4045 = LINE ( 'NONE', #3662, #1421 ) ;
#4046 = PRESENTATION_STYLE_ASSIGNMENT (( #1301 ) ) ;
#4047 = ORIENTED_EDGE ( 'NONE', *, *, #3936, .T. ) ;
#4048 =( LENGTH_UNIT ( ) NAMED_UNIT ( * ) SI_UNIT ( .MILLI., .METRE. ) );
#4049 = EDGE_CURVE ( 'NONE', #5038, #3144, #3847, .T. ) ;
#4050 = CARTESIAN_POINT ( 'NONE',  ( 2.846155835109721810, -6.552094584226054433E-18, -3.340000000000000302 ) ) ;
#4051 = FILL_AREA_STYLE_COLOUR ( '', #3145 ) ;
#4052 = ORIENTED_EDGE ( 'NONE', *, *, #2090, .F. ) ;
#4053 = UNCERTAINTY_MEASURE_WITH_UNIT (LENGTH_MEASURE( 1.000000000000000082E-05 ), #5039, 'distance_accuracy_value', 'NONE');
#4054 = EDGE_CURVE ( 'NONE', #4412, #4100, #262, .T. ) ;
#4055 = EDGE_CURVE ( 'NONE', #4359, #3632, #4249, .T. ) ;
#4056 = EDGE_CURVE ( 'NONE', #4662, #3297, #2292, .T. ) ;
#4057 = MANIFOLD_SOLID_BREP ( 'Fillet1', #3171 ) ;
#4058 = EDGE_LOOP ( 'NONE', ( #4240, #2575, #4302, #2784 ) ) ;
#4059 = PRESENTATION_STYLE_ASSIGNMENT (( #1260 ) ) ;
#4060 =( NAMED_UNIT ( * ) SI_UNIT ( $, .STERADIAN. ) SOLID_ANGLE_UNIT ( ) );
#4061 = LINE ( 'NONE', #2948, #1359 ) ;
#4062 = MANIFOLD_SOLID_BREP ( 'Mirror1[2]', #1610 ) ;
#4063 = CARTESIAN_POINT ( 'NONE',  ( -0.5200000000000000178, 1.719999999999999973, -2.928844164890265223 ) ) ;
#4064 = CARTESIAN_POINT ( 'NONE',  ( -0.5200000000000000178, 1.470000000000000195, 3.665516011480168146 ) ) ;
#4065 = CARTESIAN_POINT ( 'NONE',  ( 2.020000000000000018, 1.374531309127232204, -3.765413294914671027 ) ) ;
#4066 = VERTEX_POINT ( 'NONE', #1967 ) ;
#4067 = ADVANCED_FACE ( 'NONE', ( #2798 ), #3117, .T. ) ;
#4068 = CARTESIAN_POINT ( 'NONE',  ( 0.6699999999999997069, 3.070000000000000284, 0.8499999999999999778 ) ) ;
#4069 = LINE ( 'NONE', #2035, #5117 ) ;
#4070 = DIRECTION ( 'NONE',  ( -2.168404344971008868E-16, 0.000000000000000000, 1.000000000000000000 ) ) ;
#4071 = ORIENTED_EDGE ( 'NONE', *, *, #2685, .T. ) ;
#4072 = AXIS2_PLACEMENT_3D ( 'NONE', #517, #4475, #936 ) ;
#4073 =( LENGTH_UNIT ( ) NAMED_UNIT ( * ) SI_UNIT ( .MILLI., .METRE. ) );
#4074 = VECTOR ( 'NONE', #1803, 1000.000000000000000 ) ;
#4075 = EDGE_CURVE ( 'NONE', #1245, #3385, #4823, .T. ) ;
#4076 = AXIS2_PLACEMENT_3D ( 'NONE', #1484, #1093, #2782 ) ;
#4077 = DIRECTION ( 'NONE',  ( 1.000000000000000000, 1.355252715606880543E-16, 0.000000000000000000 ) ) ;
#4078 = PLANE ( 'NONE',  #1448 ) ;
#4079 = VERTEX_POINT ( 'NONE', #2822 ) ;
#4080 = VERTEX_POINT ( 'NONE', #4458 ) ;
#4081 = CARTESIAN_POINT ( 'NONE',  ( -1.819999999999999618, 5.156606874731850532, 0.1499999999999999667 ) ) ;
#4082 =( GEOMETRIC_REPRESENTATION_CONTEXT ( 3 ) GLOBAL_UNCERTAINTY_ASSIGNED_CONTEXT ( ( #3402 ) ) GLOBAL_UNIT_ASSIGNED_CONTEXT ( ( #2929, #4933, #186 ) ) REPRESENTATION_CONTEXT ( 'NONE', 'WORKASPACE' ) );
#4083 = ADVANCED_FACE ( 'NONE', ( #1187 ), #1655, .F. ) ;
#4084 = PLANE ( 'NONE',  #4418 ) ;
#4085 = MECHANICAL_DESIGN_GEOMETRIC_PRESENTATION_REPRESENTATION (  '', ( #3830 ), #3911 ) ;
#4086 = PLANE ( 'NONE',  #3321 ) ;
#4087 = DIRECTION ( 'NONE',  ( 0.000000000000000000, -0.000000000000000000, -1.000000000000000000 ) ) ;
#4088 = VECTOR ( 'NONE', #674, 1000.000000000000000 ) ;
#4089 = VECTOR ( 'NONE', #1709, 1000.000000000000000 ) ;
#4090 = VERTEX_POINT ( 'NONE', #5074 ) ;
#4091 = MECHANICAL_DESIGN_GEOMETRIC_PRESENTATION_REPRESENTATION (  '', ( #2096 ), #1334 ) ;
#4092 = AXIS2_PLACEMENT_3D ( 'NONE', #4961, #1809, #3377 ) ;
#4093 = AXIS2_PLACEMENT_3D ( 'NONE', #2832, #822, #2426 ) ;
#4094 = DIRECTION ( 'NONE',  ( 0.000000000000000000, 2.713884735720118648E-16, 1.000000000000000000 ) ) ;
#4095 = FILL_AREA_STYLE ('',( #4417 ) ) ;
#4096 = ORIENTED_EDGE ( 'NONE', *, *, #3818, .F. ) ;
#4098 = FACE_OUTER_BOUND ( 'NONE', #4507, .T. ) ;
#4097 = VECTOR ( 'NONE', #774, 1000.000000000000000 ) ;
#4099 = CARTESIAN_POINT ( 'NONE',  ( -1.270000000000000018, -3.525282470555116010, -3.987667295606982965 ) ) ;
#4100 = VERTEX_POINT ( 'NONE', #4603 ) ;
#4101 = DIRECTION ( 'NONE',  ( 0.000000000000000000, -0.04531309127232063111, 0.9989728343450318127 ) ) ;
#4102 = STYLED_ITEM ( 'NONE', ( #2116 ), #1209 ) ;
#4103 = ADVANCED_FACE ( 'NONE', ( #1829 ), #2282, .F. ) ;
#4104 = CARTESIAN_POINT ( 'NONE',  ( 0.9949999999999993294, 1.385859581945311891, -4.015156503500930008 ) ) ;
#4105 = DIRECTION ( 'NONE',  ( 1.000000000000000000, 0.000000000000000000, -0.000000000000000000 ) ) ;
#4106 = EDGE_CURVE ( 'NONE', #4438, #150, #4683, .T. ) ;
#4107 = STYLED_ITEM ( 'NONE', ( #1688 ), #44 ) ;
#4108 = DIRECTION ( 'NONE',  ( 0.000000000000000000, -0.2419218955996630671, 0.9702957262759976942 ) ) ;
#4109 = LINE ( 'NONE', #2570, #4153 ) ;
#4110 = PLANE ( 'NONE',  #3941 ) ;
#4111 = SURFACE_STYLE_FILL_AREA ( #2527 ) ;
#4112 = LINE ( 'NONE', #3686, #2126 ) ;
#4113 = AXIS2_PLACEMENT_3D ( 'NONE', #1943, #3530, #766 ) ;
#4114 = SURFACE_SIDE_STYLE ('',( #476 ) ) ;
#4115 = STYLED_ITEM ( 'NONE', ( #4282 ), #2881 ) ;
#4116 = DIRECTION ( 'NONE',  ( -6.141068999935581617E-18, -0.04531309127232125561, 0.9989728343450317016 ) ) ;
#4117 = ORIENTED_EDGE ( 'NONE', *, *, #3134, .T. ) ;
#4118 = CIRCLE ( 'NONE', #946, 0.2750000000000002998 ) ;
#4119 = CARTESIAN_POINT ( 'NONE',  ( -2.020000000000000018, 1.470000000000000195, 2.866512164179471522 ) ) ;
#4120 = FACE_OUTER_BOUND ( 'NONE', #2767, .T. ) ;
#4121 = SURFACE_STYLE_USAGE ( .BOTH. , #3009 ) ;
#4122 = LINE ( 'NONE', #3720, #1453 ) ;
#4123 = LINE ( 'NONE', #2638, #4365 ) ;
#4124 = LINE ( 'NONE', #1382, #4844 ) ;
#4125 = FILL_AREA_STYLE ('',( #2488 ) ) ;
#4126 = DIRECTION ( 'NONE',  ( 0.000000000000000000, 0.000000000000000000, -1.000000000000000000 ) ) ;
#4127 = DIRECTION ( 'NONE',  ( 0.000000000000000000, 0.9989728343450318127, 0.04531309127232183154 ) ) ;
#4128 = SURFACE_SIDE_STYLE ('',( #3317 ) ) ;
#4129 = DIRECTION ( 'NONE',  ( 0.8658027586716575685, -0.4998714557841987816, 0.02267401086559878154 ) ) ;
#4130 = EDGE_LOOP ( 'NONE', ( #1302, #3843, #647, #1170 ) ) ;
#4131 = CARTESIAN_POINT ( 'NONE',  ( -0.5200000000000000178, 1.370000000000000107, -3.665516011480168146 ) ) ;
#4132 = CARTESIAN_POINT ( 'NONE',  ( 1.270000000000000018, -3.525282470555116010, 3.987667295606982965 ) ) ;
#4133 = ADVANCED_FACE ( 'NONE', ( #249 ), #2892, .T. ) ;
#4134 = CARTESIAN_POINT ( 'NONE',  ( -0.5200000000000000178, 1.470000000000000195, 2.866512164179471522 ) ) ;
#4135 = ORIENTED_EDGE ( 'NONE', *, *, #1559, .T. ) ;
#4136 = EDGE_CURVE ( 'NONE', #4090, #305, #4499, .T. ) ;
#4137 = DIRECTION ( 'NONE',  ( 1.000000000000000000, 0.000000000000000000, 0.000000000000000000 ) ) ;
#4138 = DIRECTION ( 'NONE',  ( 0.4999999999999975020, 0.8660254037844400399, 0.000000000000000000 ) ) ;
#4139 = LINE ( 'NONE', #2836, #2360 ) ;
#4140 = VERTEX_POINT ( 'NONE', #3707 ) ;
#4141 = LINE ( 'NONE', #930, #3001 ) ;
#4142 =( LENGTH_UNIT ( ) NAMED_UNIT ( * ) SI_UNIT ( .MILLI., .METRE. ) );
#4143 = LINE ( 'NONE', #654, #258 ) ;
#4144 = DIRECTION ( 'NONE',  ( 0.000000000000000000, 0.04531309127232078376, -0.9989728343450318127 ) ) ;
#4145 = FILL_AREA_STYLE_COLOUR ( '', #1761 ) ;
#4146 = ORIENTED_EDGE ( 'NONE', *, *, #1160, .F. ) ;
#4147 = EDGE_CURVE ( 'NONE', #4598, #4364, #5029, .T. ) ;
#4148 = COLOUR_RGB ( '',1.000000000000000000, 0.1686274509803921684, 0.1686274509803921684 ) ;
#4149 = LINE ( 'NONE', #1385, #2156 ) ;
#4150 = LINE ( 'NONE', #1016, #2537 ) ;
#4151 = FACE_OUTER_BOUND ( 'NONE', #3052, .T. ) ;
#4152 = LINE ( 'NONE', #3367, #2771 ) ;
#4153 = VECTOR ( 'NONE', #5005, 1000.000000000000000 ) ;
#4154 = STYLED_ITEM ( 'NONE', ( #548 ), #5189 ) ;
#4155 = PRESENTATION_LAYER_ASSIGNMENT (  '', '', ( #4414 ) ) ;
#4156 = UNCERTAINTY_MEASURE_WITH_UNIT (LENGTH_MEASURE( 1.000000000000000082E-05 ), #1883, 'distance_accuracy_value', 'NONE');
#4157 = EDGE_CURVE ( 'NONE', #2489, #2602, #3368, .T. ) ;
#4158 = UNCERTAINTY_MEASURE_WITH_UNIT (LENGTH_MEASURE( 1.000000000000000082E-05 ), #956, 'distance_accuracy_value', 'NONE');
#4159 = EDGE_CURVE ( 'NONE', #4140, #3357, #4636, .T. ) ;
#4160 = CARTESIAN_POINT ( 'NONE',  ( 0.6699999999999997069, 3.070000000000000284, 0.8499999999999999778 ) ) ;
#4161 = ORIENTED_EDGE ( 'NONE', *, *, #2884, .F. ) ;
#4162 =( LENGTH_UNIT ( ) NAMED_UNIT ( * ) SI_UNIT ( .MILLI., .METRE. ) );
#4163 = VECTOR ( 'NONE', #1327, 1000.000000000000227 ) ;
#4164 = SURFACE_SIDE_STYLE ('',( #3822 ) ) ;
#4165 = VERTEX_POINT ( 'NONE', #5103 ) ;
#4166 = SURFACE_STYLE_USAGE ( .BOTH. , #3358 ) ;
#4167 =( GEOMETRIC_REPRESENTATION_CONTEXT ( 3 ) GLOBAL_UNCERTAINTY_ASSIGNED_CONTEXT ( ( #2946 ) ) GLOBAL_UNIT_ASSIGNED_CONTEXT ( ( #1560, #1056, #2269 ) ) REPRESENTATION_CONTEXT ( 'NONE', 'WORKASPACE' ) );
#4168 = ORIENTED_EDGE ( 'NONE', *, *, #2251, .T. ) ;
#4169 = AXIS2_PLACEMENT_3D ( 'NONE', #4362, #3887, #776 ) ;
#4170 = ADVANCED_FACE ( 'NONE', ( #1905 ), #2012, .F. ) ;
#4171 = DIRECTION ( 'NONE',  ( 0.000000000000000000, 0.000000000000000000, 1.000000000000000000 ) ) ;
#4172 = FILL_AREA_STYLE_COLOUR ( '', #4208 ) ;
#4173 = AXIS2_PLACEMENT_3D ( 'NONE', #46, #835, #1256 ) ;
#4174 =( NAMED_UNIT ( * ) PLANE_ANGLE_UNIT ( ) SI_UNIT ( $, .RADIAN. ) );
#4175 = ORIENTED_EDGE ( 'NONE', *, *, #329, .T. ) ;
#4176 =( GEOMETRIC_REPRESENTATION_CONTEXT ( 3 ) GLOBAL_UNCERTAINTY_ASSIGNED_CONTEXT ( ( #3524 ) ) GLOBAL_UNIT_ASSIGNED_CONTEXT ( ( #3180, #3208, #2073 ) ) REPRESENTATION_CONTEXT ( 'NONE', 'WORKASPACE' ) );
#4177 = STYLED_ITEM ( 'NONE', ( #919 ), #916 ) ;
#4178 = AXIS2_PLACEMENT_3D ( 'NONE', #3943, #4812, #3566 ) ;
#4179 = DIRECTION ( 'NONE',  ( 0.9702957262759955848, 0.2419218955996715326, 0.000000000000000000 ) ) ;
#4180 = DIRECTION ( 'NONE',  ( 0.000000000000000000, 1.000000000000000000, 0.000000000000000000 ) ) ;
#4181 = VECTOR ( 'NONE', #5146, 1000.000000000000227 ) ;
#4182 =( NAMED_UNIT ( * ) SI_UNIT ( $, .STERADIAN. ) SOLID_ANGLE_UNIT ( ) );
#4183 = DIRECTION ( 'NONE',  ( -0.000000000000000000, 2.713884735720118648E-16, -1.000000000000000000 ) ) ;
#4184 = SURFACE_SIDE_STYLE ('',( #1369 ) ) ;
#4185 = SURFACE_STYLE_FILL_AREA ( #641 ) ;
#4186 = STYLED_ITEM ( 'NONE', ( #994 ), #1708 ) ;
#4187 = ORIENTED_EDGE ( 'NONE', *, *, #2685, .F. ) ;
#4188 = CARTESIAN_POINT ( 'NONE',  ( 2.020000000000000018, 1.470000000000000195, -2.866512164179471522 ) ) ;
#4189 = CARTESIAN_POINT ( 'NONE',  ( 3.274999999999999911, 1.719999999999999973, -3.339999999999999858 ) ) ;
#4190 = VECTOR ( 'NONE', #760, 1000.000000000000000 ) ;
#4191 = COLOUR_RGB ( '',0.8941176470588234615, 0.9137254901960784048, 0.9294117647058823817 ) ;
#4192 = SURFACE_STYLE_USAGE ( .BOTH. , #1374 ) ;
#4193 = ORIENTED_EDGE ( 'NONE', *, *, #2765, .F. ) ;
#4194 = PRESENTATION_STYLE_ASSIGNMENT (( #2240 ) ) ;
#4195 = STYLED_ITEM ( 'NONE', ( #1358 ), #2528 ) ;
#4196 = DIRECTION ( 'NONE',  ( -0.8658027586716575685, 0.4998714557841987816, 0.02267401086559870174 ) ) ;
#4197 = ORIENTED_EDGE ( 'NONE', *, *, #4385, .F. ) ;
#4198 = DIRECTION ( 'NONE',  ( -0.000000000000000000, -0.000000000000000000, -1.000000000000000000 ) ) ;
#4199 = DIRECTION ( 'NONE',  ( -1.355252715606880543E-16, -1.000000000000000000, -0.000000000000000000 ) ) ;
#4200 = DIRECTION ( 'NONE',  ( 0.000000000000000000, 0.9989728343450317016, -0.04531309127232062417 ) ) ;
#4201 = STYLED_ITEM ( 'NONE', ( #209 ), #3354 ) ;
#4202 = CARTESIAN_POINT ( 'NONE',  ( 2.020000000000000018, 3.370000000000000107, -1.810000000000000053 ) ) ;
#4203 = ORIENTED_EDGE ( 'NONE', *, *, #758, .F. ) ;
#4204 = EDGE_CURVE ( 'NONE', #4438, #466, #1520, .T. ) ;
#4205 = CARTESIAN_POINT ( 'NONE',  ( -0.5200000000000000178, 1.719999999999999973, 2.928844164890265223 ) ) ;
#4206 = CIRCLE ( 'NONE', #1201, 0.2750000000000002998 ) ;
#4207 = SURFACE_STYLE_FILL_AREA ( #518 ) ;
#4208 = COLOUR_RGB ( '',0.8941176470588234615, 0.9137254901960784048, 0.9294117647058823817 ) ;
#4209 = FILL_AREA_STYLE_COLOUR ( '', #4627 ) ;
#4210 = SURFACE_SIDE_STYLE ('',( #1703 ) ) ;
#4211 = EDGE_CURVE ( 'NONE', #3646, #5038, #3161, .T. ) ;
#4212 = EDGE_CURVE ( 'NONE', #1576, #927, #403, .T. ) ;
#4213 = CARTESIAN_POINT ( 'NONE',  ( 0.000000000000000000, 0.000000000000000000, 0.000000000000000000 ) ) ;
#4214 = EDGE_CURVE ( 'NONE', #3447, #927, #1959, .T. ) ;
#4215 = CYLINDRICAL_SURFACE ( 'NONE', #3369, 0.1000000000000002554 ) ;
#4216 = ORIENTED_EDGE ( 'NONE', *, *, #3862, .T. ) ;
#4217 = CARTESIAN_POINT ( 'NONE',  ( -2.020000000000000018, -3.799999999999999822, 4.000128395706870954 ) ) ;
#4218 = LINE ( 'NONE', #2998, #1573 ) ;
#4219 = VERTEX_POINT ( 'NONE', #4293 ) ;
#4220 = CARTESIAN_POINT ( 'NONE',  ( -0.5200000000000002398, 3.370000000000000107, -1.809999999999999165 ) ) ;
#4221 = MANIFOLD_SOLID_BREP ( 'Mirror1[1]', #256 ) ;
#4222 =( NAMED_UNIT ( * ) PLANE_ANGLE_UNIT ( ) SI_UNIT ( $, .RADIAN. ) );
#4223 =( NAMED_UNIT ( * ) PLANE_ANGLE_UNIT ( ) SI_UNIT ( $, .RADIAN. ) );
#4224 = SURFACE_STYLE_USAGE ( .BOTH. , #4616 ) ;
#4225 = EDGE_LOOP ( 'NONE', ( #855, #3005, #4958, #4565 ) ) ;
#4226 = LINE ( 'NONE', #1460, #620 ) ;
#4227 = VERTEX_POINT ( 'NONE', #5151 ) ;
#4228 = PLANE ( 'NONE',  #3673 ) ;
#4229 = CARTESIAN_POINT ( 'NONE',  ( -0.5200000000000000178, 1.470000000000000195, -2.866512164179471522 ) ) ;
#4230 = EDGE_LOOP ( 'NONE', ( #371, #1384, #1152, #2485 ) ) ;
#4231 = CARTESIAN_POINT ( 'NONE',  ( -0.5200000000000000178, -3.799999999999999822, -4.000128395706870954 ) ) ;
#4232 = FILL_AREA_STYLE ('',( #4145 ) ) ;
#4233 = DIRECTION ( 'NONE',  ( 0.000000000000000000, -1.000000000000000000, 0.000000000000000000 ) ) ;
#4234 = PRESENTATION_STYLE_ASSIGNMENT (( #1146 ) ) ;
#4235 = FILL_AREA_STYLE ('',( #2061 ) ) ;
#4236 = DIRECTION ( 'NONE',  ( 0.000000000000000000, 1.000000000000000000, -2.713884735720118648E-16 ) ) ;
#4237 =( NAMED_UNIT ( * ) PLANE_ANGLE_UNIT ( ) SI_UNIT ( $, .RADIAN. ) );
#4238 =( GEOMETRIC_REPRESENTATION_CONTEXT ( 3 ) GLOBAL_UNCERTAINTY_ASSIGNED_CONTEXT ( ( #168 ) ) GLOBAL_UNIT_ASSIGNED_CONTEXT ( ( #3372, #122, #2231 ) ) REPRESENTATION_CONTEXT ( 'NONE', 'WORKASPACE' ) );
#4239 = FACE_OUTER_BOUND ( 'NONE', #460, .T. ) ;
#4240 = ORIENTED_EDGE ( 'NONE', *, *, #4525, .T. ) ;
#4241 = CARTESIAN_POINT ( 'NONE',  ( -1.270000000000000018, -3.788671727181919469, -4.249871604293129046 ) ) ;
#4242 = LINE ( 'NONE', #4736, #1981 ) ;
#4243 = ORIENTED_EDGE ( 'NONE', *, *, #2445, .F. ) ;
#4244 = CARTESIAN_POINT ( 'NONE',  ( -2.020000000000000018, 3.370000000000000107, 1.809999999999999165 ) ) ;
#4245 = FILL_AREA_STYLE ('',( #1424 ) ) ;
#4246 =( GEOMETRIC_REPRESENTATION_CONTEXT ( 3 ) GLOBAL_UNCERTAINTY_ASSIGNED_CONTEXT ( ( #4806 ) ) GLOBAL_UNIT_ASSIGNED_CONTEXT ( ( #887, #413, #4422 ) ) REPRESENTATION_CONTEXT ( 'NONE', 'WORKASPACE' ) );
#4247 = VECTOR ( 'NONE', #1710, 1000.000000000000000 ) ;
#4248 = EDGE_CURVE ( 'NONE', #2179, #3672, #4709, .T. ) ;
#4249 = LINE ( 'NONE', #3465, #5181 ) ;
#4250 =( LENGTH_UNIT ( ) NAMED_UNIT ( * ) SI_UNIT ( .MILLI., .METRE. ) );
#4251 = CARTESIAN_POINT ( 'NONE',  ( 2.020000000000000018, 3.370000000000000107, -1.810000000000000053 ) ) ;
#4252 = AXIS2_PLACEMENT_3D ( 'NONE', #4852, #3231, #1264 ) ;
#4253 = CARTESIAN_POINT ( 'NONE',  ( 3.274999999999999911, 3.669999999999999929, 3.339999999999999858 ) ) ;
#4254 = VERTEX_POINT ( 'NONE', #1598 ) ;
#4255 = DIRECTION ( 'NONE',  ( 0.000000000000000000, 0.9702957262759975832, -0.2419218955996630394 ) ) ;
#4256 = ORIENTED_EDGE ( 'NONE', *, *, #2765, .T. ) ;
#4257 = EDGE_LOOP ( 'NONE', ( #4278, #4801, #5056, #4728, #2970, #3629, #1816, #786 ) ) ;
#4258 = SURFACE_STYLE_USAGE ( .BOTH. , #2660 ) ;
#4259 = CARTESIAN_POINT ( 'NONE',  ( -3.274999999999999911, 1.719999999999999085, -2.928844164890265223 ) ) ;
#4260 = ORIENTED_EDGE ( 'NONE', *, *, #4429, .F. ) ;
#4261 =( GEOMETRIC_REPRESENTATION_CONTEXT ( 3 ) GLOBAL_UNCERTAINTY_ASSIGNED_CONTEXT ( ( #2500 ) ) GLOBAL_UNIT_ASSIGNED_CONTEXT ( ( #2867, #114, #1485 ) ) REPRESENTATION_CONTEXT ( 'NONE', 'WORKASPACE' ) );
#4262 = AXIS2_PLACEMENT_3D ( 'NONE', #2345, #3543, #1543 ) ;
#4263 = FACE_OUTER_BOUND ( 'NONE', #3226, .T. ) ;
#4264 = COLOUR_RGB ( '',0.8941176470588234615, 0.9137254901960784048, 0.9294117647058823817 ) ;
#4265 = EDGE_CURVE ( 'NONE', #4254, #4945, #3166, .T. ) ;
#4266 = PRESENTATION_LAYER_ASSIGNMENT (  '', '', ( #1336 ) ) ;
#4267 = SURFACE_STYLE_USAGE ( .BOTH. , #4634 ) ;
#4268 = FILL_AREA_STYLE ('',( #2991 ) ) ;
#4269 = UNCERTAINTY_MEASURE_WITH_UNIT (LENGTH_MEASURE( 1.000000000000000082E-05 ), #4950, 'distance_accuracy_value', 'NONE');
#4270 = DIRECTION ( 'NONE',  ( 0.000000000000000000, 0.000000000000000000, -1.000000000000000000 ) ) ;
#4271 = UNCERTAINTY_MEASURE_WITH_UNIT (LENGTH_MEASURE( 1.000000000000000082E-05 ), #2715, 'distance_accuracy_value', 'NONE');
#4272 =( GEOMETRIC_REPRESENTATION_CONTEXT ( 3 ) GLOBAL_UNCERTAINTY_ASSIGNED_CONTEXT ( ( #4688 ) ) GLOBAL_UNIT_ASSIGNED_CONTEXT ( ( #3671, #2841, #860 ) ) REPRESENTATION_CONTEXT ( 'NONE', 'WORKASPACE' ) );
#4273 = LINE ( 'NONE', #2289, #3986 ) ;
#4274 = ORIENTED_EDGE ( 'NONE', *, *, #1046, .F. ) ;
#4275 = EDGE_CURVE ( 'NONE', #561, #1838, #1225, .T. ) ;
#4276 =( NAMED_UNIT ( * ) PLANE_ANGLE_UNIT ( ) SI_UNIT ( $, .RADIAN. ) );
#4277 = CARTESIAN_POINT ( 'NONE',  ( -0.6699999999999997069, 3.370000000000000107, 0.8499999999999995337 ) ) ;
#4278 = ORIENTED_EDGE ( 'NONE', *, *, #2419, .F. ) ;
#4279 = CARTESIAN_POINT ( 'NONE',  ( 3.274999999999999911, 1.719999999999999973, 2.928844164890265223 ) ) ;
#4280 = CARTESIAN_POINT ( 'NONE',  ( -1.637873901097565366, -0.5463792282006305623, -4.102802243759191114 ) ) ;
#4281 = ORIENTED_EDGE ( 'NONE', *, *, #824, .T. ) ;
#4282 = PRESENTATION_STYLE_ASSIGNMENT (( #3034 ) ) ;
#4283 = EDGE_LOOP ( 'NONE', ( #1812, #133, #1723, #2215 ) ) ;
#4284 = FACE_OUTER_BOUND ( 'NONE', #1251, .T. ) ;
#4285 = COLOUR_RGB ( '',0.8941176470588234615, 0.9137254901960784048, 0.9294117647058823817 ) ;
#4286 = AXIS2_PLACEMENT_3D ( 'NONE', #3946, #2180, #3408 ) ;
#4287 =( LENGTH_UNIT ( ) NAMED_UNIT ( * ) SI_UNIT ( .MILLI., .METRE. ) );
#4288 = VERTEX_POINT ( 'NONE', #2539 ) ;
#4289 = SURFACE_STYLE_USAGE ( .BOTH. , #5024 ) ;
#4290 = DIRECTION ( 'NONE',  ( -0.4999999999999975020, 0.8660254037844400399, 0.000000000000000000 ) ) ;
#4291 = COLOUR_RGB ( '',1.000000000000000000, 0.1686274509803921684, 0.1686274509803921684 ) ;
#4292 = SURFACE_SIDE_STYLE ('',( #4340 ) ) ;
#4293 = CARTESIAN_POINT ( 'NONE',  ( 2.020000000000000018, 1.719999999999999973, -3.665516011480168146 ) ) ;
#4294 =( GEOMETRIC_REPRESENTATION_CONTEXT ( 3 ) GLOBAL_UNCERTAINTY_ASSIGNED_CONTEXT ( ( #5160 ) ) GLOBAL_UNIT_ASSIGNED_CONTEXT ( ( #4142, #4487, #1793 ) ) REPRESENTATION_CONTEXT ( 'NONE', 'WORKASPACE' ) );
#4295 = FILL_AREA_STYLE_COLOUR ( '', #1810 ) ;
#4296 = ADVANCED_FACE ( 'NONE', ( #3246 ), #1738, .T. ) ;
#4297 = VERTEX_POINT ( 'NONE', #2908 ) ;
#4298 =( GEOMETRIC_REPRESENTATION_CONTEXT ( 3 ) GLOBAL_UNCERTAINTY_ASSIGNED_CONTEXT ( ( #2020 ) ) GLOBAL_UNIT_ASSIGNED_CONTEXT ( ( #3617, #1998, #394 ) ) REPRESENTATION_CONTEXT ( 'NONE', 'WORKASPACE' ) );
#4299 = DIRECTION ( 'NONE',  ( -0.000000000000000000, -1.000000000000000000, -0.000000000000000000 ) ) ;
#4300 = SURFACE_SIDE_STYLE ('',( #4185 ) ) ;
#4301 = EDGE_CURVE ( 'NONE', #721, #4623, #2037, .T. ) ;
#4302 = ORIENTED_EDGE ( 'NONE', *, *, #1907, .T. ) ;
#4303 = CARTESIAN_POINT ( 'NONE',  ( 1.545000000000000595, -0.5999999999999998668, 4.249871604293129046 ) ) ;
#4304 = CARTESIAN_POINT ( 'NONE',  ( 0.5200000000000000178, -0.3257586221349297317, -4.092794962964849681 ) ) ;
#4305 = CARTESIAN_POINT ( 'NONE',  ( 0.5200000000000000178, 1.370000000000000107, 3.665516011480168146 ) ) ;
#4306 = LINE ( 'NONE', #4279, #1079 ) ;
#4307 =( NAMED_UNIT ( * ) PLANE_ANGLE_UNIT ( ) SI_UNIT ( $, .RADIAN. ) );
#4308 = ORIENTED_EDGE ( 'NONE', *, *, #455, .F. ) ;
#4309 = FACE_OUTER_BOUND ( 'NONE', #1732, .T. ) ;
#4310 = ORIENTED_EDGE ( 'NONE', *, *, #1884, .F. ) ;
#4311 = ADVANCED_FACE ( 'NONE', ( #4444 ), #138, .F. ) ;
#4312 =( LENGTH_UNIT ( ) NAMED_UNIT ( * ) SI_UNIT ( .MILLI., .METRE. ) );
#4313 = LINE ( 'NONE', #1589, #2078 ) ;
#4314 = DIRECTION ( 'NONE',  ( -1.000000000000000000, 0.000000000000000000, -0.000000000000000000 ) ) ;
#4315 = CARTESIAN_POINT ( 'NONE',  ( 0.5200000000000000178, 1.385859581945312113, -4.015156503500930008 ) ) ;
#4316 = ORIENTED_EDGE ( 'NONE', *, *, #1767, .T. ) ;
#4317 = UNCERTAINTY_MEASURE_WITH_UNIT (LENGTH_MEASURE( 1.000000000000000082E-05 ), #2276, 'distance_accuracy_value', 'NONE');
#4318 = ORIENTED_EDGE ( 'NONE', *, *, #3627, .F. ) ;
#4319 = SURFACE_STYLE_FILL_AREA ( #2668 ) ;
#4320 = CARTESIAN_POINT ( 'NONE',  ( 2.020000000000000018, 1.470000000000000195, 3.665516011480168146 ) ) ;
#4321 = FACE_OUTER_BOUND ( 'NONE', #3063, .T. ) ;
#4322 = VERTEX_POINT ( 'NONE', #4896 ) ;
#4323 = STYLED_ITEM ( 'NONE', ( #3434 ), #197 ) ;
#4324 = CARTESIAN_POINT ( 'NONE',  ( 0.7199999999999996403, 5.156606874731850532, 0.1499999999999999667 ) ) ;
#4325 = ADVANCED_FACE ( 'NONE', ( #1307 ), #2063, .F. ) ;
#4326 = DIRECTION ( 'NONE',  ( -6.141068999935583157E-18, -0.04531309127232126255, -0.9989728343450319237 ) ) ;
#4327 = CARTESIAN_POINT ( 'NONE',  ( -0.9949999999999999956, -3.799999999999999822, -4.000128395706870954 ) ) ;
#4328 = FACE_OUTER_BOUND ( 'NONE', #1848, .T. ) ;
#4329 = CARTESIAN_POINT ( 'NONE',  ( 2.020000000000000018, 3.669999999999999929, -1.810000000000000053 ) ) ;
#4330 = COLOUR_RGB ( '',1.000000000000000000, 1.000000000000000000, 1.000000000000000000 ) ;
#4331 =( LENGTH_UNIT ( ) NAMED_UNIT ( * ) SI_UNIT ( .MILLI., .METRE. ) );
#4332 = ORIENTED_EDGE ( 'NONE', *, *, #998, .T. ) ;
#4333 = CARTESIAN_POINT ( 'NONE',  ( 0.7199999999999995293, 3.669999999999999929, -0.8499999999999999778 ) ) ;
#4334 = VECTOR ( 'NONE', #207, 1000.000000000000000 ) ;
#4335 = CARTESIAN_POINT ( 'NONE',  ( -0.5200000000000000178, 1.385859581945312113, -4.015156503500930008 ) ) ;
#4336 = SURFACE_SIDE_STYLE ('',( #1145 ) ) ;
#4337 = DIRECTION ( 'NONE',  ( -1.000000000000000000, 0.000000000000000000, 0.000000000000000000 ) ) ;
#4338 = EDGE_CURVE ( 'NONE', #4717, #3979, #1854, .T. ) ;
#4339 = COLOUR_RGB ( '',1.000000000000000000, 1.000000000000000000, 1.000000000000000000 ) ;
#4340 = SURFACE_STYLE_FILL_AREA ( #712 ) ;
#4341 = DIRECTION ( 'NONE',  ( 1.084202172485504434E-16, 0.000000000000000000, -1.000000000000000000 ) ) ;
#4342 = COLOUR_RGB ( '',0.8941176470588234615, 0.9137254901960784048, 0.9294117647058823817 ) ;
#4343 = DIRECTION ( 'NONE',  ( 1.084202172485504434E-16, -0.000000000000000000, -1.000000000000000000 ) ) ;
#4344 = LINE ( 'NONE', #1787, #4867 ) ;
#4345 = EDGE_CURVE ( 'NONE', #5072, #971, #3364, .T. ) ;
#4346 = COLOUR_RGB ( '',1.000000000000000000, 0.1686274509803921684, 0.1686274509803921684 ) ;
#4347 = ORIENTED_EDGE ( 'NONE', *, *, #1592, .F. ) ;
#4348 = SURFACE_STYLE_USAGE ( .BOTH. , #4790 ) ;
#4349 =( GEOMETRIC_REPRESENTATION_CONTEXT ( 3 ) GLOBAL_UNCERTAINTY_ASSIGNED_CONTEXT ( ( #1341 ) ) GLOBAL_UNIT_ASSIGNED_CONTEXT ( ( #1232, #2817, #2792 ) ) REPRESENTATION_CONTEXT ( 'NONE', 'WORKASPACE' ) );
#4350 = CARTESIAN_POINT ( 'NONE',  ( 2.020000000000000018, 1.374531309127232204, 3.765413294914671027 ) ) ;
#4351 = ORIENTED_EDGE ( 'NONE', *, *, #1160, .T. ) ;
#4352 = VECTOR ( 'NONE', #2807, 1000.000000000000227 ) ;
#4353 = AXIS2_PLACEMENT_3D ( 'NONE', #3682, #96, #4996 ) ;
#4354 = CARTESIAN_POINT ( 'NONE',  ( 0.5200000000000000178, 1.369999999999999885, 3.665516011480168146 ) ) ;
#4355 =( NAMED_UNIT ( * ) SI_UNIT ( $, .STERADIAN. ) SOLID_ANGLE_UNIT ( ) );
#4356 = ORIENTED_EDGE ( 'NONE', *, *, #1312, .T. ) ;
#4357 = DIRECTION ( 'NONE',  ( -0.000000000000000000, 0.000000000000000000, -1.000000000000000000 ) ) ;
#4358 = DIRECTION ( 'NONE',  ( 0.000000000000000000, 0.000000000000000000, 1.000000000000000000 ) ) ;
#4359 = VERTEX_POINT ( 'NONE', #3806 ) ;
#4360 =( NAMED_UNIT ( * ) SI_UNIT ( $, .STERADIAN. ) SOLID_ANGLE_UNIT ( ) );
#4361 = VECTOR ( 'NONE', #4512, 1000.000000000000000 ) ;
#4362 = CARTESIAN_POINT ( 'NONE',  ( -0.7199999999999995293, 5.156606874731850532, -0.8499999999999999778 ) ) ;
#4363 = CARTESIAN_POINT ( 'NONE',  ( -1.819999999999999840, 3.070000000000000284, -0.8499999999999999778 ) ) ;
#4364 = VERTEX_POINT ( 'NONE', #4259 ) ;
#4365 = VECTOR ( 'NONE', #597, 1000.000000000000000 ) ;
#4366 = CARTESIAN_POINT ( 'NONE',  ( -1.869999999999999662, 3.070000000000000284, -0.8499999999999995337 ) ) ;
#4367 = VECTOR ( 'NONE', #4954, 1000.000000000000000 ) ;
#4368 = CARTESIAN_POINT ( 'NONE',  ( 0.7199999999999996403, 3.070000000000000284, 0.1499999999999999667 ) ) ;
#4369 = LINE ( 'NONE', #3518, #2336 ) ;
#4370 =( NAMED_UNIT ( * ) SI_UNIT ( $, .STERADIAN. ) SOLID_ANGLE_UNIT ( ) );
#4371 = SURFACE_STYLE_USAGE ( .BOTH. , #4474 ) ;
#4372 = ORIENTED_EDGE ( 'NONE', *, *, #3937, .F. ) ;
#4373 = MECHANICAL_DESIGN_GEOMETRIC_PRESENTATION_REPRESENTATION (  '', ( #2123 ), #3095 ) ;
#4374 = ADVANCED_FACE ( 'NONE', ( #572 ), #3338, .T. ) ;
#4375 = UNCERTAINTY_MEASURE_WITH_UNIT (LENGTH_MEASURE( 1.000000000000000082E-05 ), #5022, 'distance_accuracy_value', 'NONE');
#4376 = AXIS2_PLACEMENT_3D ( 'NONE', #5114, #4002, #5158 ) ;
#4377 = ADVANCED_FACE ( 'NONE', ( #4972 ), #2196, .F. ) ;
#4378 = PLANE ( 'NONE',  #4173 ) ;
#4379 = SURFACE_STYLE_FILL_AREA ( #2764 ) ;
#4380 = DIRECTION ( 'NONE',  ( -0.000000000000000000, 0.000000000000000000, -1.000000000000000000 ) ) ;
#4381 = ORIENTED_EDGE ( 'NONE', *, *, #2645, .T. ) ;
#4382 = CARTESIAN_POINT ( 'NONE',  ( -3.274999999999999911, 1.719999999999999973, 3.339999999999999858 ) ) ;
#4383 = COLOUR_RGB ( '',0.2980392156862745057, 0.2980392156862745057, 0.2980392156862745057 ) ;
#4384 = UNCERTAINTY_MEASURE_WITH_UNIT (LENGTH_MEASURE( 1.000000000000000082E-05 ), #2643, 'distance_accuracy_value', 'NONE');
#4385 = EDGE_CURVE ( 'NONE', #723, #2597, #4676, .T. ) ;
#4386 = VECTOR ( 'NONE', #1212, 1000.000000000000000 ) ;
#4387 = SURFACE_SIDE_STYLE ('',( #2774 ) ) ;
#4388 = ORIENTED_EDGE ( 'NONE', *, *, #4435, .F. ) ;
#4389 =( NAMED_UNIT ( * ) PLANE_ANGLE_UNIT ( ) SI_UNIT ( $, .RADIAN. ) );
#4390 = VERTEX_POINT ( 'NONE', #2730 ) ;
#4391 = DIRECTION ( 'NONE',  ( -1.000000000000000000, -0.000000000000000000, -0.000000000000000000 ) ) ;
#4392 = SURFACE_STYLE_USAGE ( .BOTH. , #2779 ) ;
#4393 = CARTESIAN_POINT ( 'NONE',  ( 3.274999999999999911, 1.719999999999999973, 2.928844164890263446 ) ) ;
#4394 = EDGE_LOOP ( 'NONE', ( #415, #5035, #3222, #3904 ) ) ;
#4395 = CARTESIAN_POINT ( 'NONE',  ( 2.020000000000000018, 1.719999999999999973, 3.665516011480168146 ) ) ;
#4396 = DIRECTION ( 'NONE',  ( 0.000000000000000000, -0.000000000000000000, 1.000000000000000000 ) ) ;
#4397 = LINE ( 'NONE', #2407, #65 ) ;
#4398 = EDGE_CURVE ( 'NONE', #3979, #18, #3105, .T. ) ;
#4399 = EDGE_CURVE ( 'NONE', #2506, #3215, #2303, .T. ) ;
#4400 = CARTESIAN_POINT ( 'NONE',  ( -3.275000000000000355, 3.669999999999999929, 3.339999999999999858 ) ) ;
#4401 = ORIENTED_EDGE ( 'NONE', *, *, #1488, .F. ) ;
#4402 = DIRECTION ( 'NONE',  ( 0.000000000000000000, -0.04531309127232063111, -0.9989728343450319237 ) ) ;
#4403 = ORIENTED_EDGE ( 'NONE', *, *, #1180, .F. ) ;
#4404 = DIRECTION ( 'NONE',  ( -1.353860646563606630E-16, 0.9989728343450317016, -0.04531309127232062417 ) ) ;
#4405 = CARTESIAN_POINT ( 'NONE',  ( -2.020000000000000018, -0.3257586221349297317, -3.665516011480168146 ) ) ;
#4406 = CIRCLE ( 'NONE', #977, 0.2750000000000002998 ) ;
#4407 = PLANE ( 'NONE',  #2612 ) ;
#4408 = VERTEX_POINT ( 'NONE', #1197 ) ;
#4409 = PRESENTATION_STYLE_ASSIGNMENT (( #5 ) ) ;
#4410 =( NAMED_UNIT ( * ) SI_UNIT ( $, .STERADIAN. ) SOLID_ANGLE_UNIT ( ) );
#4411 =( NAMED_UNIT ( * ) PLANE_ANGLE_UNIT ( ) SI_UNIT ( $, .RADIAN. ) );
#4412 = VERTEX_POINT ( 'NONE', #4393 ) ;
#4413 = COLOUR_RGB ( '',1.000000000000000000, 0.1686274509803921684, 0.1686274509803921684 ) ;
#4414 = STYLED_ITEM ( 'NONE', ( #4046 ), #4638 ) ;
#4415 = CARTESIAN_POINT ( 'NONE',  ( 2.020000000000000018, 1.470000000000000417, 3.665516011480168146 ) ) ;
#4416 = FACE_OUTER_BOUND ( 'NONE', #453, .T. ) ;
#4417 = FILL_AREA_STYLE_COLOUR ( '', #1755 ) ;
#4418 = AXIS2_PLACEMENT_3D ( 'NONE', #4461, #1992, #29 ) ;
#4419 = VERTEX_POINT ( 'NONE', #4703 ) ;
#4420 = PRESENTATION_LAYER_ASSIGNMENT (  '', '', ( #5009 ) ) ;
#4421 = UNCERTAINTY_MEASURE_WITH_UNIT (LENGTH_MEASURE( 1.000000000000000082E-05 ), #3559, 'distance_accuracy_value', 'NONE');
#4422 =( NAMED_UNIT ( * ) SI_UNIT ( $, .STERADIAN. ) SOLID_ANGLE_UNIT ( ) );
#4423 = PRESENTATION_LAYER_ASSIGNMENT (  '', '', ( #753 ) ) ;
#4424 = ORIENTED_EDGE ( 'NONE', *, *, #5078, .F. ) ;
#4425 = COLOUR_RGB ( '',0.8941176470588234615, 0.9137254901960784048, 0.9294117647058823817 ) ;
#4426 = UNCERTAINTY_MEASURE_WITH_UNIT (LENGTH_MEASURE( 1.000000000000000082E-05 ), #5066, 'distance_accuracy_value', 'NONE');
#4427 =( NAMED_UNIT ( * ) PLANE_ANGLE_UNIT ( ) SI_UNIT ( $, .RADIAN. ) );
#4428 = CARTESIAN_POINT ( 'NONE',  ( -9.986549746519054693, 3.669999999999999929, -3.339999999999999858 ) ) ;
#4429 = EDGE_CURVE ( 'NONE', #4647, #3251, #4745, .T. ) ;
#4430 = CARTESIAN_POINT ( 'NONE',  ( -9.986549746519054693, 3.020000000000000018, -3.339999999999999858 ) ) ;
#4431 = CARTESIAN_POINT ( 'NONE',  ( 3.274999999999999911, 3.020000000000000018, 3.339999999999999858 ) ) ;
#4432 =( LENGTH_UNIT ( ) NAMED_UNIT ( * ) SI_UNIT ( .MILLI., .METRE. ) );
#4433 = FACE_OUTER_BOUND ( 'NONE', #1947, .T. ) ;
#4434 = UNCERTAINTY_MEASURE_WITH_UNIT (LENGTH_MEASURE( 1.000000000000000082E-05 ), #2917, 'distance_accuracy_value', 'NONE');
#4435 = EDGE_CURVE ( 'NONE', #4100, #2614, #4313, .T. ) ;
#4436 = CARTESIAN_POINT ( 'NONE',  ( -2.020000000000000018, 1.470000000000000195, -2.866512164179471522 ) ) ;
#4437 = FACE_OUTER_BOUND ( 'NONE', #1292, .T. ) ;
#4438 = VERTEX_POINT ( 'NONE', #4747 ) ;
#4439 = EDGE_CURVE ( 'NONE', #2100, #1898, #5125, .T. ) ;
#4440 = AXIS2_PLACEMENT_3D ( 'NONE', #4515, #1666, #4070 ) ;
#4441 = DIRECTION ( 'NONE',  ( -1.000000000000000000, -0.000000000000000000, -0.000000000000000000 ) ) ;
#4442 = STYLED_ITEM ( 'NONE', ( #889 ), #1387 ) ;
#4443 = FILL_AREA_STYLE ('',( #400 ) ) ;
#4444 = FACE_OUTER_BOUND ( 'NONE', #2295, .T. ) ;
#4445 = ORIENTED_EDGE ( 'NONE', *, *, #3266, .F. ) ;
#4446 = VECTOR ( 'NONE', #2714, 1000.000000000000227 ) ;
#4447 = ORIENTED_EDGE ( 'NONE', *, *, #4439, .F. ) ;
#4448 = PRESENTATION_LAYER_ASSIGNMENT (  '', '', ( #1287 ) ) ;
#4449 = AXIS2_PLACEMENT_3D ( 'NONE', #1664, #3695, #3284 ) ;
#4450 = FACE_OUTER_BOUND ( 'NONE', #2636, .T. ) ;
#4451 = MECHANICAL_DESIGN_GEOMETRIC_PRESENTATION_REPRESENTATION (  '', ( #3777 ), #938 ) ;
#4452 = SURFACE_STYLE_USAGE ( .BOTH. , #3631 ) ;
#4453 = ORIENTED_EDGE ( 'NONE', *, *, #3602, .F. ) ;
#4454 = EDGE_LOOP ( 'NONE', ( #483, #833, #3710, #1920 ) ) ;
#4455 = PLANE ( 'NONE',  #4026 ) ;
#4456 = CIRCLE ( 'NONE', #2770, 0.3500000000000004774 ) ;
#4457 = MECHANICAL_DESIGN_GEOMETRIC_PRESENTATION_REPRESENTATION (  '', ( #1623 ), #3949 ) ;
#4458 = CARTESIAN_POINT ( 'NONE',  ( -1.270000000000000018, -3.799999999999999822, 4.000128395706870954 ) ) ;
#4459 = FILL_AREA_STYLE ('',( #2479 ) ) ;
#4460 = ADVANCED_FACE ( 'NONE', ( #5096 ), #3934, .F. ) ;
#4461 = CARTESIAN_POINT ( 'NONE',  ( 3.274999999999999911, 0.000000000000000000, -2.500000000000000000 ) ) ;
#4462 = ORIENTED_EDGE ( 'NONE', *, *, #3885, .T. ) ;
#4463 = VECTOR ( 'NONE', #5172, 1000.000000000000000 ) ;
#4464 = VECTOR ( 'NONE', #962, 1000.000000000000000 ) ;
#4465 = CARTESIAN_POINT ( 'NONE',  ( -9.986549746519054693, 3.669999999999999929, 3.339999999999999858 ) ) ;
#4466 =( NAMED_UNIT ( * ) PLANE_ANGLE_UNIT ( ) SI_UNIT ( $, .RADIAN. ) );
#4467 = DIRECTION ( 'NONE',  ( 0.000000000000000000, 0.04531309127232078376, 0.9989728343450318127 ) ) ;
#4468 = MECHANICAL_DESIGN_GEOMETRIC_PRESENTATION_REPRESENTATION (  '', ( #2468 ), #1878 ) ;
#4469 = CARTESIAN_POINT ( 'NONE',  ( -0.5200000000000000178, 1.470000000000000417, -3.665516011480168146 ) ) ;
#4470 = SURFACE_STYLE_FILL_AREA ( #2484 ) ;
#4471 = ORIENTED_EDGE ( 'NONE', *, *, #3555, .T. ) ;
#4472 =( NAMED_UNIT ( * ) SI_UNIT ( $, .STERADIAN. ) SOLID_ANGLE_UNIT ( ) );
#4473 = DIRECTION ( 'NONE',  ( 0.000000000000000000, 0.000000000000000000, -1.000000000000000000 ) ) ;
#4474 = SURFACE_SIDE_STYLE ('',( #3461 ) ) ;
#4475 = DIRECTION ( 'NONE',  ( -0.000000000000000000, 1.000000000000000000, 0.000000000000000000 ) ) ;
#4476 = EDGE_CURVE ( 'NONE', #2551, #3116, #3479, .T. ) ;
#4477 = SURFACE_STYLE_FILL_AREA ( #3175 ) ;
#4478 = CARTESIAN_POINT ( 'NONE',  ( -2.020000000000000018, 3.370000000000000107, 1.809999999999999165 ) ) ;
#4479 = ORIENTED_EDGE ( 'NONE', *, *, #3685, .F. ) ;
#4480 = CARTESIAN_POINT ( 'NONE',  ( 2.020000000000000018, -3.799999999999999822, -4.000128395706870954 ) ) ;
#4481 = FACE_BOUND ( 'NONE', #1523, .T. ) ;
#4482 =( LENGTH_UNIT ( ) NAMED_UNIT ( * ) SI_UNIT ( .MILLI., .METRE. ) );
#4483 = LINE ( 'NONE', #923, #784 ) ;
#4484 = SURFACE_STYLE_FILL_AREA ( #1194 ) ;
#4485 =( NAMED_UNIT ( * ) SI_UNIT ( $, .STERADIAN. ) SOLID_ANGLE_UNIT ( ) );
#4486 = ORIENTED_EDGE ( 'NONE', *, *, #2523, .F. ) ;
#4487 =( NAMED_UNIT ( * ) PLANE_ANGLE_UNIT ( ) SI_UNIT ( $, .RADIAN. ) );
#4488 = PRESENTATION_LAYER_ASSIGNMENT (  '', '', ( #1569 ) ) ;
#4489 = DIRECTION ( 'NONE',  ( 1.000000000000000000, -0.000000000000000000, -0.000000000000000000 ) ) ;
#4490 = FILL_AREA_STYLE_COLOUR ( '', #162 ) ;
#4491 = ORIENTED_EDGE ( 'NONE', *, *, #4345, .F. ) ;
#4492 = ADVANCED_FACE ( 'NONE', ( #315 ), #1928, .T. ) ;
#4493 = FACE_OUTER_BOUND ( 'NONE', #3418, .T. ) ;
#4494 = VECTOR ( 'NONE', #3050, 1000.000000000000000 ) ;
#4495 = AXIS2_PLACEMENT_3D ( 'NONE', #1919, #4669, #3877 ) ;
#4496 = DIRECTION ( 'NONE',  ( 0.000000000000000000, -0.000000000000000000, 1.000000000000000000 ) ) ;
#4497 = LINE ( 'NONE', #913, #520 ) ;
#4498 = CARTESIAN_POINT ( 'NONE',  ( -2.020000000000000018, 3.669999999999999929, -1.809999999999999165 ) ) ;
#4499 = LINE ( 'NONE', #3397, #5027 ) ;
#4500 = COLOUR_RGB ( '',1.000000000000000000, 0.1686274509803921684, 0.1686274509803921684 ) ;
#4501 = FACE_OUTER_BOUND ( 'NONE', #3036, .T. ) ;
#4502 = CARTESIAN_POINT ( 'NONE',  ( -0.5200000000000002398, 3.669999999999999929, 1.809999999999999165 ) ) ;
#4503 = COLOUR_RGB ( '',1.000000000000000000, 1.000000000000000000, 1.000000000000000000 ) ;
#4504 = STYLED_ITEM ( 'NONE', ( #1108 ), #4057 ) ;
#4505 = LINE ( 'NONE', #2899, #3574 ) ;
#4506 = LINE ( 'NONE', #2029, #817 ) ;
#4507 = EDGE_LOOP ( 'NONE', ( #2975, #3059, #1938, #1349 ) ) ;
#4508 = VECTOR ( 'NONE', #2473, 1000.000000000000000 ) ;
#4509 = VECTOR ( 'NONE', #3875, 1000.000000000000000 ) ;
#4510 = SURFACE_STYLE_USAGE ( .BOTH. , #3666 ) ;
#4511 = COLOUR_RGB ( '',0.8941176470588234615, 0.9137254901960784048, 0.9294117647058823817 ) ;
#4512 = DIRECTION ( 'NONE',  ( 1.000000000000000000, -0.000000000000000000, -0.000000000000000000 ) ) ;
#4513 = AXIS2_PLACEMENT_3D ( 'NONE', #2393, #3972, #3066 ) ;
#4514 = PRESENTATION_STYLE_ASSIGNMENT (( #4864 ) ) ;
#4515 = CARTESIAN_POINT ( 'NONE',  ( 1.819999999999999840, 5.156606874731850532, -0.8499999999999999778 ) ) ;
#4516 = VERTEX_POINT ( 'NONE', #2900 ) ;
#4518 = CARTESIAN_POINT ( 'NONE',  ( 2.020000000000000018, 1.719999999999999973, 2.928844164890265223 ) ) ;
#4517 = AXIS2_PLACEMENT_3D ( 'NONE', #1167, #3827, #3448 ) ;
#4519 = CARTESIAN_POINT ( 'NONE',  ( 1.270000000000000018, -3.525282470555116010, -3.987667295606982965 ) ) ;
#4520 = LINE ( 'NONE', #911, #1522 ) ;
#4521 =( GEOMETRIC_REPRESENTATION_CONTEXT ( 3 ) GLOBAL_UNCERTAINTY_ASSIGNED_CONTEXT ( ( #1960 ) ) GLOBAL_UNIT_ASSIGNED_CONTEXT ( ( #3234, #4466, #4534 ) ) REPRESENTATION_CONTEXT ( 'NONE', 'WORKASPACE' ) );
#4522 = CARTESIAN_POINT ( 'NONE',  ( -9.986549746519054693, 3.669999999999999929, 3.339999999999999858 ) ) ;
#4523 = CARTESIAN_POINT ( 'NONE',  ( 0.6699999999999997069, 3.370000000000000107, -0.8499999999999999778 ) ) ;
#4524 = LINE ( 'NONE', #1337, #2776 ) ;
#4525 = EDGE_CURVE ( 'NONE', #1583, #1477, #1272, .T. ) ;
#4526 = EDGE_CURVE ( 'NONE', #4623, #4165, #2497, .T. ) ;
#4527 = EDGE_CURVE ( 'NONE', #553, #2777, #3236, .T. ) ;
#4528 =( GEOMETRIC_REPRESENTATION_CONTEXT ( 3 ) GLOBAL_UNCERTAINTY_ASSIGNED_CONTEXT ( ( #3732 ) ) GLOBAL_UNIT_ASSIGNED_CONTEXT ( ( #2058, #1799, #2869 ) ) REPRESENTATION_CONTEXT ( 'NONE', 'WORKASPACE' ) );
#4529 = CIRCLE ( 'NONE', #2763, 0.3500000000000004774 ) ;
#4530 = LINE ( 'NONE', #4007, #3594 ) ;
#4531 = UNCERTAINTY_MEASURE_WITH_UNIT (LENGTH_MEASURE( 1.000000000000000082E-05 ), #5015, 'distance_accuracy_value', 'NONE');
#4532 = EDGE_LOOP ( 'NONE', ( #1540, #3801, #2467, #2218 ) ) ;
#4533 = LINE ( 'NONE', #4465, #13 ) ;
#4534 =( NAMED_UNIT ( * ) SI_UNIT ( $, .STERADIAN. ) SOLID_ANGLE_UNIT ( ) );
#4535 =( NAMED_UNIT ( * ) PLANE_ANGLE_UNIT ( ) SI_UNIT ( $, .RADIAN. ) );
#4536 = EDGE_CURVE ( 'NONE', #3447, #82, #2425, .T. ) ;
#4537 = LINE ( 'NONE', #206, #3838 ) ;
#4538 =( GEOMETRIC_REPRESENTATION_CONTEXT ( 3 ) GLOBAL_UNCERTAINTY_ASSIGNED_CONTEXT ( ( #1236 ) ) GLOBAL_UNIT_ASSIGNED_CONTEXT ( ( #238, #1850, #5050 ) ) REPRESENTATION_CONTEXT ( 'NONE', 'WORKASPACE' ) );
#4539 = CARTESIAN_POINT ( 'NONE',  ( 0.5200000000000000178, -0.3257586221349297317, -4.249871604293129046 ) ) ;
#4540 = ORIENTED_EDGE ( 'NONE', *, *, #3891, .T. ) ;
#4541 = VECTOR ( 'NONE', #939, 1000.000000000000000 ) ;
#4542 = FILL_AREA_STYLE ('',( #1730 ) ) ;
#4543 = ORIENTED_EDGE ( 'NONE', *, *, #5097, .F. ) ;
#4544 = VECTOR ( 'NONE', #2599, 1000.000000000000000 ) ;
#4545 = VERTEX_POINT ( 'NONE', #3281 ) ;
#4546 = FILL_AREA_STYLE ('',( #3755 ) ) ;
#4547 = CARTESIAN_POINT ( 'NONE',  ( 2.020000000000000018, -0.3257586221349297317, 3.665516011480168146 ) ) ;
#4548 = CARTESIAN_POINT ( 'NONE',  ( 2.020000000000000018, 3.370000000000000107, 1.810000000000000053 ) ) ;
#4549 = FILL_AREA_STYLE ('',( #1361 ) ) ;
#4550 = FILL_AREA_STYLE_COLOUR ( '', #2405 ) ;
#4551 = LINE ( 'NONE', #2102, #1525 ) ;
#4552 = DIRECTION ( 'NONE',  ( -0.000000000000000000, 0.000000000000000000, 1.000000000000000000 ) ) ;
#4553 = ORIENTED_EDGE ( 'NONE', *, *, #10, .T. ) ;
#4554 = FILL_AREA_STYLE_COLOUR ( '', #434 ) ;
#4555 = EDGE_CURVE ( 'NONE', #2647, #3779, #2859, .T. ) ;
#4556 = FACE_OUTER_BOUND ( 'NONE', #1464, .T. ) ;
#4557 = FILL_AREA_STYLE ('',( #2630 ) ) ;
#4558 = LINE ( 'NONE', #3004, #4334 ) ;
#4559 = ORIENTED_EDGE ( 'NONE', *, *, #4753, .F. ) ;
#4560 = LINE ( 'NONE', #1322, #2992 ) ;
#4561 = ORIENTED_EDGE ( 'NONE', *, *, #70, .F. ) ;
#4562 = PLANE ( 'NONE',  #160 ) ;
#4563 = FILL_AREA_STYLE ('',( #3783 ) ) ;
#4564 = SURFACE_STYLE_USAGE ( .BOTH. , #2960 ) ;
#4565 = ORIENTED_EDGE ( 'NONE', *, *, #1224, .T. ) ;
#4566 =( GEOMETRIC_REPRESENTATION_CONTEXT ( 3 ) GLOBAL_UNCERTAINTY_ASSIGNED_CONTEXT ( ( #2893 ) ) GLOBAL_UNIT_ASSIGNED_CONTEXT ( ( #376, #1961, #3521 ) ) REPRESENTATION_CONTEXT ( 'NONE', 'WORKASPACE' ) );
#4567 = CARTESIAN_POINT ( 'NONE',  ( 0.6699999999999997069, 3.370000000000000107, 0.8499999999999999778 ) ) ;
#4568 = FILL_AREA_STYLE_COLOUR ( '', #3614 ) ;
#4569 = PLANE ( 'NONE',  #183 ) ;
#4570 = UNCERTAINTY_MEASURE_WITH_UNIT (LENGTH_MEASURE( 1.000000000000000082E-05 ), #1673, 'distance_accuracy_value', 'NONE');
#4571 = CARTESIAN_POINT ( 'NONE',  ( 0.5200000000000002398, 3.370000000000000107, 1.810000000000000053 ) ) ;
#4572 = AXIS2_PLACEMENT_3D ( 'NONE', #2362, #1526, #1074 ) ;
#4573 = FILL_AREA_STYLE_COLOUR ( '', #4285 ) ;
#4574 = PRESENTATION_STYLE_ASSIGNMENT (( #4902 ) ) ;
#4575 = AXIS2_PLACEMENT_3D ( 'NONE', #5042, #1457, #646 ) ;
#4576 = FILL_AREA_STYLE ('',( #1392 ) ) ;
#4577 = ORIENTED_EDGE ( 'NONE', *, *, #3262, .F. ) ;
#4578 = DIRECTION ( 'NONE',  ( 1.000000000000000000, 0.000000000000000000, 0.000000000000000000 ) ) ;
#4579 = ORIENTED_EDGE ( 'NONE', *, *, #229, .F. ) ;
#4580 = CARTESIAN_POINT ( 'NONE',  ( 1.545000000000000151, -3.525282470555116010, 3.987667295606982965 ) ) ;
#4581 = PRESENTATION_LAYER_ASSIGNMENT (  '', '', ( #578 ) ) ;
#4582 = DIRECTION ( 'NONE',  ( 0.000000000000000000, 0.000000000000000000, -1.000000000000000000 ) ) ;
#4583 = EDGE_CURVE ( 'NONE', #519, #2219, #3587, .T. ) ;
#4584 = VECTOR ( 'NONE', #2786, 1000.000000000000000 ) ;
#4585 = CARTESIAN_POINT ( 'NONE',  ( -0.5200000000000000178, 1.470000000000000417, 3.665516011480168146 ) ) ;
#4586 = FILL_AREA_STYLE ('',( #3030 ) ) ;
#4587 = EDGE_LOOP ( 'NONE', ( #1644, #1205, #2845, #3332 ) ) ;
#4588 = CARTESIAN_POINT ( 'NONE',  ( 2.020000000000000018, 1.370000000000000107, 3.665516011480168146 ) ) ;
#4589 = SURFACE_STYLE_FILL_AREA ( #3331 ) ;
#4590 = STYLED_ITEM ( 'NONE', ( #808 ), #603 ) ;
#4591 = ORIENTED_EDGE ( 'NONE', *, *, #550, .F. ) ;
#4592 = PRESENTATION_STYLE_ASSIGNMENT (( #4510 ) ) ;
#4593 = VERTEX_POINT ( 'NONE', #4905 ) ;
#4594 = DIRECTION ( 'NONE',  ( -1.000000000000000000, -0.000000000000000000, -0.000000000000000000 ) ) ;
#4595 = EDGE_CURVE ( 'NONE', #3857, #1675, #661, .T. ) ;
#4596 = EDGE_CURVE ( 'NONE', #4593, #3447, #4506, .T. ) ;
#4597 = DIRECTION ( 'NONE',  ( 0.000000000000000000, -0.9989728343450318127, -0.04531309127232183154 ) ) ;
#4598 = VERTEX_POINT ( 'NONE', #3640 ) ;
#4599 = DIRECTION ( 'NONE',  ( 0.8658027586716575685, 0.4998714557841987816, -0.02267401086559878154 ) ) ;
#4600 =( GEOMETRIC_REPRESENTATION_CONTEXT ( 3 ) GLOBAL_UNCERTAINTY_ASSIGNED_CONTEXT ( ( #614 ) ) GLOBAL_UNIT_ASSIGNED_CONTEXT ( ( #4482, #4824, #3708 ) ) REPRESENTATION_CONTEXT ( 'NONE', 'WORKASPACE' ) );
#4601 = SURFACE_SIDE_STYLE ('',( #2080 ) ) ;
#4602 =( NAMED_UNIT ( * ) PLANE_ANGLE_UNIT ( ) SI_UNIT ( $, .RADIAN. ) );
#4603 = CARTESIAN_POINT ( 'NONE',  ( 3.274999999999999911, 1.719999999999999973, -2.928844164890265223 ) ) ;
#4604 = AXIS2_PLACEMENT_3D ( 'NONE', #2053, #4010, #2828 ) ;
#4605 = ORIENTED_EDGE ( 'NONE', *, *, #883, .F. ) ;
#4606 = AXIS2_PLACEMENT_3D ( 'NONE', #1445, #4630, #1041 ) ;
#4607 = LINE ( 'NONE', #3348, #2173 ) ;
#4608 = FACE_OUTER_BOUND ( 'NONE', #4021, .T. ) ;
#4609 = COLOUR_RGB ( '',1.000000000000000000, 0.1686274509803921684, 0.1686274509803921684 ) ;
#4610 = ORIENTED_EDGE ( 'NONE', *, *, #2032, .T. ) ;
#4611 = DIRECTION ( 'NONE',  ( -0.000000000000000000, -0.000000000000000000, -1.000000000000000000 ) ) ;
#4612 = SURFACE_SIDE_STYLE ('',( #4666 ) ) ;
#4613 = PRESENTATION_LAYER_ASSIGNMENT (  '', '', ( #4107 ) ) ;
#4614 = EDGE_CURVE ( 'NONE', #971, #3901, #4832, .T. ) ;
#4615 = CYLINDRICAL_SURFACE ( 'NONE', #2007, 0.2750000000000002998 ) ;
#4616 = SURFACE_SIDE_STYLE ('',( #5011 ) ) ;
#4617 = PRESENTATION_STYLE_ASSIGNMENT (( #146 ) ) ;
#4618 = CARTESIAN_POINT ( 'NONE',  ( -1.819999999999999618, 3.070000000000000284, -0.8499999999999995337 ) ) ;
#4619 = VECTOR ( 'NONE', #863, 999.9999999999998863 ) ;
#4620 = CARTESIAN_POINT ( 'NONE',  ( 3.274999999999999911, 3.669999999999999929, -3.339999999999999858 ) ) ;
#4621 = DIRECTION ( 'NONE',  ( 0.000000000000000000, -2.713884735720118648E-16, 1.000000000000000000 ) ) ;
#4622 = ORIENTED_EDGE ( 'NONE', *, *, #788, .T. ) ;
#4623 = VERTEX_POINT ( 'NONE', #1244 ) ;
#4624 = FILL_AREA_STYLE_COLOUR ( '', #2705 ) ;
#4625 = CARTESIAN_POINT ( 'NONE',  ( 2.020000000000000018, 1.470000000000000195, -2.866512164179471522 ) ) ;
#4626 = PRESENTATION_LAYER_ASSIGNMENT (  '', '', ( #2123 ) ) ;
#4627 = COLOUR_RGB ( '',0.8941176470588234615, 0.9137254901960784048, 0.9294117647058823817 ) ;
#4628 = SURFACE_STYLE_FILL_AREA ( #543 ) ;
#4629 = DIRECTION ( 'NONE',  ( 0.000000000000000000, -0.000000000000000000, 1.000000000000000000 ) ) ;
#4630 = DIRECTION ( 'NONE',  ( -1.000000000000000000, 0.000000000000000000, 0.000000000000000000 ) ) ;
#4631 = VECTOR ( 'NONE', #1242, 1000.000000000000000 ) ;
#4632 = PLANE ( 'NONE',  #265 ) ;
#4633 = AXIS2_PLACEMENT_3D ( 'NONE', #3211, #2455, #4358 ) ;
#4634 = SURFACE_SIDE_STYLE ('',( #248 ) ) ;
#4635 = PRESENTATION_LAYER_ASSIGNMENT (  '', '', ( #1700 ) ) ;
#4636 = LINE ( 'NONE', #2644, #2098 ) ;
#4637 = UNCERTAINTY_MEASURE_WITH_UNIT (LENGTH_MEASURE( 1.000000000000000082E-05 ), #891, 'distance_accuracy_value', 'NONE');
#4638 = ADVANCED_FACE ( 'NONE', ( #2831 ), #508, .F. ) ;
#4639 = FILL_AREA_STYLE ('',( #3047 ) ) ;
#4640 = VERTEX_POINT ( 'NONE', #622 ) ;
#4641 = SURFACE_STYLE_USAGE ( .BOTH. , #1912 ) ;
#4642 = CARTESIAN_POINT ( 'NONE',  ( 0.5200000000000000178, 1.470000000000000417, 3.665516011480168146 ) ) ;
#4643 = ORIENTED_EDGE ( 'NONE', *, *, #1906, .T. ) ;
#4644 = LINE ( 'NONE', #1936, #1276 ) ;
#4645 = LINE ( 'NONE', #3874, #787 ) ;
#4646 = DIRECTION ( 'NONE',  ( 0.000000000000000000, -1.000000000000000000, 0.000000000000000000 ) ) ;
#4647 = VERTEX_POINT ( 'NONE', #2139 ) ;
#4648 =( NAMED_UNIT ( * ) PLANE_ANGLE_UNIT ( ) SI_UNIT ( $, .RADIAN. ) );
#4649 = CARTESIAN_POINT ( 'NONE',  ( 0.7199999999999995293, 3.070000000000000284, -0.8499999999999999778 ) ) ;
#4650 = ORIENTED_EDGE ( 'NONE', *, *, #1767, .F. ) ;
#4651 = EDGE_CURVE ( 'NONE', #3884, #2551, #4558, .T. ) ;
#4652 = ORIENTED_EDGE ( 'NONE', *, *, #1396, .T. ) ;
#4653 = PRESENTATION_STYLE_ASSIGNMENT (( #4970 ) ) ;
#4654 = PRESENTATION_STYLE_ASSIGNMENT (( #1465 ) ) ;
#4655 = DIRECTION ( 'NONE',  ( -1.355252715606880543E-16, -1.000000000000000000, 0.000000000000000000 ) ) ;
#4656 = ORIENTED_EDGE ( 'NONE', *, *, #4752, .T. ) ;
#4657 = PRESENTATION_STYLE_ASSIGNMENT (( #5058 ) ) ;
#4658 = CARTESIAN_POINT ( 'NONE',  ( -0.5200000000000000178, 1.385859581945312113, 4.015156503500930008 ) ) ;
#4659 =( NAMED_UNIT ( * ) SI_UNIT ( $, .STERADIAN. ) SOLID_ANGLE_UNIT ( ) );
#4660 = ADVANCED_FACE ( 'NONE', ( #3412 ), #2238, .F. ) ;
#4661 = CIRCLE ( 'NONE', #134, 0.3500000000000004774 ) ;
#4662 = VERTEX_POINT ( 'NONE', #1429 ) ;
#4663 = CARTESIAN_POINT ( 'NONE',  ( -3.274999999999999911, 1.719999999999999973, -3.339999999999999858 ) ) ;
#4664 =( NAMED_UNIT ( * ) PLANE_ANGLE_UNIT ( ) SI_UNIT ( $, .RADIAN. ) );
#4665 = EDGE_LOOP ( 'NONE', ( #3829, #4445, #390, #1032 ) ) ;
#4666 = SURFACE_STYLE_FILL_AREA ( #4245 ) ;
#4667 = VECTOR ( 'NONE', #2003, 1000.000000000000000 ) ;
#4668 = DIRECTION ( 'NONE',  ( -0.000000000000000000, -0.000000000000000000, -1.000000000000000000 ) ) ;
#4669 = DIRECTION ( 'NONE',  ( 1.000000000000000000, 0.000000000000000000, -1.084202172485504434E-16 ) ) ;
#4670 = LINE ( 'NONE', #4649, #4787 ) ;
#4671 = ORIENTED_EDGE ( 'NONE', *, *, #4338, .T. ) ;
#4672 = ORIENTED_EDGE ( 'NONE', *, *, #4049, .F. ) ;
#4673 = SURFACE_SIDE_STYLE ('',( #3387 ) ) ;
#4674 = ORIENTED_EDGE ( 'NONE', *, *, #4301, .T. ) ;
#4675 = SURFACE_STYLE_FILL_AREA ( #1954 ) ;
#4676 = LINE ( 'NONE', #4363, #2329 ) ;
#4677 = VERTEX_POINT ( 'NONE', #2655 ) ;
#4678 = STYLED_ITEM ( 'NONE', ( #710 ), #412 ) ;
#4679 = CARTESIAN_POINT ( 'NONE',  ( -1.270000000000000018, -3.525282470555116010, 3.987667295606982965 ) ) ;
#4680 =( GEOMETRIC_REPRESENTATION_CONTEXT ( 3 ) GLOBAL_UNCERTAINTY_ASSIGNED_CONTEXT ( ( #969 ) ) GLOBAL_UNIT_ASSIGNED_CONTEXT ( ( #3113, #2066, #2128 ) ) REPRESENTATION_CONTEXT ( 'NONE', 'WORKASPACE' ) );
#4681 = PRESENTATION_LAYER_ASSIGNMENT (  '', '', ( #4931 ) ) ;
#4682 =( LENGTH_UNIT ( ) NAMED_UNIT ( * ) SI_UNIT ( .MILLI., .METRE. ) );
#4683 = LINE ( 'NONE', #1414, #2178 ) ;
#4685 = CARTESIAN_POINT ( 'NONE',  ( -2.020000000000000018, 1.470000000000000195, -3.665516011480168146 ) ) ;
#4684 = STYLED_ITEM ( 'NONE', ( #3500 ), #879 ) ;
#4686 = STYLED_ITEM ( 'NONE', ( #2510 ), #4296 ) ;
#4687 = COLOUR_RGB ( '',1.000000000000000000, 0.1686274509803921684, 0.1686274509803921684 ) ;
#4688 = UNCERTAINTY_MEASURE_WITH_UNIT (LENGTH_MEASURE( 1.000000000000000082E-05 ), #3671, 'distance_accuracy_value', 'NONE');
#4689 = MECHANICAL_DESIGN_GEOMETRIC_PRESENTATION_REPRESENTATION (  '', ( #1095 ), #2846 ) ;
#4690 = FILL_AREA_STYLE_COLOUR ( '', #2665 ) ;
#4691 = ORIENTED_EDGE ( 'NONE', *, *, #4855, .T. ) ;
#4692 = ADVANCED_FACE ( 'NONE', ( #2157 ), #3378, .F. ) ;
#4693 = CIRCLE ( 'NONE', #2186, 0.3500000000000004774 ) ;
#4694 = CARTESIAN_POINT ( 'NONE',  ( 3.274999999999999911, 1.720000000000000195, 0.000000000000000000 ) ) ;
#4695 = PRESENTATION_LAYER_ASSIGNMENT (  '', '', ( #3419 ) ) ;
#4696 =( NAMED_UNIT ( * ) PLANE_ANGLE_UNIT ( ) SI_UNIT ( $, .RADIAN. ) );
#4697 = ORIENTED_EDGE ( 'NONE', *, *, #391, .F. ) ;
#4698 = FILL_AREA_STYLE_COLOUR ( '', #2936 ) ;
#4699 = MECHANICAL_DESIGN_GEOMETRIC_PRESENTATION_REPRESENTATION (  '', ( #430 ), #3772 ) ;
#4700 = ORIENTED_EDGE ( 'NONE', *, *, #4338, .F. ) ;
#4701 = SURFACE_STYLE_USAGE ( .BOTH. , #370 ) ;
#4702 = MECHANICAL_DESIGN_GEOMETRIC_PRESENTATION_REPRESENTATION (  '', ( #3425 ), #612 ) ;
#4703 = CARTESIAN_POINT ( 'NONE',  ( -3.274999999999999911, 1.719999999999999973, 3.339999999999999858 ) ) ;
#4704 = ORIENTED_EDGE ( 'NONE', *, *, #691, .F. ) ;
#4705 = LINE ( 'NONE', #1410, #402 ) ;
#4706 = CARTESIAN_POINT ( 'NONE',  ( -3.274999999999999911, 3.020000000000000018, -3.339999999999999858 ) ) ;
#4707 = MECHANICAL_DESIGN_GEOMETRIC_PRESENTATION_REPRESENTATION (  '', ( #352 ), #1538 ) ;
#4708 = LINE ( 'NONE', #1125, #4446 ) ;
#4709 = LINE ( 'NONE', #1568, #5188 ) ;
#4710 = VECTOR ( 'NONE', #2404, 1000.000000000000000 ) ;
#4711 = VERTEX_POINT ( 'NONE', #4134 ) ;
#4712 = ADVANCED_FACE ( 'NONE', ( #560 ), #4963, .F. ) ;
#4713 = AXIS2_PLACEMENT_3D ( 'NONE', #3541, #1345, #4087 ) ;
#4714 = EDGE_LOOP ( 'NONE', ( #2446, #3057, #798, #4462 ) ) ;
#4715 = CARTESIAN_POINT ( 'NONE',  ( -0.6699999999999997069, 3.070000000000000284, -0.8499999999999995337 ) ) ;
#4716 = CARTESIAN_POINT ( 'NONE',  ( 2.020000000000000018, 1.719999999999999973, 2.928844164890265223 ) ) ;
#4717 = VERTEX_POINT ( 'NONE', #673 ) ;
#4718 = PLANE ( 'NONE',  #4113 ) ;
#4719 = DIRECTION ( 'NONE',  ( -0.000000000000000000, -0.000000000000000000, -1.000000000000000000 ) ) ;
#4720 = CARTESIAN_POINT ( 'NONE',  ( 2.020000000000000018, 1.470000000000000195, 2.866512164179471522 ) ) ;
#4721 = DIRECTION ( 'NONE',  ( -1.000000000000000000, -0.000000000000000000, -0.000000000000000000 ) ) ;
#4722 = ORIENTED_EDGE ( 'NONE', *, *, #2090, .T. ) ;
#4723 = EDGE_CURVE ( 'NONE', #4677, #4593, #743, .T. ) ;
#4724 = FILL_AREA_STYLE_COLOUR ( '', #912 ) ;
#4725 = ORIENTED_EDGE ( 'NONE', *, *, #3163, .T. ) ;
#4726 = CARTESIAN_POINT ( 'NONE',  ( -0.5200000000000002398, 3.669999999999999929, 1.809999999999999165 ) ) ;
#4727 = PRESENTATION_STYLE_ASSIGNMENT (( #3106 ) ) ;
#4728 = ORIENTED_EDGE ( 'NONE', *, *, #3936, .F. ) ;
#4729 = SURFACE_STYLE_USAGE ( .BOTH. , #3483 ) ;
#4730 = CARTESIAN_POINT ( 'NONE',  ( -0.7199999999999995293, 3.070000000000000284, -0.8499999999999999778 ) ) ;
#4731 = CARTESIAN_POINT ( 'NONE',  ( -2.020000000000000018, -0.3257586221349297317, -4.092794962964849681 ) ) ;
#4732 = EDGE_LOOP ( 'NONE', ( #2274, #2395, #3744, #2084, #2158 ) ) ;
#4733 = UNCERTAINTY_MEASURE_WITH_UNIT (LENGTH_MEASURE( 1.000000000000000082E-05 ), #4287, 'distance_accuracy_value', 'NONE');
#4734 = ORIENTED_EDGE ( 'NONE', *, *, #4159, .F. ) ;
#4735 = SURFACE_STYLE_FILL_AREA ( #410 ) ;
#4736 = CARTESIAN_POINT ( 'NONE',  ( -2.020000000000000018, 3.669999999999999929, -1.809999999999999165 ) ) ;
#4737 = ORIENTED_EDGE ( 'NONE', *, *, #2976, .T. ) ;
#4738 = STYLED_ITEM ( 'NONE', ( #1226 ), #271 ) ;
#4739 = CARTESIAN_POINT ( 'NONE',  ( 0.5200000000000002398, 3.370000000000000107, 1.810000000000000053 ) ) ;
#4740 =( NAMED_UNIT ( * ) PLANE_ANGLE_UNIT ( ) SI_UNIT ( $, .RADIAN. ) );
#4741 = FILL_AREA_STYLE_COLOUR ( '', #2344 ) ;
#4742 = VERTEX_POINT ( 'NONE', #365 ) ;
#4743 = STYLED_ITEM ( 'NONE', ( #3969 ), #5137 ) ;
#4744 = LINE ( 'NONE', #4800, #2375 ) ;
#4745 = CIRCLE ( 'NONE', #4076, 0.3500000000000004774 ) ;
#4746 = FILL_AREA_STYLE_COLOUR ( '', #4759 ) ;
#4747 = CARTESIAN_POINT ( 'NONE',  ( -0.7199999999999996403, 3.669999999999999929, 0.1499999999999999667 ) ) ;
#4748 = VERTEX_POINT ( 'NONE', #4304 ) ;
#4749 = FILL_AREA_STYLE ('',( #4861 ) ) ;
#4750 = VECTOR ( 'NONE', #2267, 1000.000000000000000 ) ;
#4751 = EDGE_CURVE ( 'NONE', #1942, #305, #3536, .T. ) ;
#4752 = EDGE_CURVE ( 'NONE', #4412, #4598, #5118, .T. ) ;
#4753 = EDGE_CURVE ( 'NONE', #2310, #2341, #4770, .T. ) ;
#4754 = DIRECTION ( 'NONE',  ( 0.000000000000000000, -0.9989728343450317016, 0.04531309127232062417 ) ) ;
#4755 = FILL_AREA_STYLE_COLOUR ( '', #79 ) ;
#4756 = FILL_AREA_STYLE ('',( #439 ) ) ;
#4757 = EDGE_LOOP ( 'NONE', ( #270, #4175, #2409, #2514 ) ) ;
#4758 = CIRCLE ( 'NONE', #2255, 0.2750000000000002998 ) ;
#4759 = COLOUR_RGB ( '',1.000000000000000000, 1.000000000000000000, 1.000000000000000000 ) ;
#4760 = SURFACE_STYLE_FILL_AREA ( #3203 ) ;
#4761 = VECTOR ( 'NONE', #1813, 1000.000000000000000 ) ;
#4762 = CARTESIAN_POINT ( 'NONE',  ( 2.020000000000000018, 1.470000000000000195, -2.866512164179471522 ) ) ;
#4763 = LINE ( 'NONE', #4716, #3411 ) ;
#4764 = VERTEX_POINT ( 'NONE', #3900 ) ;
#4765 = DIRECTION ( 'NONE',  ( -0.000000000000000000, 1.000000000000000000, -0.000000000000000000 ) ) ;
#4766 = CARTESIAN_POINT ( 'NONE',  ( 0.9949999999999995515, -0.6000000000000003109, 4.105234464979931275 ) ) ;
#4767 = PRESENTATION_LAYER_ASSIGNMENT (  '', '', ( #3498 ) ) ;
#4768 = COLOUR_RGB ( '',0.8941176470588234615, 0.9137254901960784048, 0.9294117647058823817 ) ;
#4769 =( LENGTH_UNIT ( ) NAMED_UNIT ( * ) SI_UNIT ( .MILLI., .METRE. ) );
#4770 = LINE ( 'NONE', #3849, #2504 ) ;
#4771 = EDGE_LOOP ( 'NONE', ( #3928, #1220, #1394, #2187 ) ) ;
#4772 = CARTESIAN_POINT ( 'NONE',  ( 1.270000000000000018, -3.525282470555116010, -3.987667295606982965 ) ) ;
#4773 = ORIENTED_EDGE ( 'NONE', *, *, #172, .F. ) ;
#4774 = CARTESIAN_POINT ( 'NONE',  ( 0.6699999999999997069, 3.070000000000000284, -0.8499999999999999778 ) ) ;
#4775 = PLANE ( 'NONE',  #535 ) ;
#4776 = EDGE_CURVE ( 'NONE', #158, #2290, #230, .T. ) ;
#4777 = MECHANICAL_DESIGN_GEOMETRIC_PRESENTATION_REPRESENTATION (  '', ( #692 ), #4017 ) ;
#4778 = DIRECTION ( 'NONE',  ( -0.000000000000000000, 2.713884735720118648E-16, -1.000000000000000000 ) ) ;
#4779 = FILL_AREA_STYLE_COLOUR ( '', #5086 ) ;
#4780 = ORIENTED_EDGE ( 'NONE', *, *, #1651, .T. ) ;
#4781 = VECTOR ( 'NONE', #5128, 1000.000000000000000 ) ;
#4782 = FILL_AREA_STYLE_COLOUR ( '', #167 ) ;
#4783 = DIRECTION ( 'NONE',  ( 0.000000000000000000, -0.04531309127232063111, -0.9989728343450318127 ) ) ;
#4784 = PRESENTATION_STYLE_ASSIGNMENT (( #713 ) ) ;
#4785 = VECTOR ( 'NONE', #4024, 1000.000000000000227 ) ;
#4786 = CARTESIAN_POINT ( 'NONE',  ( -1.819999999999999618, 3.370000000000000107, -0.8499999999999995337 ) ) ;
#4787 = VECTOR ( 'NONE', #235, 1000.000000000000000 ) ;
#4788 = UNCERTAINTY_MEASURE_WITH_UNIT (LENGTH_MEASURE( 1.000000000000000082E-05 ), #2587, 'distance_accuracy_value', 'NONE');
#4789 = COLOUR_RGB ( '',0.8941176470588234615, 0.9137254901960784048, 0.9294117647058823817 ) ;
#4790 = SURFACE_SIDE_STYLE ('',( #4760 ) ) ;
#4791 = DIRECTION ( 'NONE',  ( -6.141068999935581617E-18, -0.04531309127232125561, -0.9989728343450317016 ) ) ;
#4792 = EDGE_CURVE ( 'NONE', #3357, #4764, #1969, .T. ) ;
#4793 = LINE ( 'NONE', #1157, #4947 ) ;
#4794 = ORIENTED_EDGE ( 'NONE', *, *, #3818, .T. ) ;
#4795 = STYLED_ITEM ( 'NONE', ( #1726 ), #3114 ) ;
#4796 = UNCERTAINTY_MEASURE_WITH_UNIT (LENGTH_MEASURE( 1.000000000000000082E-05 ), #4432, 'distance_accuracy_value', 'NONE');
#4797 = SURFACE_SIDE_STYLE ('',( #2772 ) ) ;
#4798 =( NAMED_UNIT ( * ) PLANE_ANGLE_UNIT ( ) SI_UNIT ( $, .RADIAN. ) );
#4799 = VERTEX_POINT ( 'NONE', #2294 ) ;
#4800 = CARTESIAN_POINT ( 'NONE',  ( -0.6699999999999997069, 3.070000000000000284, 0.8499999999999995337 ) ) ;
#4801 = ORIENTED_EDGE ( 'NONE', *, *, #4595, .F. ) ;
#4802 = FACE_OUTER_BOUND ( 'NONE', #541, .T. ) ;
#4803 = SURFACE_STYLE_USAGE ( .BOTH. , #2373 ) ;
#4804 = LINE ( 'NONE', #2483, #4089 ) ;
#4805 = DIRECTION ( 'NONE',  ( 2.168404344971008868E-16, 0.000000000000000000, -1.000000000000000000 ) ) ;
#4806 = UNCERTAINTY_MEASURE_WITH_UNIT (LENGTH_MEASURE( 1.000000000000000082E-05 ), #887, 'distance_accuracy_value', 'NONE');
#4807 =( NAMED_UNIT ( * ) SI_UNIT ( $, .STERADIAN. ) SOLID_ANGLE_UNIT ( ) );
#4808 = DIRECTION ( 'NONE',  ( 1.000000000000000000, 0.000000000000000000, -0.000000000000000000 ) ) ;
#4809 = VERTEX_POINT ( 'NONE', #338 ) ;
#4810 = EDGE_CURVE ( 'NONE', #2165, #4748, #308, .T. ) ;
#4811 = CARTESIAN_POINT ( 'NONE',  ( -1.819999999999999840, 5.156606874731850532, -0.8499999999999999778 ) ) ;
#4812 = DIRECTION ( 'NONE',  ( 1.000000000000000000, 0.000000000000000000, -0.000000000000000000 ) ) ;
#4813 =( NAMED_UNIT ( * ) PLANE_ANGLE_UNIT ( ) SI_UNIT ( $, .RADIAN. ) );
#4814 = LINE ( 'NONE', #3272, #4619 ) ;
#4815 = ORIENTED_EDGE ( 'NONE', *, *, #3375, .T. ) ;
#4816 = CARTESIAN_POINT ( 'NONE',  ( -1.545000000000000817, 1.385859581945311891, 4.015156503500930008 ) ) ;
#4817 = EDGE_CURVE ( 'NONE', #2232, #1877, #1136, .T. ) ;
#4818 = LINE ( 'NONE', #2493, #2972 ) ;
#4819 = ORIENTED_EDGE ( 'NONE', *, *, #5175, .T. ) ;
#4820 = DIRECTION ( 'NONE',  ( -0.000000000000000000, 0.04531309127232063111, -0.9989728343450319237 ) ) ;
#4821 = ADVANCED_FACE ( 'NONE', ( #5163 ), #2723, .F. ) ;
#4822 = EDGE_CURVE ( 'NONE', #3309, #3951, #1704, .T. ) ;
#4823 = LINE ( 'NONE', #2478, #3496 ) ;
#4824 =( NAMED_UNIT ( * ) PLANE_ANGLE_UNIT ( ) SI_UNIT ( $, .RADIAN. ) );
#4825 = FILL_AREA_STYLE_COLOUR ( '', #3388 ) ;
#4826 = ORIENTED_EDGE ( 'NONE', *, *, #327, .T. ) ;
#4827 = AXIS2_PLACEMENT_3D ( 'NONE', #2664, #4270, #3457 ) ;
#4828 = CARTESIAN_POINT ( 'NONE',  ( 2.020000000000000018, 1.385859581945312113, -4.015156503500930008 ) ) ;
#4829 =( NAMED_UNIT ( * ) PLANE_ANGLE_UNIT ( ) SI_UNIT ( $, .RADIAN. ) );
#4830 = CARTESIAN_POINT ( 'NONE',  ( -2.020000000000000018, 3.370000000000000107, -1.809999999999999165 ) ) ;
#4831 = DIRECTION ( 'NONE',  ( 0.000000000000000000, 1.000000000000000000, 0.000000000000000000 ) ) ;
#4832 = LINE ( 'NONE', #4436, #3730 ) ;
#4833 = ORIENTED_EDGE ( 'NONE', *, *, #1131, .T. ) ;
#4834 = STYLED_ITEM ( 'NONE', ( #1233 ), #5083 ) ;
#4835 = CARTESIAN_POINT ( 'NONE',  ( 2.020000000000000018, 1.385859581945312113, -4.015156503500930008 ) ) ;
#4836 = PLANE ( 'NONE',  #1859 ) ;
#4837 = CARTESIAN_POINT ( 'NONE',  ( -2.020000000000000018, 1.470000000000000417, 3.665516011480168146 ) ) ;
#4838 = ORIENTED_EDGE ( 'NONE', *, *, #5140, .F. ) ;
#4839 = UNCERTAINTY_MEASURE_WITH_UNIT (LENGTH_MEASURE( 1.000000000000000082E-05 ), #151, 'distance_accuracy_value', 'NONE');
#4840 = MECHANICAL_DESIGN_GEOMETRIC_PRESENTATION_REPRESENTATION (  '', ( #578 ), #310 ) ;
#4841 = SURFACE_STYLE_USAGE ( .BOTH. , #1150 ) ;
#4842 = SURFACE_STYLE_FILL_AREA ( #1645 ) ;
#4843 = ADVANCED_FACE ( 'NONE', ( #2050 ), #4084, .F. ) ;
#4844 = VECTOR ( 'NONE', #137, 1000.000000000000000 ) ;
#4845 = DIRECTION ( 'NONE',  ( 1.000000000000000000, 0.000000000000000000, 0.000000000000000000 ) ) ;
#4846 = COLOUR_RGB ( '',0.8941176470588234615, 0.9137254901960784048, 0.9294117647058823817 ) ;
#4847 = FILL_AREA_STYLE_COLOUR ( '', #1521 ) ;
#4848 = ORIENTED_EDGE ( 'NONE', *, *, #2472, .T. ) ;
#4849 = SURFACE_STYLE_FILL_AREA ( #1650 ) ;
#4850 = LINE ( 'NONE', #119, #1347 ) ;
#4851 = UNCERTAINTY_MEASURE_WITH_UNIT (LENGTH_MEASURE( 1.000000000000000082E-05 ), #2045, 'distance_accuracy_value', 'NONE');
#4852 = CARTESIAN_POINT ( 'NONE',  ( -0.5200000000000000178, 1.385859581945312113, 4.015156503500930008 ) ) ;
#4853 = EDGE_LOOP ( 'NONE', ( #3815, #868, #1869, #3186 ) ) ;
#4854 = CARTESIAN_POINT ( 'NONE',  ( 2.846155835109721810, -6.552094584226054433E-18, 2.499999999999998224 ) ) ;
#4855 = EDGE_CURVE ( 'NONE', #4711, #3857, #420, .T. ) ;
#4856 = PRESENTATION_LAYER_ASSIGNMENT (  '', '', ( #2840 ) ) ;
#4857 = FILL_AREA_STYLE ('',( #3235 ) ) ;
#4858 = STYLED_ITEM ( 'NONE', ( #4409 ), #1207 ) ;
#4859 = DIRECTION ( 'NONE',  ( -0.8658027586716575685, -0.4998714557841987816, -0.02267401086559870174 ) ) ;
#4860 = VERTEX_POINT ( 'NONE', #98 ) ;
#4861 = FILL_AREA_STYLE_COLOUR ( '', #780 ) ;
#4862 = STYLED_ITEM ( 'NONE', ( #1941 ), #1317 ) ;
#4863 = CARTESIAN_POINT ( 'NONE',  ( 1.545000000000000151, -3.525282470555116010, -3.987667295606982965 ) ) ;
#4864 = SURFACE_STYLE_USAGE ( .BOTH. , #62 ) ;
#4865 = FILL_AREA_STYLE ('',( #4490 ) ) ;
#4866 = EDGE_LOOP ( 'NONE', ( #1099, #2023, #989, #139 ) ) ;
#4867 = VECTOR ( 'NONE', #2211, 1000.000000000000000 ) ;
#4868 = VECTOR ( 'NONE', #4404, 1000.000000000000227 ) ;
#4869 =( LENGTH_UNIT ( ) NAMED_UNIT ( * ) SI_UNIT ( .MILLI., .METRE. ) );
#4870 =( GEOMETRIC_REPRESENTATION_CONTEXT ( 3 ) GLOBAL_UNCERTAINTY_ASSIGNED_CONTEXT ( ( #966 ) ) GLOBAL_UNIT_ASSIGNED_CONTEXT ( ( #2941, #166, #3724 ) ) REPRESENTATION_CONTEXT ( 'NONE', 'WORKASPACE' ) );
#4871 =( NAMED_UNIT ( * ) SI_UNIT ( $, .STERADIAN. ) SOLID_ANGLE_UNIT ( ) );
#4872 = ADVANCED_FACE ( 'NONE', ( #3974 ), #1612, .T. ) ;
#4873 = EDGE_CURVE ( 'NONE', #2341, #1245, #2824, .T. ) ;
#4874 = ORIENTED_EDGE ( 'NONE', *, *, #1330, .T. ) ;
#4875 = ORIENTED_EDGE ( 'NONE', *, *, #837, .F. ) ;
#4876 = ORIENTED_EDGE ( 'NONE', *, *, #1845, .F. ) ;
#4877 = AXIS2_PLACEMENT_3D ( 'NONE', #4229, #2245, #4255 ) ;
#4878 = FILL_AREA_STYLE_COLOUR ( '', #4609 ) ;
#4879 = VECTOR ( 'NONE', #1797, 1000.000000000000000 ) ;
#4880 = MECHANICAL_DESIGN_GEOMETRIC_PRESENTATION_REPRESENTATION (  '', ( #4115 ), #2624 ) ;
#4881 = VECTOR ( 'NONE', #5148, 1000.000000000000000 ) ;
#4882 = CARTESIAN_POINT ( 'NONE',  ( 2.020000000000000018, 1.719999999999999973, -2.928844164890265223 ) ) ;
#4883 = SURFACE_STYLE_FILL_AREA ( #2079 ) ;
#4884 = DIRECTION ( 'NONE',  ( -1.000000000000000000, -0.000000000000000000, -0.000000000000000000 ) ) ;
#4885 = EDGE_CURVE ( 'NONE', #1234, #4227, #2076, .T. ) ;
#4886 = LINE ( 'NONE', #4469, #2170 ) ;
#4887 = DIRECTION ( 'NONE',  ( 0.000000000000000000, 0.000000000000000000, 1.000000000000000000 ) ) ;
#4888 = ORIENTED_EDGE ( 'NONE', *, *, #4385, .T. ) ;
#4889 = LINE ( 'NONE', #3692, #318 ) ;
#4890 = PLANE ( 'NONE',  #3675 ) ;
#4891 = DIRECTION ( 'NONE',  ( -1.000000000000000000, -0.000000000000000000, 0.000000000000000000 ) ) ;
#4892 = DIRECTION ( 'NONE',  ( -1.000000000000000000, 1.355252715606880543E-16, 0.000000000000000000 ) ) ;
#4893 = SURFACE_STYLE_USAGE ( .BOTH. , #902 ) ;
#4894 = EDGE_CURVE ( 'NONE', #3807, #3204, #3794, .T. ) ;
#4895 = SURFACE_STYLE_FILL_AREA ( #2062 ) ;
#4896 = CARTESIAN_POINT ( 'NONE',  ( -2.020000000000000018, -0.3257586221349295097, 3.842537907512574957 ) ) ;
#4897 = ORIENTED_EDGE ( 'NONE', *, *, #4776, .F. ) ;
#4898 = CARTESIAN_POINT ( 'NONE',  ( -1.545000000000000151, -3.513954197737036544, 4.237410504193240612 ) ) ;
#4899 =( NAMED_UNIT ( * ) SI_UNIT ( $, .STERADIAN. ) SOLID_ANGLE_UNIT ( ) );
#4900 = ORIENTED_EDGE ( 'NONE', *, *, #2463, .T. ) ;
#4901 = ORIENTED_EDGE ( 'NONE', *, *, #883, .T. ) ;
#4902 = SURFACE_STYLE_USAGE ( .BOTH. , #1365 ) ;
#4903 = PRESENTATION_STYLE_ASSIGNMENT (( #893 ) ) ;
#4904 = DIRECTION ( 'NONE',  ( 0.000000000000000000, -0.9989728343450317016, -0.04531309127232062417 ) ) ;
#4905 = CARTESIAN_POINT ( 'NONE',  ( 2.020000000000000018, -0.3257586221349298428, -4.092794962964849681 ) ) ;
#4906 = ORIENTED_EDGE ( 'NONE', *, *, #4018, .F. ) ;
#4907 = CARTESIAN_POINT ( 'NONE',  ( 2.020000000000000018, 1.370000000000000107, -3.665516011480168146 ) ) ;
#4908 = VECTOR ( 'NONE', #4343, 1000.000000000000000 ) ;
#4909 = FACE_OUTER_BOUND ( 'NONE', #245, .T. ) ;
#4910 = AXIS2_PLACEMENT_3D ( 'NONE', #4160, #4552, #4578 ) ;
#4911 = SURFACE_STYLE_USAGE ( .BOTH. , #1904 ) ;
#4912 = PRESENTATION_STYLE_ASSIGNMENT (( #112 ) ) ;
#4913 = ORIENTED_EDGE ( 'NONE', *, *, #1297, .F. ) ;
#4914 = DIRECTION ( 'NONE',  ( 0.000000000000000000, 0.000000000000000000, 1.000000000000000000 ) ) ;
#4915 = ADVANCED_FACE ( 'NONE', ( #201 ), #2894, .T. ) ;
#4916 = EDGE_CURVE ( 'NONE', #4408, #2686, #4218, .T. ) ;
#4917 = COLOUR_RGB ( '',0.8941176470588234615, 0.9137254901960784048, 0.9294117647058823817 ) ;
#4918 = CARTESIAN_POINT ( 'NONE',  ( -0.5200000000000000178, 1.385859581945312113, -4.015156503500930008 ) ) ;
#4919 = CYLINDRICAL_SURFACE ( 'NONE', #2356, 0.3500000000000004774 ) ;
#4920 = FACE_OUTER_BOUND ( 'NONE', #1922, .T. ) ;
#4921 = SURFACE_STYLE_USAGE ( .BOTH. , #2850 ) ;
#4922 = EDGE_CURVE ( 'NONE', #4288, #2571, #4109, .T. ) ;
#4923 = CARTESIAN_POINT ( 'NONE',  ( 1.819999999999999840, 3.070000000000000284, -0.8499999999999999778 ) ) ;
#4924 =( GEOMETRIC_REPRESENTATION_CONTEXT ( 3 ) GLOBAL_UNCERTAINTY_ASSIGNED_CONTEXT ( ( #3458 ) ) GLOBAL_UNIT_ASSIGNED_CONTEXT ( ( #3245, #3624, #1223 ) ) REPRESENTATION_CONTEXT ( 'NONE', 'WORKASPACE' ) );
#4925 = CARTESIAN_POINT ( 'NONE',  ( 1.545000000000000151, -3.513954197737036544, -4.237410504193240612 ) ) ;
#4926 = SURFACE_STYLE_FILL_AREA ( #2134 ) ;
#4927 = PRESENTATION_LAYER_ASSIGNMENT (  '', '', ( #1333 ) ) ;
#4928 = ORIENTED_EDGE ( 'NONE', *, *, #443, .F. ) ;
#4929 = DIRECTION ( 'NONE',  ( -0.000000000000000000, -0.000000000000000000, 1.000000000000000000 ) ) ;
#4930 = VECTOR ( 'NONE', #457, 1000.000000000000000 ) ;
#4931 = STYLED_ITEM ( 'NONE', ( #2973 ), #3977 ) ;
#4932 = PLANE ( 'NONE',  #4092 ) ;
#4933 =( NAMED_UNIT ( * ) PLANE_ANGLE_UNIT ( ) SI_UNIT ( $, .RADIAN. ) );
#4934 = ORIENTED_EDGE ( 'NONE', *, *, #4916, .F. ) ;
#4935 = LINE ( 'NONE', #2954, #2669 ) ;
#4936 = VECTOR ( 'NONE', #3098, 1000.000000000000000 ) ;
#4937 = COLOUR_RGB ( '',1.000000000000000000, 1.000000000000000000, 1.000000000000000000 ) ;
#4938 = CARTESIAN_POINT ( 'NONE',  ( -0.5200000000000000178, 1.369999999999999885, -3.665516011480168146 ) ) ;
#4939 = ORIENTED_EDGE ( 'NONE', *, *, #52, .T. ) ;
#4940 = ADVANCED_FACE ( 'NONE', ( #4608 ), #1370, .F. ) ;
#4941 = LINE ( 'NONE', #596, #272 ) ;
#4942 =( GEOMETRIC_REPRESENTATION_CONTEXT ( 3 ) GLOBAL_UNCERTAINTY_ASSIGNED_CONTEXT ( ( #2997 ) ) GLOBAL_UNIT_ASSIGNED_CONTEXT ( ( #1380, #2558, #565 ) ) REPRESENTATION_CONTEXT ( 'NONE', 'WORKASPACE' ) );
#4943 =( NAMED_UNIT ( * ) PLANE_ANGLE_UNIT ( ) SI_UNIT ( $, .RADIAN. ) );
#4944 =( NAMED_UNIT ( * ) SI_UNIT ( $, .STERADIAN. ) SOLID_ANGLE_UNIT ( ) );
#4945 = VERTEX_POINT ( 'NONE', #948 ) ;
#4946 = UNCERTAINTY_MEASURE_WITH_UNIT (LENGTH_MEASURE( 1.000000000000000082E-05 ), #4331, 'distance_accuracy_value', 'NONE');
#4948 = CARTESIAN_POINT ( 'NONE',  ( 0.5200000000000000178, 1.719999999999999973, 2.928844164890265223 ) ) ;
#4947 = VECTOR ( 'NONE', #3415, 1000.000000000000000 ) ;
#4949 = FILL_AREA_STYLE_COLOUR ( '', #5045 ) ;
#4950 =( LENGTH_UNIT ( ) NAMED_UNIT ( * ) SI_UNIT ( .MILLI., .METRE. ) );
#4951 = DIRECTION ( 'NONE',  ( 0.000000000000000000, 0.000000000000000000, 1.000000000000000000 ) ) ;
#4952 = VECTOR ( 'NONE', #1404, 1000.000000000000227 ) ;
#4953 = PRODUCT_CONTEXT ( 'NONE', #5144, 'mechanical' ) ;
#4954 = DIRECTION ( 'NONE',  ( -0.000000000000000000, -1.000000000000000000, -0.000000000000000000 ) ) ;
#4955 = ORIENTED_EDGE ( 'NONE', *, *, #432, .F. ) ;
#4956 = MECHANICAL_DESIGN_GEOMETRIC_PRESENTATION_REPRESENTATION (  '', ( #3419 ), #2447 ) ;
#4957 = LINE ( 'NONE', #5003, #1425 ) ;
#4958 = ORIENTED_EDGE ( 'NONE', *, *, #4211, .T. ) ;
#4959 =( NAMED_UNIT ( * ) SI_UNIT ( $, .STERADIAN. ) SOLID_ANGLE_UNIT ( ) );
#4960 = VECTOR ( 'NONE', #2662, 1000.000000000000000 ) ;
#4961 = CARTESIAN_POINT ( 'NONE',  ( 0.000000000000000000, 3.070000000000000284, 0.000000000000000000 ) ) ;
#4962 = MECHANICAL_DESIGN_GEOMETRIC_PRESENTATION_REPRESENTATION (  '', ( #1870 ), #4294 ) ;
#4963 = PLANE ( 'NONE',  #4495 ) ;
#4964 = ORIENTED_EDGE ( 'NONE', *, *, #1744, .F. ) ;
#4965 = VECTOR ( 'NONE', #21, 1000.000000000000000 ) ;
#4966 = CARTESIAN_POINT ( 'NONE',  ( 0.000000000000000000, 3.370000000000000107, -0.8499999999999999778 ) ) ;
#4967 = ORIENTED_EDGE ( 'NONE', *, *, #4345, .T. ) ;
#4968 = CARTESIAN_POINT ( 'NONE',  ( -3.274999999999999911, 3.020000000000000018, -3.339999999999999858 ) ) ;
#4969 = VECTOR ( 'NONE', #4043, 1000.000000000000000 ) ;
#4970 = SURFACE_STYLE_USAGE ( .BOTH. , #988 ) ;
#4971 = EDGE_CURVE ( 'NONE', #3269, #702, #2209, .T. ) ;
#4972 = FACE_OUTER_BOUND ( 'NONE', #4257, .T. ) ;
#4973 = ORIENTED_EDGE ( 'NONE', *, *, #5077, .T. ) ;
#4974 = PLANE ( 'NONE',  #2888 ) ;
#4975 = SURFACE_STYLE_USAGE ( .BOTH. , #1826 ) ;
#4976 = DIRECTION ( 'NONE',  ( -1.353860646563606630E-16, 0.9989728343450317016, -0.04531309127232062417 ) ) ;
#4977 = CARTESIAN_POINT ( 'NONE',  ( -0.5200000000000000178, 1.374531309127232204, 3.765413294914671027 ) ) ;
#4978 = FILL_AREA_STYLE ('',( #4550 ) ) ;
#4979 = ADVANCED_FACE ( 'NONE', ( #999 ), #1025, .F. ) ;
#4980 = DIRECTION ( 'NONE',  ( 0.000000000000000000, -0.000000000000000000, 1.000000000000000000 ) ) ;
#4981 = CARTESIAN_POINT ( 'NONE',  ( 0.5200000000000000178, 1.470000000000000195, -2.866512164179471522 ) ) ;
#4982 = FILL_AREA_STYLE_COLOUR ( '', #4330 ) ;
#4983 = ORIENTED_EDGE ( 'NONE', *, *, #2419, .T. ) ;
#4984 = PRESENTATION_STYLE_ASSIGNMENT (( #3138 ) ) ;
#4985 = SURFACE_STYLE_USAGE ( .BOTH. , #3353 ) ;
#4986 = EDGE_CURVE ( 'NONE', #1121, #616, #1130, .T. ) ;
#4987 = EDGE_CURVE ( 'NONE', #1790, #1719, #4242, .T. ) ;
#4988 = SURFACE_STYLE_USAGE ( .BOTH. , #1318 ) ;
#4989 = ORIENTED_EDGE ( 'NONE', *, *, #1479, .T. ) ;
#4990 = PLANE ( 'NONE',  #701 ) ;
#4991 = ORIENTED_EDGE ( 'NONE', *, *, #1427, .T. ) ;
#4992 = FILL_AREA_STYLE ('',( #3362 ) ) ;
#4993 = FILL_AREA_STYLE_COLOUR ( '', #4917 ) ;
#4994 = VECTOR ( 'NONE', #251, 1000.000000000000227 ) ;
#4995 = FACE_OUTER_BOUND ( 'NONE', #1198, .T. ) ;
#4996 = DIRECTION ( 'NONE',  ( 0.000000000000000000, -0.000000000000000000, 1.000000000000000000 ) ) ;
#4997 = PRESENTATION_LAYER_ASSIGNMENT (  '', '', ( #5081 ) ) ;
#4998 = SURFACE_STYLE_USAGE ( .BOTH. , #3019 ) ;
#4999 = EDGE_CURVE ( 'NONE', #465, #3823, #1451, .T. ) ;
#5000 = FILL_AREA_STYLE ('',( #2666 ) ) ;
#5001 = COLOUR_RGB ( '',1.000000000000000000, 0.1686274509803921684, 0.1686274509803921684 ) ;
#5002 = UNCERTAINTY_MEASURE_WITH_UNIT (LENGTH_MEASURE( 1.000000000000000082E-05 ), #3663, 'distance_accuracy_value', 'NONE');
#5003 = CARTESIAN_POINT ( 'NONE',  ( 0.5200000000000000178, -0.3257586221349297317, -3.665516011480168146 ) ) ;
#5004 = UNCERTAINTY_MEASURE_WITH_UNIT (LENGTH_MEASURE( 1.000000000000000082E-05 ), #2934, 'distance_accuracy_value', 'NONE');
#5005 = DIRECTION ( 'NONE',  ( -0.000000000000000000, -0.000000000000000000, 1.000000000000000000 ) ) ;
#5006 = VERTEX_POINT ( 'NONE', #3460 ) ;
#5007 = LINE ( 'NONE', #5153, #1107 ) ;
#5008 = DIRECTION ( 'NONE',  ( -1.000000000000000000, -0.000000000000000000, 0.000000000000000000 ) ) ;
#5009 = STYLED_ITEM ( 'NONE', ( #435 ), #3595 ) ;
#5010 = DIRECTION ( 'NONE',  ( 0.000000000000000000, 0.9989728343450318127, -0.04531309127232183154 ) ) ;
#5011 = SURFACE_STYLE_FILL_AREA ( #3356 ) ;
#5012 = FILL_AREA_STYLE ('',( #687 ) ) ;
#5013 = ORIENTED_EDGE ( 'NONE', *, *, #455, .T. ) ;
#5014 = EDGE_CURVE ( 'NONE', #2726, #1116, #3872, .T. ) ;
#5015 =( LENGTH_UNIT ( ) NAMED_UNIT ( * ) SI_UNIT ( .MILLI., .METRE. ) );
#5016 = CARTESIAN_POINT ( 'NONE',  ( 1.270000000000000018, -3.799999999999999822, -4.000128395706870954 ) ) ;
#5017 = STYLED_ITEM ( 'NONE', ( #5044 ), #461 ) ;
#5018 = EDGE_LOOP ( 'NONE', ( #2343, #3328, #3626, #4479 ) ) ;
#5019 = VECTOR ( 'NONE', #1483, 1000.000000000000227 ) ;
#5020 = LINE ( 'NONE', #4231, #4952 ) ;
#5021 = MECHANICAL_DESIGN_GEOMETRIC_PRESENTATION_REPRESENTATION (  '', ( #2750 ), #1841 ) ;
#5022 =( LENGTH_UNIT ( ) NAMED_UNIT ( * ) SI_UNIT ( .MILLI., .METRE. ) );
#5023 = ORIENTED_EDGE ( 'NONE', *, *, #4651, .T. ) ;
#5024 = SURFACE_SIDE_STYLE ('',( #277 ) ) ;
#5025 = SURFACE_SIDE_STYLE ('',( #1517 ) ) ;
#5026 = AXIS2_PLACEMENT_3D ( 'NONE', #1890, #1611, #3576 ) ;
#5027 = VECTOR ( 'NONE', #918, 1000.000000000000000 ) ;
#5028 = PRESENTATION_STYLE_ASSIGNMENT (( #1388 ) ) ;
#5029 = LINE ( 'NONE', #1860, #1930 ) ;
#5030 = MECHANICAL_DESIGN_GEOMETRIC_PRESENTATION_REPRESENTATION (  '', ( #2680 ), #3164 ) ;
#5031 = FILL_AREA_STYLE ('',( #1861 ) ) ;
#5032 = COLOUR_RGB ( '',1.000000000000000000, 0.1686274509803921684, 0.1686274509803921684 ) ;
#5033 =( NAMED_UNIT ( * ) PLANE_ANGLE_UNIT ( ) SI_UNIT ( $, .RADIAN. ) );
#5034 = PLANE ( 'NONE',  #3401 ) ;
#5035 = ORIENTED_EDGE ( 'NONE', *, *, #3199, .T. ) ;
#5036 = SURFACE_STYLE_USAGE ( .BOTH. , #2259 ) ;
#5037 =( NAMED_UNIT ( * ) PLANE_ANGLE_UNIT ( ) SI_UNIT ( $, .RADIAN. ) );
#5038 = VERTEX_POINT ( 'NONE', #2650 ) ;
#5039 =( LENGTH_UNIT ( ) NAMED_UNIT ( * ) SI_UNIT ( .MILLI., .METRE. ) );
#5040 = AXIS2_PLACEMENT_3D ( 'NONE', #3994, #1227, #2095 ) ;
#5041 = LINE ( 'NONE', #697, #1510 ) ;
#5042 = CARTESIAN_POINT ( 'NONE',  ( -0.6699999999999997069, 3.070000000000000284, -0.8499999999999995337 ) ) ;
#5043 = FILL_AREA_STYLE ('',( #3413 ) ) ;
#5044 = PRESENTATION_STYLE_ASSIGNMENT (( #3121 ) ) ;
#5045 = COLOUR_RGB ( '',0.7921568627450980005, 0.8196078431372548767, 0.9333333333333333481 ) ;
#5046 = VECTOR ( 'NONE', #685, 1000.000000000000000 ) ;
#5047 = DIRECTION ( 'NONE',  ( 0.000000000000000000, 0.000000000000000000, 1.000000000000000000 ) ) ;
#5048 = ORIENTED_EDGE ( 'NONE', *, *, #2995, .F. ) ;
#5049 =( NAMED_UNIT ( * ) SI_UNIT ( $, .STERADIAN. ) SOLID_ANGLE_UNIT ( ) );
#5050 =( NAMED_UNIT ( * ) SI_UNIT ( $, .STERADIAN. ) SOLID_ANGLE_UNIT ( ) );
#5051 = ORIENTED_EDGE ( 'NONE', *, *, #1697, .T. ) ;
#5052 = ADVANCED_FACE ( 'NONE', ( #737 ), #3528, .F. ) ;
#5053 = ORIENTED_EDGE ( 'NONE', *, *, #1970, .F. ) ;
#5054 = VECTOR ( 'NONE', #2979, 1000.000000000000000 ) ;
#5055 =( NAMED_UNIT ( * ) SI_UNIT ( $, .STERADIAN. ) SOLID_ANGLE_UNIT ( ) );
#5056 = ORIENTED_EDGE ( 'NONE', *, *, #4855, .F. ) ;
#5057 = PRESENTATION_LAYER_ASSIGNMENT (  '', '', ( #4795 ) ) ;
#5058 = SURFACE_STYLE_USAGE ( .BOTH. , #3427 ) ;
#5059 = PRESENTATION_LAYER_ASSIGNMENT (  '', '', ( #3699 ) ) ;
#5060 = PRESENTATION_STYLE_ASSIGNMENT (( #2226 ) ) ;
#5061 = UNCERTAINTY_MEASURE_WITH_UNIT (LENGTH_MEASURE( 1.000000000000000082E-05 ), #2897, 'distance_accuracy_value', 'NONE');
#5062 =( LENGTH_UNIT ( ) NAMED_UNIT ( * ) SI_UNIT ( .MILLI., .METRE. ) );
#5063 = ORIENTED_EDGE ( 'NONE', *, *, #1672, .F. ) ;
#5064 = UNCERTAINTY_MEASURE_WITH_UNIT (LENGTH_MEASURE( 1.000000000000000082E-05 ), #724, 'distance_accuracy_value', 'NONE');
#5065 = EDGE_LOOP ( 'NONE', ( #1058, #3752, #950, #1685 ) ) ;
#5066 =( LENGTH_UNIT ( ) NAMED_UNIT ( * ) SI_UNIT ( .MILLI., .METRE. ) );
#5067 = DIRECTION ( 'NONE',  ( 0.000000000000000000, -0.9989728343450318127, 0.04531309127232183154 ) ) ;
#5068 = SURFACE_STYLE_USAGE ( .BOTH. , #1458 ) ;
#5069 = CARTESIAN_POINT ( 'NONE',  ( 0.5200000000000000178, 1.719999999999999973, -2.928844164890265223 ) ) ;
#5070 = ORIENTED_EDGE ( 'NONE', *, *, #36, .T. ) ;
#5071 = CARTESIAN_POINT ( 'NONE',  ( -0.9949999999999993294, 1.385859581945312113, 4.015156503500930008 ) ) ;
#5072 = VERTEX_POINT ( 'NONE', #1470 ) ;
#5073 = PLANE ( 'NONE',  #1497 ) ;
#5074 = CARTESIAN_POINT ( 'NONE',  ( -0.9949999999999993294, -0.5999999999999998668, -4.105234464979930387 ) ) ;
#5075 = MECHANICAL_DESIGN_GEOMETRIC_PRESENTATION_REPRESENTATION (  '', ( #2729 ), #4566 ) ;
#5076 = EDGE_CURVE ( 'NONE', #3646, #1116, #2670, .T. ) ;
#5077 = EDGE_CURVE ( 'NONE', #1228, #721, #4273, .T. ) ;
#5078 = EDGE_CURVE ( 'NONE', #286, #4438, #332, .T. ) ;
#5079 = DIRECTION ( 'NONE',  ( 0.000000000000000000, 0.9989728343450318127, 0.04531309127232183154 ) ) ;
#5080 = ORIENTED_EDGE ( 'NONE', *, *, #4398, .F. ) ;
#5081 = STYLED_ITEM ( 'NONE', ( #2151 ), #4940 ) ;
#5082 = SURFACE_SIDE_STYLE ('',( #1101 ) ) ;
#5083 = ADVANCED_FACE ( 'NONE', ( #5155 ), #489, .F. ) ;
#5084 = ORIENTED_EDGE ( 'NONE', *, *, #1396, .F. ) ;
#5085 = COLOUR_RGB ( '',0.8941176470588234615, 0.9137254901960784048, 0.9294117647058823817 ) ;
#5086 = COLOUR_RGB ( '',1.000000000000000000, 1.000000000000000000, 1.000000000000000000 ) ;
#5087 = SURFACE_SIDE_STYLE ('',( #672 ) ) ;
#5088 = FILL_AREA_STYLE ('',( #2367 ) ) ;
#5089 = ORIENTED_EDGE ( 'NONE', *, *, #3329, .F. ) ;
#5090 = MECHANICAL_DESIGN_GEOMETRIC_PRESENTATION_REPRESENTATION (  '', ( #2502 ), #3654 ) ;
#5091 = LINE ( 'NONE', #3470, #5054 ) ;
#5092 = VERTEX_POINT ( 'NONE', #4762 ) ;
#5093 = AXIS2_PLACEMENT_3D ( 'NONE', #2036, #3991, #2878 ) ;
#5094 = EDGE_LOOP ( 'NONE', ( #2913, #4737, #2833, #2312 ) ) ;
#5095 =( NAMED_UNIT ( * ) PLANE_ANGLE_UNIT ( ) SI_UNIT ( $, .RADIAN. ) );
#5096 = FACE_OUTER_BOUND ( 'NONE', #4771, .T. ) ;
#5097 = EDGE_CURVE ( 'NONE', #2961, #1763, #4818, .T. ) ;
#5098 = COLOUR_RGB ( '',0.8941176470588234615, 0.9137254901960784048, 0.9294117647058823817 ) ;
#5099 = DIRECTION ( 'NONE',  ( 0.000000000000000000, 0.04531309127232079070, 0.9989728343450319237 ) ) ;
#5100 = AXIS2_PLACEMENT_3D ( 'NONE', #2595, #583, #3731 ) ;
#5101 = VECTOR ( 'NONE', #5115, 1000.000000000000227 ) ;
#5102 = SURFACE_STYLE_FILL_AREA ( #635 ) ;
#5103 = CARTESIAN_POINT ( 'NONE',  ( -2.020000000000000018, 1.374531309127232204, 3.765413294914671027 ) ) ;
#5105 = DIRECTION ( 'NONE',  ( -0.000000000000000000, -0.04531309127232079070, 0.9989728343450319237 ) ) ;
#5104 =( GEOMETRIC_REPRESENTATION_CONTEXT ( 3 ) GLOBAL_UNCERTAINTY_ASSIGNED_CONTEXT ( ( #2596 ) ) GLOBAL_UNIT_ASSIGNED_CONTEXT ( ( #2548, #2783, #3620 ) ) REPRESENTATION_CONTEXT ( 'NONE', 'WORKASPACE' ) );
#5106 = ORIENTED_EDGE ( 'NONE', *, *, #3472, .T. ) ;
#5107 =( GEOMETRIC_REPRESENTATION_CONTEXT ( 3 ) GLOBAL_UNCERTAINTY_ASSIGNED_CONTEXT ( ( #285 ) ) GLOBAL_UNIT_ASSIGNED_CONTEXT ( ( #1717, #2091, #2436 ) ) REPRESENTATION_CONTEXT ( 'NONE', 'WORKASPACE' ) );
#5108 = EDGE_CURVE ( 'NONE', #366, #18, #1182, .T. ) ;
#5109 = VECTOR ( 'NONE', #3660, 1000.000000000000227 ) ;
#5110 = UNCERTAINTY_MEASURE_WITH_UNIT (LENGTH_MEASURE( 1.000000000000000082E-05 ), #3867, 'distance_accuracy_value', 'NONE');
#5111 = ORIENTED_EDGE ( 'NONE', *, *, #1970, .T. ) ;
#5112 = EDGE_LOOP ( 'NONE', ( #2494, #4281, #7, #259, #3775, #2557, #4553, #4815 ) ) ;
#5113 = MECHANICAL_DESIGN_GEOMETRIC_PRESENTATION_REPRESENTATION (  '', ( #4442 ), #600 ) ;
#5114 = CARTESIAN_POINT ( 'NONE',  ( -2.020000000000000018, 1.369999999999999885, -3.665516011480168146 ) ) ;
#5115 = DIRECTION ( 'NONE',  ( -0.000000000000000000, -0.9989728343450317016, 0.04531309127232078376 ) ) ;
#5116 = FILL_AREA_STYLE_COLOUR ( '', #321 ) ;
#5117 = VECTOR ( 'NONE', #4489, 1000.000000000000000 ) ;
#5118 = LINE ( 'NONE', #3055, #2250 ) ;
#5119 = ORIENTED_EDGE ( 'NONE', *, *, #4873, .T. ) ;
#5120 = ORIENTED_EDGE ( 'NONE', *, *, #2950, .F. ) ;
#5121 = CARTESIAN_POINT ( 'NONE',  ( 2.020000000000000018, 1.370000000000000107, -3.665516011480168146 ) ) ;
#5122 = STYLED_ITEM ( 'NONE', ( #4654 ), #1972 ) ;
#5123 = PRESENTATION_LAYER_ASSIGNMENT (  '', '', ( #174 ) ) ;
#5124 =( NAMED_UNIT ( * ) SI_UNIT ( $, .STERADIAN. ) SOLID_ANGLE_UNIT ( ) );
#5125 = LINE ( 'NONE', #3984, #992 ) ;
#5126 = SURFACE_STYLE_FILL_AREA ( #3511 ) ;
#5127 = PRESENTATION_LAYER_ASSIGNMENT (  '', '', ( #3523 ) ) ;
#5128 = DIRECTION ( 'NONE',  ( 0.8658027586716575685, -0.4998714557841987816, -0.02267401086559878154 ) ) ;
#5129 =( NAMED_UNIT ( * ) SI_UNIT ( $, .STERADIAN. ) SOLID_ANGLE_UNIT ( ) );
#5130 =( NAMED_UNIT ( * ) PLANE_ANGLE_UNIT ( ) SI_UNIT ( $, .RADIAN. ) );
#5131 = MECHANICAL_DESIGN_GEOMETRIC_PRESENTATION_REPRESENTATION (  '', ( #2208 ), #3531 ) ;
#5132 = VECTOR ( 'NONE', #849, 1000.000000000000000 ) ;
#5133 = ORIENTED_EDGE ( 'NONE', *, *, #1078, .F. ) ;
#5134 = CARTESIAN_POINT ( 'NONE',  ( -0.7199999999999996403, 3.669999999999999929, 0.1499999999999999667 ) ) ;
#5135 =( LENGTH_UNIT ( ) NAMED_UNIT ( * ) SI_UNIT ( .MILLI., .METRE. ) );
#5136 = ORIENTED_EDGE ( 'NONE', *, *, #4527, .T. ) ;
#5137 = ADVANCED_FACE ( 'NONE', ( #446 ), #380, .F. ) ;
#5138 = LINE ( 'NONE', #1966, #3525 ) ;
#5139 = DIRECTION ( 'NONE',  ( -1.000000000000000000, -0.000000000000000000, -0.000000000000000000 ) ) ;
#5140 = EDGE_CURVE ( 'NONE', #4008, #1166, #3568, .T. ) ;
#5141 = EDGE_CURVE ( 'NONE', #2686, #4799, #836, .T. ) ;
#5142 = FILL_AREA_STYLE_COLOUR ( '', #1022 ) ;
#5143 = EDGE_CURVE ( 'NONE', #82, #4677, #2793, .T. ) ;
#5144 = APPLICATION_CONTEXT ( 'automotive_design' ) ;
#5145 = ORIENTED_EDGE ( 'NONE', *, *, #1986, .F. ) ;
#5146 = DIRECTION ( 'NONE',  ( 1.353860646563606630E-16, 0.9989728343450317016, -0.04531309127232077683 ) ) ;
#5147 = DIRECTION ( 'NONE',  ( 0.8658027586716575685, -0.4998714557841987816, 0.02267401086559878154 ) ) ;
#5148 = DIRECTION ( 'NONE',  ( -1.000000000000000000, -0.000000000000000000, -0.000000000000000000 ) ) ;
#5149 = DIRECTION ( 'NONE',  ( -0.000000000000000000, 0.000000000000000000, 1.000000000000000000 ) ) ;
#5150 = DIRECTION ( 'NONE',  ( -0.8660254037844400399, -0.4999999999999975020, -0.000000000000000000 ) ) ;
#5151 = CARTESIAN_POINT ( 'NONE',  ( 0.5200000000000000178, 1.470000000000000195, -3.665516011480168146 ) ) ;
#5152 = PLANE ( 'NONE',  #4072 ) ;
#5153 = CARTESIAN_POINT ( 'NONE',  ( 1.869999999999999662, 3.370000000000000107, -0.8499999999999999778 ) ) ;
#5154 = UNCERTAINTY_MEASURE_WITH_UNIT (LENGTH_MEASURE( 1.000000000000000082E-05 ), #3119, 'distance_accuracy_value', 'NONE');
#5155 = FACE_OUTER_BOUND ( 'NONE', #2808, .T. ) ;
#5156 = PLANE ( 'NONE',  #2443 ) ;
#5157 = ORIENTED_EDGE ( 'NONE', *, *, #1653, .T. ) ;
#5158 = DIRECTION ( 'NONE',  ( 0.000000000000000000, 0.000000000000000000, 1.000000000000000000 ) ) ;
#5159 = DIRECTION ( 'NONE',  ( -1.355252715606880543E-16, 1.000000000000000000, 0.000000000000000000 ) ) ;
#5160 = UNCERTAINTY_MEASURE_WITH_UNIT (LENGTH_MEASURE( 1.000000000000000082E-05 ), #4142, 'distance_accuracy_value', 'NONE');
#5161 =( LENGTH_UNIT ( ) NAMED_UNIT ( * ) SI_UNIT ( .MILLI., .METRE. ) );
#5162 =( GEOMETRIC_REPRESENTATION_CONTEXT ( 3 ) GLOBAL_UNCERTAINTY_ASSIGNED_CONTEXT ( ( #3049 ) ) GLOBAL_UNIT_ASSIGNED_CONTEXT ( ( #1309, #2584, #462 ) ) REPRESENTATION_CONTEXT ( 'NONE', 'WORKASPACE' ) );
#5163 = FACE_OUTER_BOUND ( 'NONE', #586, .T. ) ;
#5164 = AXIS2_PLACEMENT_3D ( 'NONE', #3210, #1239, #471 ) ;
#5165 = COLOUR_RGB ( '',1.000000000000000000, 0.1686274509803921684, 0.1686274509803921684 ) ;
#5166 = EDGE_LOOP ( 'NONE', ( #1804, #3621, #3017, #4561 ) ) ;
#5167 = DIRECTION ( 'NONE',  ( -0.000000000000000000, 1.000000000000000000, -0.000000000000000000 ) ) ;
#5168 = EDGE_CURVE ( 'NONE', #1987, #2047, #66, .T. ) ;
#5169 = AXIS2_PLACEMENT_3D ( 'NONE', #720, #5139, #1082 ) ;
#5170 = CARTESIAN_POINT ( 'NONE',  ( -0.5200000000000000178, 1.369999999999999885, 3.665516011480168146 ) ) ;
#5171 = ORIENTED_EDGE ( 'NONE', *, *, #2675, .T. ) ;
#5172 = DIRECTION ( 'NONE',  ( 1.000000000000000000, 0.000000000000000000, 0.000000000000000000 ) ) ;
#5173 = MECHANICAL_DESIGN_GEOMETRIC_PRESENTATION_REPRESENTATION (  '', ( #750 ), #3996 ) ;
#5174 = CARTESIAN_POINT ( 'NONE',  ( 3.274999999999999911, 1.719999999999999973, -2.928844164890265223 ) ) ;
#5175 = EDGE_CURVE ( 'NONE', #3779, #3023, #995, .T. ) ;
#5176 = DIRECTION ( 'NONE',  ( 0.000000000000000000, -0.9989728343450318127, 0.04531309127232183154 ) ) ;
#5177 = VECTOR ( 'NONE', #2311, 1000.000000000000000 ) ;
#5178 = SURFACE_STYLE_USAGE ( .BOTH. , #1177 ) ;
#5179 = FILL_AREA_STYLE ('',( #3567 ) ) ;
#5180 = ORIENTED_EDGE ( 'NONE', *, *, #4075, .F. ) ;
#5181 = VECTOR ( 'NONE', #4719, 1000.000000000000000 ) ;
#5182 =( NAMED_UNIT ( * ) PLANE_ANGLE_UNIT ( ) SI_UNIT ( $, .RADIAN. ) );
#5183 = AXIS2_PLACEMENT_3D ( 'NONE', #4907, #234, #981 ) ;
#5184 = CARTESIAN_POINT ( 'NONE',  ( 1.270000000000000018, -3.799999999999999822, 4.000128395706870954 ) ) ;
#5185 = ORIENTED_EDGE ( 'NONE', *, *, #3329, .T. ) ;
#5186 = ORIENTED_EDGE ( 'NONE', *, *, #4526, .T. ) ;
#5187 = MECHANICAL_DESIGN_GEOMETRIC_PRESENTATION_REPRESENTATION (  '', ( #3579 ), #5104 ) ;
#5188 = VECTOR ( 'NONE', #375, 1000.000000000000000 ) ;
#5189 = ADVANCED_FACE ( 'NONE', ( #2885 ), #3726, .T. ) ;
ENDSEC;
END-ISO-10303-21;
